2001-09-17	00:00	93.88	95.84	92.53	93.32	3400
2001-09-18	00:00	93.98	96.73	93.66	96.38	4169
2001-09-19	00:00	96.38	96.83	92.43	95.98	5771
2001-09-20	00:00	94.08	95.73	92.83	93.38	4016
2001-09-21	00:00	90.58	93.48	89.48	90.48	4840
2001-09-24	00:00	91.78	95.52	91.78	94.78	5052
2001-09-25	00:00	94.08	95.98	93.39	94.43	3656
2001-09-26	00:00	94.43	94.43	90.28	91.28	4773
2001-09-27	00:00	91.28	91.48	87.47	89.98	5345
2001-09-28	00:00	90.18	92.69	89.88	91.70	3323
2001-10-01	00:00	91.70	93.46	91.32	92.69	2339
2001-10-02	00:00	92.28	93.88	92.08	93.75	2544
2001-10-03	00:00	92.88	97.60	92.38	96.93	6769
2001-10-04	00:00	97.13	98.86	96.78	97.29	2256
2001-10-05	00:00	96.63	98.43	95.35	98.00	4008
2001-10-08	00:00	98.01	98.98	96.73	98.48	3099
2001-10-09	00:00	98.48	98.48	96.74	97.12	1786
2001-10-10	00:00	94.98	97.28	94.88	97.23	2435
2001-10-11	00:00	97.68	99.38	96.48	99.38	3371
2001-10-12	00:00	98.68	100.98	97.98	100.82	3419
2001-10-15	00:00	99.83	102.74	99.83	101.98	3785
2001-10-16	00:00	101.85	102.98	99.64	101.83	3485
2001-10-17	00:00	106.28	106.68	102.88	102.88	3750
2001-10-18	00:00	103.03	103.73	100.76	101.24	3454
2001-10-19	00:00	101.63	102.72	100.05	102.63	3370
2001-10-22	00:00	102.63	105.76	101.88	105.23	4277
2001-10-23	00:00	105.73	106.67	104.53	105.79	2385
2001-10-24	00:00	106.48	108.73	106.07	108.55	3105
2001-10-25	00:00	108.03	110.83	106.73	110.64	3864
2001-10-26	00:00	109.98	112.08	109.60	111.14	2664
2001-10-29	00:00	110.48	110.68	108.60	108.60	2918
2001-10-30	00:00	107.78	109.73	107.74	108.63	2576
2001-10-31	00:00	109.58	111.10	108.05	108.05	3486
2001-11-01	00:00	107.23	110.15	106.88	109.87	3994
2001-11-02	00:00	109.13	110.28	108.75	109.48	1744
2001-11-05	00:00	109.93	110.57	109.06	109.95	2063
2001-11-06	00:00	109.58	114.78	108.98	113.59	6656
2001-11-07	00:00	113.03	115.18	113.01	113.83	2267
2001-11-08	00:00	113.94	115.54	113.59	113.79	1961
2001-11-09	00:00	113.08	114.88	113.08	114.06	2040
2001-11-12	00:00	112.98	114.88	112.03	114.84	3512
2001-11-13	00:00	115.68	116.98	115.68	116.68	1440
2001-11-14	00:00	116.68	116.83	113.31	114.33	4636
2001-11-15	00:00	114.08	116.31	113.82	114.73	2496
2001-11-16	00:00	114.98	114.98	112.53	114.48	3412
2001-11-19	00:00	114.68	115.78	113.75	114.98	2239
2001-11-20	00:00	114.33	116.78	114.23	115.42	2415
2001-11-21	00:00	114.93	115.23	113.03	114.32	2553
2001-11-23	00:00	114.27	115.35	113.70	115.33	2195
2001-11-26	00:00	115.88	116.38	115.18	116.31	1440
2001-11-27	00:00	116.23	116.28	114.05	114.18	2567
2001-11-28	00:00	114.08	114.36	112.08	112.13	2876
2001-11-29	00:00	112.88	114.53	111.79	114.41	3869
2001-11-30	00:00	114.41	115.92	113.78	115.57	2711
2001-12-03	00:00	114.78	114.83	113.19	114.11	2317
2001-12-04	00:00	114.28	116.70	113.36	116.62	4661
2001-12-05	00:00	116.83	121.96	116.63	121.38	6984
2001-12-06	00:00	120.48	121.68	119.78	120.12	2078
2001-12-07	00:00	119.48	120.98	118.73	120.38	2398
2001-12-10	00:00	119.98	120.98	119.39	119.64	1674
2001-12-11	00:00	120.38	122.72	119.78	121.48	3470
2001-12-12	00:00	121.10	123.19	120.04	123.18	3734
2001-12-13	00:00	121.53	122.28	120.10	120.23	2509
2001-12-14	00:00	120.78	121.46	119.39	121.08	2492
2001-12-17	00:00	120.13	122.12	120.13	121.32	2379
2001-12-18	00:00	121.49	122.95	121.33	122.18	1968
2001-12-19	00:00	121.88	124.68	120.99	123.87	4457
2001-12-20	00:00	123.87	123.98	122.13	122.68	1888
2001-12-21	00:00	122.68	123.48	121.69	121.98	2439
2001-12-24	00:00	122.03	122.46	121.08	121.43	1872
2001-12-26	00:00	121.98	123.68	121.79	122.38	2211
2001-12-27	00:00	122.73	123.91	122.62	123.48	1805
2001-12-28	00:00	123.48	123.86	122.33	122.88	1460
2001-12-31	00:00	122.73	123.22	120.93	120.94	2230
2002-01-02	00:00	120.58	121.48	119.78	121.48	2250
2002-01-03	00:00	121.48	124.20	120.23	123.64	4531
2002-01-04	00:00	124.03	125.58	123.96	125.58	1850
2002-01-07	00:00	124.98	126.17	123.68	124.03	3484
2002-01-08	00:00	124.23	125.18	123.71	124.68	1746
2002-01-09	00:00	124.68	126.37	124.13	124.47	2471
2002-01-10	00:00	123.73	123.98	121.40	122.12	2834
2002-01-11	00:00	121.48	122.16	120.26	120.29	2601
2002-01-14	00:00	119.98	120.07	117.08	118.03	3744
2002-01-15	00:00	118.03	119.68	117.70	118.83	2496
2002-01-16	00:00	117.98	118.73	117.23	117.38	2011
2002-01-17	00:00	119.83	120.53	117.24	119.88	3560
2002-01-18	00:00	114.23	114.88	112.79	114.23	2706
2002-01-22	00:00	114.23	114.24	110.31	110.48	5066
2002-01-23	00:00	110.78	111.23	106.98	107.88	5202
2002-01-24	00:00	108.78	109.71	107.05	108.70	3066
2002-01-25	00:00	108.48	110.67	108.08	109.26	2569
2002-01-28	00:00	109.48	110.19	107.04	108.13	3148
2002-01-29	00:00	108.13	108.54	102.39	102.98	8541
2002-01-30	00:00	104.23	105.73	100.98	105.53	6483
2002-01-31	00:00	106.38	107.96	104.44	107.87	4796
2002-02-01	00:00	107.62	109.28	106.62	107.98	2629
2002-02-04	00:00	107.98	107.98	105.97	106.78	2743
2002-02-05	00:00	106.23	108.48	105.98	106.28	2644
2002-02-06	00:00	106.68	107.80	105.31	106.61	3041
2002-02-07	00:00	106.62	106.98	103.84	103.89	3520
2002-02-08	00:00	102.98	105.70	102.59	104.97	4058
2002-02-11	00:00	104.98	107.67	104.49	107.36	4261
2002-02-12	00:00	106.73	107.87	106.04	106.55	2222
2002-02-13	00:00	106.68	108.46	106.10	108.05	3278
2002-02-14	00:00	108.98	109.13	107.18	107.87	2621
2002-02-15	00:00	104.78	104.78	101.68	102.87	3624
2002-02-19	00:00	101.48	101.78	98.84	101.28	3676
2002-02-20	00:00	99.52	99.98	96.98	99.29	4141
2002-02-21	00:00	98.73	99.68	95.99	96.36	5006
2002-02-22	00:00	96.36	99.18	95.74	98.43	4154
2002-02-25	00:00	98.43	99.23	97.10	98.28	2557
2002-02-26	00:00	98.98	99.17	95.97	97.13	4243
2002-02-27	00:00	98.08	100.29	96.68	97.81	4762
2002-02-28	00:00	98.47	99.58	97.80	98.10	2453
2002-03-01	00:00	98.58	103.08	98.48	103.00	6266
2002-03-04	00:00	103.33	106.51	103.11	105.88	4167
2002-03-05	00:00	104.23	106.48	104.14	105.65	3152
2002-03-06	00:00	105.13	107.07	104.73	106.28	3052
2002-03-07	00:00	107.28	107.48	103.22	103.69	5441
2002-03-08	00:00	104.80	107.32	104.80	105.07	2655
2002-03-11	00:00	104.33	105.95	103.58	105.22	3157
2002-03-12	00:00	105.50	108.83	105.49	108.48	4443
2002-03-13	00:00	108.28	108.63	106.68	107.16	2355
2002-03-14	00:00	107.00	107.93	106.57	106.58	1568
2002-03-15	00:00	106.53	107.43	105.57	106.77	2426
2002-03-18	00:00	107.08	108.62	106.21	106.33	2676
2002-03-19	00:00	106.83	108.03	106.47	107.47	1476
2002-03-20	00:00	106.88	106.88	105.47	105.48	1440
2002-03-21	00:00	105.68	106.76	104.68	106.76	2129
2002-03-22	00:00	106.48	106.68	105.05	105.58	2081
2002-03-25	00:00	105.78	106.64	103.48	103.54	3766
2002-03-26	00:00	103.55	105.68	102.28	102.88	3477
2002-03-27	00:00	103.73	103.77	102.48	103.37	1450
2002-03-28	00:00	103.53	105.12	103.37	103.98	1761
2002-04-01	00:00	103.98	103.98	102.38	102.84	1941
2002-04-02	00:00	101.98	101.99	100.49	100.93	1761
2002-04-03	00:00	101.38	101.48	98.88	99.94	2851
2002-04-04	00:00	99.94	101.12	99.48	100.82	2100
2002-04-05	00:00	100.82	101.23	97.23	97.23	5312
2002-04-08	00:00	87.48	88.57	85.33	87.39	3591
2002-04-09	00:00	88.48	88.50	87.08	87.72	1774
2002-04-10	00:00	88.43	89.93	88.18	88.99	2324
2002-04-11	00:00	88.03	88.49	83.32	84.17	6944
2002-04-12	00:00	87.54	87.94	84.38	85.58	3411
2002-04-15	00:00	86.48	86.58	84.68	85.33	2600
2002-04-16	00:00	86.33	86.83	85.56	86.18	1440
2002-04-17	00:00	87.03	87.18	83.98	84.79	3493
2002-04-18	00:00	86.95	89.08	86.88	88.93	2110
2002-04-19	00:00	89.88	90.01	87.58	88.98	2297
2002-04-22	00:00	88.93	88.93	87.34	87.91	1720
2002-04-23	00:00	88.33	89.06	87.22	87.31	1945
2002-04-24	00:00	88.18	88.23	86.25	86.48	1985
2002-04-25	00:00	86.03	86.90	85.75	86.69	1440
2002-04-26	00:00	86.68	86.94	84.68	84.69	2509
2002-04-29	00:00	84.69	85.08	83.53	83.87	1870
2002-04-30	00:00	83.89	85.21	83.51	83.74	2363
2002-05-01	00:00	83.83	84.63	81.65	84.28	3207
2002-05-02	00:00	83.73	84.78	83.11	83.84	1683
2002-05-03	00:00	83.08	83.48	81.09	81.76	2458
2002-05-06	00:00	81.68	81.85	75.98	75.98	6877
2002-05-07	00:00	76.87	77.48	75.90	76.48	1850
2002-05-08	00:00	78.18	82.78	78.18	82.43	5489
2002-05-09	00:00	81.88	82.98	78.98	79.91	5196
2002-05-10	00:00	79.93	80.48	79.23	79.66	1440
2002-05-13	00:00	80.23	82.27	79.48	82.17	2672
2002-05-14	00:00	84.48	85.46	82.17	85.46	3675
2002-05-15	00:00	84.58	86.47	84.03	84.48	2805
2002-05-16	00:00	84.18	85.98	83.38	85.43	3271
2002-05-17	00:00	86.23	86.38	84.98	85.67	1556
2002-05-20	00:00	85.43	85.44	83.91	84.43	1743
2002-05-21	00:00	84.39	84.98	83.28	83.43	1826
2002-05-22	00:00	83.74	84.37	82.72	83.98	1672
2002-05-23	00:00	84.23	85.03	82.50	84.33	3510
2002-05-24	00:00	83.63	83.73	82.60	83.08	1440
2002-05-28	00:00	82.78	83.09	81.67	82.06	1740
2002-05-29	00:00	81.48	81.98	80.98	81.58	1440
2002-05-30	00:00	80.58	82.23	80.20	82.23	2843
2002-05-31	00:00	82.03	82.03	80.38	80.43	1966
2002-06-03	00:00	80.73	80.89	77.98	78.09	3478
2002-06-04	00:00	78.09	79.63	77.58	79.29	2394
2002-06-05	00:00	79.63	80.69	79.09	80.53	1539
2002-06-06	00:00	80.53	80.93	78.87	79.64	2884
2002-06-07	00:00	78.46	78.83	76.98	78.28	1843
2002-06-10	00:00	77.73	78.78	76.58	76.78	2986
2002-06-11	00:00	77.83	78.23	75.18	75.47	3539
2002-06-12	00:00	75.38	75.93	73.23	74.63	3059
2002-06-13	00:00	75.43	77.38	75.28	75.58	2617
2002-06-14	00:00	74.18	76.75	73.23	76.15	3349
2002-06-17	00:00	76.16	77.73	75.14	77.12	3145
2002-06-18	00:00	75.58	76.88	75.45	75.92	1773
2002-06-19	00:00	74.18	75.18	73.23	73.33	2022
2002-06-20	00:00	73.98	74.07	71.41	71.56	2748
2002-06-21	00:00	69.98	70.97	68.17	68.73	3335
2002-06-24	00:00	67.23	71.47	67.23	69.68	4647
2002-06-25	00:00	70.28	71.43	68.39	68.58	4114
2002-06-26	00:00	66.08	70.57	66.08	70.03	4447
2002-06-27	00:00	71.18	72.13	69.08	71.88	2948
2002-06-28	00:00	71.33	73.60	71.23	71.98	2991
2002-07-01	00:00	71.99	72.39	67.14	67.58	4943
2002-07-02	00:00	67.83	69.38	67.68	68.56	2028
2002-07-03	00:00	67.93	70.69	67.85	70.49	3809
2002-07-05	00:00	72.43	73.88	71.98	73.48	2373
2002-07-08	00:00	72.98	73.46	71.01	71.28	3097
2002-07-09	00:00	71.38	72.23	69.43	69.65	3421
2002-07-10	00:00	70.58	71.23	68.51	68.74	2581
2002-07-11	00:00	67.98	69.73	67.53	69.39	2171
2002-07-12	00:00	69.98	71.72	68.78	69.19	3019
2002-07-15	00:00	68.38	70.98	66.58	70.98	4487
2002-07-16	00:00	69.49	71.37	68.46	68.99	3786
2002-07-17	00:00	70.98	71.58	69.60	70.67	2374
2002-07-18	00:00	70.48	74.18	69.98	72.03	5876
2002-07-19	00:00	70.94	72.68	69.98	71.98	3512
2002-07-22	00:00	71.23	72.17	68.29	68.48	4738
2002-07-23	00:00	68.23	69.98	66.64	67.03	4254
2002-07-24	00:00	65.98	69.98	65.68	69.52	4965
2002-07-25	00:00	68.88	69.98	67.28	69.33	3192
2002-07-26	00:00	68.73	69.45	65.74	66.38	4234
2002-07-29	00:00	70.35	71.38	67.98	71.16	4611
2002-07-30	00:00	70.48	72.68	70.00	71.77	3425
2002-07-31	00:00	70.73	71.58	69.09	70.38	3082
2002-08-01	00:00	70.38	70.68	67.20	68.23	4470
2002-08-02	00:00	68.19	68.21	67.10	67.86	1440
2002-08-05	00:00	67.92	68.33	65.83	65.97	2465
2002-08-06	00:00	66.98	69.40	66.59	67.88	3608
2002-08-07	00:00	68.98	69.88	66.78	69.15	3228
2002-08-08	00:00	69.18	72.03	68.33	71.59	3625
2002-08-09	00:00	70.59	74.28	70.38	71.81	4800
2002-08-12	00:00	71.03	72.62	70.59	71.75	2503
2002-08-13	00:00	71.53	73.78	71.17	71.88	3056
2002-08-14	00:00	71.93	75.00	71.33	74.90	4293
2002-08-15	00:00	75.38	76.69	74.58	76.48	2944
2002-08-16	00:00	76.48	79.96	75.96	79.33	4310
2002-08-19	00:00	79.33	82.83	78.99	82.47	4555
2002-08-20	00:00	81.54	81.98	80.16	81.25	1727
2002-08-21	00:00	81.88	82.31	79.53	80.98	3440
2002-08-22	00:00	80.93	82.43	80.18	81.97	2534
2002-08-23	00:00	81.18	81.46	79.33	80.38	2295
2002-08-26	00:00	80.38	80.87	77.78	79.40	3661
2002-08-27	00:00	80.38	80.42	77.28	77.94	4234
2002-08-28	00:00	75.98	76.99	75.65	76.04	1502
2002-08-29	00:00	75.58	77.33	75.13	76.60	2307
2002-08-30	00:00	75.53	76.33	75.08	75.36	1463
2002-09-03	00:00	74.18	74.98	72.28	72.33	2872
2002-09-04	00:00	72.33	73.97	71.58	73.71	2292
2002-09-05	00:00	72.72	72.83	71.48	72.16	1691
2002-09-06	00:00	73.73	73.97	73.05	73.18	1440
2002-09-09	00:00	72.43	74.96	71.83	74.48	3827
2002-09-10	00:00	74.58	75.58	73.83	75.58	2332
2002-09-11	00:00	76.38	77.48	74.04	74.18	4654
2002-09-12	00:00	74.03	74.03	71.62	71.85	2684
2002-09-13	00:00	71.48	72.86	71.29	72.48	1987
2002-09-16	00:00	71.98	72.70	71.21	72.30	1528
2002-09-17	00:00	72.98	73.43	71.33	71.73	2936
2002-09-18	00:00	70.63	70.88	68.84	69.53	2284
2002-09-19	00:00	64.78	66.46	64.63	64.78	2415
2002-09-20	00:00	65.38	65.38	63.88	63.90	1722
2002-09-23	00:00	63.73	63.73	62.35	63.35	1666
2002-09-24	00:00	61.06	63.28	59.53	59.73	5215
2002-09-25	00:00	61.18	63.75	60.97	62.99	3118
2002-09-26	00:00	64.18	64.86	61.31	62.00	4898
2002-09-27	00:00	61.41	63.47	60.29	60.34	3708
2002-09-30	00:00	59.53	59.87	57.97	58.29	2300
2002-10-01	00:00	59.18	61.96	58.97	61.15	3776
2002-10-02	00:00	61.16	61.98	58.33	59.61	3909
2002-10-03	00:00	60.28	61.14	58.93	59.98	2691
2002-10-04	00:00	59.48	59.49	55.75	56.58	4722
2002-10-07	00:00	56.58	58.48	56.58	56.84	2007
2002-10-08	00:00	57.76	58.07	54.78	57.03	4001
2002-10-09	00:00	56.03	56.68	54.79	55.05	1853
2002-10-10	00:00	54.63	58.46	53.99	57.56	4342
2002-10-11	00:00	61.98	63.90	61.48	63.90	2537
2002-10-14	00:00	61.52	63.78	61.52	63.40	3098
2002-10-15	00:00	67.73	68.46	66.56	68.46	1808
2002-10-16	00:00	66.58	66.98	64.22	64.88	3045
2002-10-17	00:00	72.78	72.98	71.21	72.18	2007
2002-10-18	00:00	71.71	74.23	70.24	74.23	4232
2002-10-21	00:00	73.63	75.88	72.92	75.53	3009
2002-10-22	00:00	74.48	75.66	73.60	74.47	1999
2002-10-23	00:00	74.38	74.95	72.44	74.58	2457
2002-10-24	00:00	75.48	75.53	71.73	72.08	4960
2002-10-25	00:00	72.48	74.60	72.14	74.54	2880
2002-10-28	00:00	75.13	77.48	74.54	76.54	3866
2002-10-29	00:00	76.54	77.03	74.18	76.72	3676
2002-10-30	00:00	76.98	79.38	76.00	78.65	3375
2002-10-31	00:00	78.65	79.77	78.48	78.92	1712
2002-11-01	00:00	78.88	80.48	78.30	80.38	2865
2002-11-04	00:00	81.97	83.79	81.68	82.48	2313
2002-11-05	00:00	81.73	81.99	80.45	81.66	1561
2002-11-06	00:00	80.78	81.86	80.03	81.52	1912
2002-11-07	00:00	79.98	79.98	78.30	78.93	1742
2002-11-08	00:00	78.48	79.27	77.18	77.57	2793
2002-11-11	00:00	77.57	78.34	76.68	77.27	1825
2002-11-12	00:00	77.48	79.88	77.28	79.13	2615
2002-11-13	00:00	79.48	80.31	77.96	79.33	3247
2002-11-14	00:00	80.36	80.97	79.38	80.70	2172
2002-11-15	00:00	80.36	80.38	78.99	79.99	1747
2002-11-18	00:00	80.78	80.97	79.06	79.16	2516
2002-11-19	00:00	78.22	79.43	77.82	78.35	2267
2002-11-20	00:00	77.93	81.69	77.88	81.59	4395
2002-11-21	00:00	82.03	84.90	82.03	84.88	4007
2002-11-22	00:00	83.93	85.15	83.78	84.41	1440
2002-11-25	00:00	85.81	85.89	84.33	84.94	1476
2002-11-26	00:00	86.13	86.13	84.39	85.04	2809
2002-11-27	00:00	85.88	88.07	85.85	87.68	3802
2002-11-29	00:00	87.69	88.01	86.76	86.92	1000
2002-12-02	00:00	88.58	89.42	86.30	87.28	3848
2002-12-03	00:00	86.70	86.99	85.15	85.19	3093
2002-12-04	00:00	83.39	84.82	82.82	83.68	3860
2002-12-05	00:00	84.88	84.94	82.60	83.04	3264
2002-12-06	00:00	81.48	82.71	81.07	82.30	2646
2002-12-09	00:00	80.98	81.29	79.50	79.57	3027
2002-12-10	00:00	78.60	80.96	78.60	80.78	3781
2002-12-11	00:00	80.78	82.44	79.99	81.42	3785
2002-12-12	00:00	81.23	81.65	79.70	80.15	3049
2002-12-13	00:00	79.23	79.98	78.27	79.98	3643
2002-12-16	00:00	79.58	81.75	79.05	81.60	3051
2002-12-17	00:00	80.58	81.73	80.03	80.29	2997
2002-12-18	00:00	79.23	79.65	78.24	79.11	2842
2002-12-19	00:00	78.60	80.30	78.35	78.64	4333
2002-12-20	00:00	79.38	79.96	79.10	79.77	2148
2002-12-23	00:00	79.73	81.46	79.44	80.24	3425
2002-12-24	00:00	80.18	80.70	79.76	79.76	939
2002-12-26	00:00	79.79	80.66	78.26	78.48	3035
2002-12-27	00:00	78.48	79.14	76.61	77.34	3056
2002-12-30	00:00	76.98	77.39	75.60	76.24	5210
2002-12-31	00:00	77.10	78.42	77.10	77.48	3220
2003-01-02	00:00	78.78	80.55	78.19	80.55	2932
2003-01-03	00:00	80.68	81.63	80.21	81.63	2963
2003-01-06	00:00	81.88	84.55	81.81	83.57	3198
2003-01-07	00:00	83.93	86.14	83.75	85.98	3488
2003-01-08	00:00	85.53	85.65	84.07	84.17	2143
2003-01-09	00:00	84.75	86.98	84.75	86.98	3180
2003-01-10	00:00	85.83	88.00	85.70	87.66	4317
2003-01-13	00:00	88.29	88.90	87.35	87.49	2720
2003-01-14	00:00	87.49	88.56	87.22	88.56	2913
2003-01-15	00:00	88.56	88.61	86.95	87.57	2834
2003-01-16	00:00	87.38	87.67	85.38	86.03	2462
2003-01-17	00:00	83.72	83.72	81.18	81.28	2792
2003-01-21	00:00	81.28	81.81	80.50	80.52	2869
2003-01-22	00:00	79.98	80.73	79.39	79.68	2486
2003-01-23	00:00	80.13	81.32	79.80	81.03	2904
2003-01-24	00:00	80.58	80.69	78.82	78.97	2816
2003-01-27	00:00	77.98	79.46	77.61	78.40	3706
2003-01-28	00:00	78.48	80.43	78.36	80.09	3006
2003-01-29	00:00	79.48	80.66	78.57	80.30	3766
2003-01-30	00:00	80.31	80.60	78.30	78.30	2742
2003-01-31	00:00	77.68	78.30	77.02	78.18	3293
2003-02-03	00:00	78.18	78.83	77.75	78.16	2559
2003-02-04	00:00	76.98	77.11	76.25	77.07	2359
2003-02-05	00:00	77.83	78.86	76.87	77.24	2831
2003-02-06	00:00	77.09	78.16	76.51	77.49	3351
2003-02-07	00:00	77.95	78.11	76.61	77.08	2340
2003-02-10	00:00	77.08	77.98	76.45	77.89	2703
2003-02-11	00:00	78.28	78.93	77.31	77.37	2348
2003-02-12	00:00	77.48	78.05	76.50	76.50	2721
2003-02-13	00:00	76.08	76.31	74.31	75.84	3453
2003-02-14	00:00	76.38	77.43	75.35	77.43	2985
2003-02-18	00:00	78.00	79.46	77.91	79.31	2698
2003-02-19	00:00	79.06	79.66	78.82	79.49	1763
2003-02-20	00:00	79.55	80.01	78.69	78.97	2583
2003-02-21	00:00	79.14	79.97	78.14	79.95	3303
2003-02-24	00:00	79.93	79.93	78.57	78.93	2593
2003-02-25	00:00	77.88	79.35	76.88	79.12	3640
2003-02-26	00:00	78.80	79.03	77.28	77.28	3274
2003-02-27	00:00	77.92	78.57	76.73	77.23	3793
2003-02-28	00:00	78.13	78.45	77.60	77.88	2554
2003-03-03	00:00	78.80	78.98	77.10	77.32	2734
2003-03-04	00:00	77.19	77.47	76.51	76.61	2489
2003-03-05	00:00	76.67	77.69	76.23	77.68	4459
2003-03-06	00:00	76.91	77.76	76.68	77.13	2823
2003-03-07	00:00	75.70	77.87	75.70	77.74	3608
2003-03-10	00:00	77.43	77.43	75.48	75.66	2641
2003-03-11	00:00	75.73	76.31	75.18	75.22	2624
2003-03-12	00:00	75.23	75.61	73.15	75.09	4113
2003-03-13	00:00	76.04	78.66	75.29	78.45	3588
2003-03-14	00:00	78.42	79.46	78.09	79.04	3957
2003-03-17	00:00	78.08	82.65	77.82	82.55	5047
2003-03-18	00:00	82.19	83.48	81.47	82.48	4707
2003-03-19	00:00	82.07	82.48	81.06	82.04	3701
2003-03-20	00:00	81.12	82.47	80.62	82.13	3026
2003-03-21	00:00	82.74	84.61	82.74	84.39	3201
2003-03-24	00:00	84.45	84.45	82.21	82.30	3544
2003-03-25	00:00	81.98	83.98	81.72	83.47	3982
2003-03-26	00:00	82.98	83.23	81.16	81.50	3496
2003-03-27	00:00	81.23	82.31	80.51	81.45	3814
2003-03-28	00:00	80.98	81.97	80.48	80.82	3497
2003-03-31	00:00	79.24	79.53	78.40	78.62	1572
2003-04-01	00:00	78.31	79.54	78.21	79.18	2149
2003-04-02	00:00	80.13	81.95	80.13	81.80	2098
2003-04-03	00:00	82.30	82.96	81.69	82.86	1798
2003-04-04	00:00	82.33	82.48	80.03	80.25	2855
2003-04-07	00:00	82.23	82.35	80.23	80.36	2855
2003-04-08	00:00	80.60	80.65	78.45	79.95	4624
2003-04-09	00:00	79.93	80.72	78.61	78.73	3762
2003-04-10	00:00	79.08	79.23	78.11	79.03	3463
2003-04-11	00:00	79.92	80.62	78.44	78.66	3590
2003-04-14	00:00	78.48	79.98	78.14	79.90	3044
2003-04-15	00:00	80.05	82.83	79.69	82.73	4953
2003-04-16	00:00	83.36	84.38	82.72	82.92	3602
2003-04-17	00:00	82.86	84.38	82.12	84.23	3129
2003-04-21	00:00	84.22	84.49	83.08	83.32	3098
2003-04-22	00:00	82.58	86.04	82.58	85.72	3818
2003-04-23	00:00	85.22	85.95	84.94	85.67	2864
2003-04-24	00:00	84.64	85.68	84.61	85.19	3537
2003-04-25	00:00	85.19	85.26	83.84	83.93	3020
2003-04-28	00:00	84.03	85.48	83.60	85.15	2755
2003-04-29	00:00	85.32	86.47	84.95	85.64	4195
2003-04-30	00:00	85.46	85.56	84.66	84.86	3056
2003-05-01	00:00	85.28	86.21	84.45	85.81	4192
2003-05-02	00:00	84.93	87.47	84.93	87.35	3716
2003-05-05	00:00	87.18	87.98	86.55	86.59	3023
2003-05-06	00:00	86.15	88.21	86.14	87.38	2320
2003-05-07	00:00	86.79	87.78	86.48	86.74	2716
2003-05-08	00:00	86.63	86.77	85.73	86.08	2714
2003-05-09	00:00	86.88	87.68	86.38	87.53	2505
2003-05-12	00:00	87.54	89.23	87.08	88.92	2597
2003-05-13	00:00	88.76	90.08	88.54	89.89	2032
2003-05-14	00:00	89.98	90.38	88.28	88.78	3506
2003-05-15	00:00	89.48	89.94	88.98	89.85	3120
2003-05-16	00:00	89.65	89.87	88.93	89.02	2445
2003-05-19	00:00	88.03	88.40	86.39	86.46	3113
2003-05-20	00:00	86.56	86.88	84.87	85.90	3897
2003-05-21	00:00	85.76	86.16	85.06	86.12	3659
2003-05-22	00:00	86.23	86.78	85.78	86.13	2718
2003-05-23	00:00	85.73	85.93	85.08	85.31	2119
2003-05-27	00:00	84.88	87.88	84.85	87.67	2418
2003-05-28	00:00	87.58	88.68	87.39	87.63	3192
2003-05-29	00:00	87.69	88.57	87.18	87.33	3703
2003-05-30	00:00	87.43	88.66	87.43	88.03	3197
2003-06-02	00:00	88.88	89.06	87.23	87.29	3075
2003-06-03	00:00	84.17	84.98	83.22	83.86	3784
2003-06-04	00:00	83.98	84.94	83.81	84.28	2708
2003-06-05	00:00	84.23	84.23	81.73	81.98	3123
2003-06-06	00:00	82.23	83.21	79.82	80.03	4210
2003-06-09	00:00	79.98	81.98	79.85	81.90	4123
2003-06-10	00:00	82.78	82.88	81.19	81.78	2478
2003-06-11	00:00	82.78	84.13	82.27	83.94	2221
2003-06-12	00:00	84.74	84.96	83.53	83.95	2534
2003-06-13	00:00	84.13	84.27	82.49	82.78	2931
2003-06-16	00:00	82.90	84.37	82.53	84.37	2508
2003-06-17	00:00	84.68	84.93	83.78	84.20	3491
2003-06-18	00:00	84.13	84.97	83.69	84.67	3308
2003-06-19	00:00	84.87	85.27	84.48	84.58	1970
2003-06-20	00:00	85.05	85.22	84.67	84.89	1557
2003-06-23	00:00	84.77	84.77	82.95	83.24	2160
2003-06-24	00:00	82.97	84.16	82.83	83.67	3849
2003-06-25	00:00	83.53	84.14	82.07	82.49	2936
2003-06-26	00:00	83.22	84.36	83.01	84.24	2966
2003-06-27	00:00	84.13	84.64	83.20	83.43	2740
2003-06-30	00:00	83.90	84.18	82.53	82.54	2902
2003-07-01	00:00	82.53	83.64	81.88	83.56	3225
2003-07-02	00:00	83.95	84.87	83.73	84.69	2171
2003-07-03	00:00	84.23	84.67	83.46	84.00	1836
2003-07-07	00:00	84.86	86.43	84.72	85.98	2849
2003-07-08	00:00	85.98	86.73	85.17	86.23	3726
2003-07-09	00:00	86.08	86.33	84.83	85.33	3019
2003-07-10	00:00	84.73	85.20	83.45	84.05	3253
2003-07-11	00:00	84.08	85.26	84.08	84.91	3230
2003-07-14	00:00	85.88	86.56	85.48	85.52	2676
2003-07-15	00:00	86.05	86.98	85.80	86.29	3372
2003-07-16	00:00	87.01	87.01	85.84	86.90	3335
2003-07-17	00:00	86.73	86.73	82.48	83.20	6188
2003-07-18	00:00	83.68	84.00	83.19	83.61	2608
2003-07-21	00:00	83.41	83.41	82.19	82.53	2353
2003-07-22	00:00	82.48	83.04	81.50	81.92	2616
2003-07-23	00:00	81.98	82.75	81.71	82.33	2722
2003-07-24	00:00	82.89	82.97	81.50	81.53	2231
2003-07-25	00:00	81.58	83.72	81.55	83.53	3182
2003-07-28	00:00	83.65	83.68	82.02	82.44	3411
2003-07-29	00:00	82.53	82.71	81.58	81.85	2678
2003-07-30	00:00	82.28	82.43	80.56	80.94	2850
2003-07-31	00:00	81.79	82.52	81.08	81.13	3739
2003-08-01	00:00	81.13	81.23	80.03	81.15	2675
2003-08-04	00:00	80.78	81.22	80.04	81.00	2777
2003-08-05	00:00	81.03	81.29	79.78	79.83	3013
2003-08-06	00:00	79.68	80.66	78.71	79.73	3281
2003-08-07	00:00	79.67	80.80	79.36	80.63	2874
2003-08-08	00:00	80.93	81.25	80.33	80.82	2762
2003-08-11	00:00	80.85	81.49	80.47	81.00	2387
2003-08-12	00:00	81.38	81.52	80.63	81.48	2272
2003-08-13	00:00	81.63	81.74	80.56	81.08	2732
2003-08-14	00:00	80.98	81.73	80.67	81.53	2405
2003-08-15	00:00	81.78	81.96	81.18	81.66	1854
2003-08-18	00:00	81.99	83.66	81.88	83.53	2810
2003-08-19	00:00	83.73	83.79	82.54	83.26	3127
2003-08-20	00:00	82.78	83.29	82.55	83.11	2005
2003-08-21	00:00	83.28	83.83	82.85	83.02	2351
2003-08-22	00:00	82.84	84.70	82.84	82.96	4274
2003-08-25	00:00	82.83	83.01	81.73	81.99	1991
2003-08-26	00:00	81.60	82.52	81.25	82.46	2018
2003-08-27	00:00	81.98	82.48	81.88	82.04	1618
2003-08-28	00:00	81.98	82.32	81.25	81.91	2260
2003-08-29	00:00	81.93	82.09	81.54	81.98	1562
2003-09-02	00:00	82.34	85.94	82.28	85.77	3866
2003-09-03	00:00	85.98	87.29	85.98	86.34	2953
2003-09-04	00:00	86.28	88.27	85.67	87.89	3005
2003-09-05	00:00	87.63	88.24	86.73	86.95	3157
2003-09-08	00:00	88.53	89.64	88.33	89.09	2340
2003-09-09	00:00	89.18	89.95	88.91	89.35	2219
2003-09-10	00:00	88.88	88.97	87.59	87.83	1830
2003-09-11	00:00	86.76	88.38	86.41	87.86	2747
2003-09-12	00:00	87.37	88.98	87.20	88.68	2383
2003-09-15	00:00	88.68	89.91	88.40	88.48	2741
2003-09-16	00:00	88.57	90.35	88.57	90.20	2266
2003-09-17	00:00	90.38	91.90	90.18	90.62	3358
2003-09-18	00:00	90.64	92.41	90.44	92.02	2628
2003-09-19	00:00	92.43	93.43	92.23	93.21	2291
2003-09-22	00:00	92.22	92.22	90.90	91.36	2545
2003-09-23	00:00	91.48	92.07	90.54	91.22	2541
2003-09-24	00:00	91.06	91.80	89.31	89.42	2904
2003-09-25	00:00	89.48	90.95	89.18	89.38	4266
2003-09-26	00:00	89.50	90.13	89.03	89.14	3336
2003-09-29	00:00	89.23	90.16	89.05	89.48	3070
2003-09-30	00:00	89.18	89.23	87.88	88.34	3161
2003-10-01	00:00	88.73	90.58	88.68	90.24	2585
2003-10-02	00:00	89.53	90.43	89.20	90.01	2853
2003-10-03	00:00	90.98	91.93	90.55	90.69	2787
2003-10-06	00:00	90.72	91.74	90.49	91.10	2332
2003-10-07	00:00	90.48	91.50	90.38	91.48	2943
2003-10-08	00:00	91.98	92.85	91.93	92.56	2483
2003-10-09	00:00	93.28	93.58	92.18	92.43	2225
2003-10-10	00:00	92.38	93.16	92.34	92.73	2189
2003-10-13	00:00	93.09	93.52	92.56	93.09	2196
2003-10-14	00:00	92.63	92.88	92.30	92.70	1768
2003-10-15	00:00	93.88	94.52	92.73	92.78	2600
2003-10-16	00:00	89.25	89.53	88.64	89.18	2348
2003-10-17	00:00	89.26	89.66	88.79	89.24	2060
2003-10-20	00:00	89.33	89.37	88.84	89.00	1372
2003-10-21	00:00	89.23	89.32	88.68	88.87	1480
2003-10-22	00:00	87.26	88.99	87.26	88.43	3277
2003-10-23	00:00	87.58	88.38	87.51	88.20	2411
2003-10-24	00:00	87.98	88.62	87.70	88.37	2537
2003-10-27	00:00	88.78	89.08	88.33	88.48	1667
2003-10-28	00:00	89.03	89.83	88.68	89.75	2153
2003-10-29	00:00	89.58	89.92	89.23	89.40	1533
2003-10-30	00:00	89.98	90.15	89.04	89.17	2439
2003-10-31	00:00	90.69	90.69	89.24	89.24	2691
2003-11-03	00:00	89.88	90.82	89.58	89.68	2083
2003-11-04	00:00	89.63	89.78	88.84	89.06	2242
2003-11-05	00:00	88.50	88.86	87.99	88.41	1670
2003-11-06	00:00	88.31	89.57	87.70	89.26	2107
2003-11-07	00:00	89.38	89.58	88.24	88.30	2566
2003-11-10	00:00	89.53	90.45	89.53	89.88	2115
2003-11-11	00:00	89.98	90.01	88.87	89.29	1746
2003-11-12	00:00	89.43	91.25	89.29	90.69	2305
2003-11-13	00:00	90.38	91.46	90.14	91.09	2199
2003-11-14	00:00	91.00	91.40	89.79	90.22	2209
2003-11-17	00:00	89.88	90.03	89.01	89.74	1937
2003-11-18	00:00	89.90	90.16	88.88	88.88	1948
2003-11-19	00:00	88.30	89.81	88.30	89.38	2512
2003-11-20	00:00	89.28	89.77	88.36	88.43	2558
2003-11-21	00:00	88.38	88.78	88.21	88.58	1778
2003-11-24	00:00	89.01	89.72	88.93	89.71	1448
2003-11-25	00:00	89.76	89.83	89.25	89.44	1610
2003-11-26	00:00	89.77	90.07	89.09	89.82	1972
2003-11-28	00:00	89.88	90.66	89.60	90.52	1374
2003-12-01	00:00	90.88	91.34	90.46	91.00	1881
2003-12-02	00:00	90.55	91.46	90.50	90.67	2683
2003-12-03	00:00	91.13	91.42	90.35	90.40	2269
2003-12-04	00:00	90.03	91.42	90.01	91.41	2442
2003-12-05	00:00	91.28	91.28	90.48	90.67	2439
2003-12-08	00:00	90.50	91.45	90.50	91.26	2294
2003-12-09	00:00	91.13	92.14	90.59	90.61	3085
2003-12-10	00:00	90.67	92.72	90.64	91.74	3266
2003-12-11	00:00	91.94	92.95	91.90	92.40	2510
2003-12-12	00:00	92.68	93.14	92.22	92.71	1709
2003-12-15	00:00	93.41	93.73	92.06	92.09	2647
2003-12-16	00:00	91.98	94.10	91.86	93.95	3202
2003-12-17	00:00	93.83	93.85	92.83	93.36	1465
2003-12-18	00:00	92.98	93.35	92.48	92.67	2268
2003-12-19	00:00	93.21	93.23	92.65	93.05	1418
2003-12-22	00:00	92.81	93.48	92.76	93.39	2097
2003-12-23	00:00	93.05	93.42	92.32	92.78	1595
2003-12-24	00:00	92.78	92.78	92.16	92.32	1231
2003-12-26	00:00	92.35	92.98	92.28	92.88	1047
2003-12-29	00:00	93.08	93.71	93.01	93.61	1645
2003-12-30	00:00	93.25	93.48	92.34	92.61	1465
2003-12-31	00:00	92.64	92.70	92.23	92.32	887
2004-01-02	00:00	92.84	93.03	91.18	91.46	2340
2004-01-05	00:00	92.00	93.07	91.98	92.93	1741
2004-01-06	00:00	92.18	93.17	92.12	93.02	1872
2004-01-07	00:00	93.02	93.29	92.45	92.71	1960
2004-01-08	00:00	93.19	93.19	92.03	92.97	2017
2004-01-09	00:00	91.73	92.32	91.01	91.18	2064
2004-01-12	00:00	91.19	92.12	91.19	91.61	2484
2004-01-13	00:00	91.43	91.45	89.10	89.81	2044
2004-01-14	00:00	89.88	90.40	89.73	90.29	1568
2004-01-15	00:00	95.05	95.50	93.58	94.03	2913
2004-01-16	00:00	94.98	95.32	94.69	95.23	1360
2004-01-20	00:00	95.98	97.41	95.71	97.17	2044
2004-01-21	00:00	97.21	98.00	96.62	97.77	2020
2004-01-22	00:00	97.82	98.14	97.30	97.50	2584
2004-01-23	00:00	97.80	98.19	97.08	97.98	2472
2004-01-26	00:00	97.87	99.79	97.87	99.79	2062
2004-01-27	00:00	99.38	99.65	98.68	98.71	1737
2004-01-28	00:00	99.13	99.40	97.26	97.42	2671
2004-01-29	00:00	98.08	98.58	96.53	98.01	3396
2004-01-30	00:00	98.00	99.31	97.95	99.22	2570
2004-02-02	00:00	99.13	99.92	98.52	99.37	3158
2004-02-03	00:00	98.98	99.97	98.93	99.95	1992
2004-02-04	00:00	99.36	100.42	99.28	100.11	2593
2004-02-05	00:00	99.98	100.07	98.24	98.85	2831
2004-02-06	00:00	98.83	99.22	98.23	98.87	2390
2004-02-09	00:00	99.29	99.42	98.58	98.64	2214
2004-02-10	00:00	98.43	99.95	98.39	99.52	2830
2004-02-11	00:00	99.18	100.29	98.78	99.94	2662
2004-02-12	00:00	99.93	100.28	99.34	99.36	2294
2004-02-13	00:00	99.08	100.07	99.06	99.68	3225
2004-02-17	00:00	99.97	99.98	99.30	99.43	1832
2004-02-18	00:00	99.29	99.75	98.13	98.52	2920
2004-02-19	00:00	98.40	99.21	97.50	97.79	2806
2004-02-20	00:00	97.86	97.92	97.17	97.31	2113
2004-02-23	00:00	97.38	97.49	95.44	95.98	3442
2004-02-24	00:00	95.18	97.44	95.18	96.74	3907
2004-02-25	00:00	96.48	96.77	96.21	96.56	1970
2004-02-26	00:00	96.25	97.24	96.24	96.81	2034
2004-02-27	00:00	96.78	97.36	96.08	96.48	2411
2004-03-01	00:00	96.51	97.23	96.13	97.04	1826
2004-03-02	00:00	97.58	97.58	96.60	96.76	2743
2004-03-03	00:00	96.55	96.87	95.58	96.82	2475
2004-03-04	00:00	96.56	96.90	96.11	96.38	2303
2004-03-05	00:00	95.93	96.93	95.54	96.44	2991
2004-03-08	00:00	96.47	96.85	94.58	94.58	1708
2004-03-09	00:00	94.28	95.27	93.75	94.57	2585
2004-03-10	00:00	94.36	94.73	92.72	93.04	1786
2004-03-11	00:00	91.98	92.94	91.18	91.22	2729
2004-03-12	00:00	91.98	93.35	91.66	93.20	1975
2004-03-15	00:00	92.58	92.64	91.38	91.75	2715
2004-03-16	00:00	92.38	92.66	91.41	92.41	1930
2004-03-17	00:00	92.55	93.77	92.43	93.36	1994
2004-03-18	00:00	93.03	93.16	91.88	92.86	3225
2004-03-19	00:00	92.84	92.95	91.49	91.72	3549
2004-03-22	00:00	91.25	91.46	90.26	91.00	3183
2004-03-23	00:00	91.58	92.14	90.66	91.32	3014
2004-03-24	00:00	91.55	92.47	91.08	91.75	3200
2004-03-25	00:00	92.13	92.61	91.43	92.43	2371
2004-03-26	00:00	92.35	93.23	92.14	92.78	2436
2004-03-29	00:00	92.97	93.59	92.48	92.78	1239
2004-03-30	00:00	92.65	92.65	91.33	91.66	1294
2004-03-31	00:00	92.05	92.06	91.49	91.51	1210
2004-04-01	00:00	91.65	92.55	91.65	92.34	1504
2004-04-02	00:00	93.53	94.53	93.31	93.95	2002
2004-04-05	00:00	93.93	94.35	93.49	94.17	1843
2004-04-06	00:00	93.58	93.77	93.00	93.64	2035
2004-04-07	00:00	93.35	93.56	92.49	93.22	2729
2004-04-08	00:00	93.93	94.37	92.53	92.99	2912
2004-04-12	00:00	93.48	94.34	93.38	93.78	2057
2004-04-13	00:00	93.77	94.02	92.48	92.94	2090
2004-04-14	00:00	92.08	93.80	92.08	93.80	3265
2004-04-15	00:00	93.78	94.07	93.04	93.95	2691
2004-04-16	00:00	92.28	92.33	91.02	92.19	3202
2004-04-19	00:00	91.88	92.28	91.68	91.93	2187
2004-04-20	00:00	92.03	92.46	90.85	90.88	2389
2004-04-21	00:00	91.13	91.40	90.75	91.36	2357
2004-04-22	00:00	90.48	91.48	89.73	90.73	3012
2004-04-23	00:00	90.84	91.59	90.35	91.37	2459
2004-04-26	00:00	90.73	91.54	90.33	90.43	2892
2004-04-27	00:00	90.63	91.97	90.54	91.10	3154
2004-04-28	00:00	90.28	90.96	90.19	90.38	2442
2004-04-29	00:00	89.99	90.26	88.17	89.15	3756
2004-04-30	00:00	88.99	89.18	87.99	88.15	4211
2004-05-03	00:00	88.11	88.50	87.18	87.94	2889
2004-05-04	00:00	87.99	89.72	87.99	88.97	3478
2004-05-05	00:00	89.73	89.73	88.49	88.88	2798
2004-05-06	00:00	88.08	89.08	87.57	88.28	3449
2004-05-07	00:00	87.96	89.38	87.60	88.10	4840
2004-05-10	00:00	87.58	88.08	86.35	86.91	3560
2004-05-11	00:00	87.18	88.13	86.80	87.17	2616
2004-05-12	00:00	87.23	87.23	85.10	86.68	3490
2004-05-13	00:00	86.77	87.39	86.24	87.14	2809
2004-05-14	00:00	86.63	87.33	86.06	86.35	4210
2004-05-17	00:00	85.30	85.99	85.20	85.48	2140
2004-05-18	00:00	86.12	86.45	85.99	86.04	1450
2004-05-19	00:00	86.87	88.85	86.87	87.05	2556
2004-05-20	00:00	87.07	87.86	87.07	87.33	1573
2004-05-21	00:00	87.63	88.16	86.90	87.17	1445
2004-05-24	00:00	87.72	87.72	86.58	87.10	1969
2004-05-25	00:00	86.80	88.88	86.53	88.71	1600
2004-05-26	00:00	88.59	88.82	88.04	88.42	1537
2004-05-27	00:00	88.88	89.01	87.96	88.57	1668
2004-05-28	00:00	88.27	88.81	88.27	88.52	1519
2004-06-01	00:00	88.07	88.46	87.28	88.16	2297
2004-06-02	00:00	88.62	88.62	87.87	87.98	2056
2004-06-03	00:00	87.83	88.08	87.42	87.44	1501
2004-06-04	00:00	87.93	88.47	87.48	87.61	1661
2004-06-07	00:00	88.73	88.73	87.99	88.62	1706
2004-06-08	00:00	88.58	90.48	88.40	89.87	2641
2004-06-09	00:00	89.88	90.53	89.79	90.07	2058
2004-06-10	00:00	90.21	90.73	89.87	90.43	1770
2004-06-14	00:00	90.03	90.56	89.60	90.05	1447
2004-06-15	00:00	90.47	91.19	90.21	90.45	2029
2004-06-16	00:00	90.23	90.70	90.07	90.36	1581
2004-06-17	00:00	90.48	90.54	90.05	90.43	1564
2004-06-18	00:00	90.18	90.78	89.88	89.99	2025
2004-06-21	00:00	90.38	90.41	89.29	89.51	1640
2004-06-22	00:00	89.26	90.22	89.11	90.07	3037
2004-06-23	00:00	90.08	90.82	89.82	90.77	1960
2004-06-24	00:00	90.26	90.90	89.82	90.03	2511
2004-06-25	00:00	89.93	90.21	88.92	89.42	1707
2004-06-28	00:00	89.69	89.85	88.34	88.68	1600
2004-06-29	00:00	88.44	88.46	87.88	88.33	1374
2004-06-30	00:00	88.28	88.47	87.68	88.16	1770
2004-07-01	00:00	88.20	88.42	86.55	87.42	2712
2004-07-02	00:00	87.43	87.53	86.58	87.00	2526
2004-07-06	00:00	86.48	86.71	85.11	85.74	2597
2004-07-07	00:00	85.28	85.92	85.03	85.30	1787
2004-07-08	00:00	84.99	84.99	83.58	83.63	2629
2004-07-09	00:00	84.38	84.48	83.49	83.90	2628
2004-07-12	00:00	83.94	85.23	83.40	84.92	2757
2004-07-13	00:00	85.18	86.07	85.18	85.26	1814
2004-07-14	00:00	84.74	85.22	83.76	84.10	3064
2004-07-15	00:00	84.26	84.61	83.59	84.06	2752
2004-07-16	00:00	86.03	86.46	84.26	84.38	2932
2004-07-19	00:00	84.48	85.83	84.38	85.25	2470
2004-07-20	00:00	85.64	86.44	85.34	86.32	1336
2004-07-21	00:00	86.55	87.07	85.30	85.30	1654
2004-07-22	00:00	84.98	86.36	84.73	86.05	2800
2004-07-23	00:00	85.61	85.65	84.68	84.86	1512
2004-07-26	00:00	84.98	85.49	84.49	85.24	1822
2004-07-27	00:00	85.78	86.27	85.49	85.91	1419
2004-07-28	00:00	85.84	86.18	84.87	85.87	1689
2004-07-29	00:00	86.33	87.17	86.23	86.78	1417
2004-07-30	00:00	86.39	87.36	86.39	86.99	1915
2004-08-02	00:00	86.90	87.10	86.44	86.73	1562
2004-08-03	00:00	86.48	86.72	85.43	85.64	1207
2004-08-04	00:00	85.26	86.60	85.26	85.94	1528
2004-08-05	00:00	85.94	86.37	85.01	85.13	1455
2004-08-06	00:00	84.44	84.70	83.40	83.52	1875
2004-08-09	00:00	82.97	83.91	82.87	83.56	1945
2004-08-10	00:00	84.04	84.91	83.79	84.91	2153
2004-08-11	00:00	83.68	83.96	83.08	83.69	2463
2004-08-12	00:00	83.03	83.03	81.88	82.24	2811
2004-08-13	00:00	82.52	83.92	82.49	83.83	2674
2004-08-16	00:00	83.68	84.54	83.49	84.04	2493
2004-08-17	00:00	84.08	84.47	83.64	84.03	1984
2004-08-18	00:00	83.58	84.93	83.55	84.84	1664
2004-08-19	00:00	84.99	85.33	84.44	84.70	2550
2004-08-20	00:00	84.53	85.23	84.50	85.19	2016
2004-08-23	00:00	85.27	85.43	84.64	84.74	1152
2004-08-24	00:00	85.00	85.13	84.33	84.73	1681
2004-08-25	00:00	84.92	85.23	84.53	85.06	1763
2004-08-26	00:00	85.00	85.02	84.67	84.68	1167
2004-08-27	00:00	84.64	84.93	84.58	84.90	1094
2004-08-30	00:00	84.56	84.97	84.37	84.37	1350
2004-08-31	00:00	84.53	84.62	83.63	84.62	1606
2004-09-01	00:00	84.03	85.07	83.99	84.25	2246
2004-09-02	00:00	84.20	84.76	83.83	84.63	1659
2004-09-03	00:00	84.28	84.67	83.94	84.47	1880
2004-09-07	00:00	84.68	85.42	84.58	84.93	2039
2004-09-08	00:00	84.88	86.48	84.86	85.76	2435
2004-09-09	00:00	85.92	86.77	85.84	86.41	1970
2004-09-10	00:00	86.41	86.98	86.23	86.81	1691
2004-09-13	00:00	86.95	87.26	86.06	86.40	1796
2004-09-14	00:00	86.58	86.86	86.13	86.72	1707
2004-09-15	00:00	86.37	86.48	85.87	86.37	1709
2004-09-16	00:00	85.90	86.94	85.90	86.10	2034
2004-09-17	00:00	86.38	86.48	85.42	85.63	1746
2004-09-20	00:00	85.38	86.41	85.38	85.65	2144
2004-09-21	00:00	85.65	86.09	85.32	85.73	1632
2004-09-22	00:00	85.33	85.42	84.15	84.23	2140
2004-09-23	00:00	84.02	84.25	83.22	83.85	1769
2004-09-24	00:00	83.78	84.72	83.76	84.43	1674
2004-09-27	00:00	84.13	84.39	83.98	84.10	1106
2004-09-28	00:00	84.27	84.62	83.87	84.47	1333
2004-09-29	00:00	84.44	84.91	84.19	84.83	1522
2004-09-30	00:00	84.75	85.96	84.75	85.58	2085
2004-10-01	00:00	85.93	86.96	85.86	86.68	1906
2004-10-04	00:00	86.97	88.08	86.70	87.11	2881
2004-10-05	00:00	87.93	88.01	87.11	87.41	1294
2004-10-06	00:00	87.12	88.06	87.08	88.04	1847
2004-10-07	00:00	88.01	88.08	87.38	87.47	1717
2004-10-08	00:00	87.41	87.88	86.49	86.73	2495
2004-10-11	00:00	86.75	87.17	86.25	86.60	1487
2004-10-12	00:00	86.00	86.18	85.56	85.99	1393
2004-10-13	00:00	86.24	86.46	84.41	84.90	2690
2004-10-14	00:00	84.73	84.96	84.28	84.77	2049
2004-10-15	00:00	84.77	85.23	84.58	84.64	1664
2004-10-18	00:00	84.28	86.13	84.27	85.89	2705
2004-10-19	00:00	88.23	89.71	88.23	89.18	2935
2004-10-20	00:00	88.43	89.17	88.27	88.80	2702
2004-10-21	00:00	88.38	88.74	87.64	88.09	2445
2004-10-22	00:00	88.20	88.43	87.27	87.43	2702
2004-10-25	00:00	87.34	88.88	87.29	88.46	2643
2004-10-26	00:00	88.31	89.55	88.23	88.97	1945
2004-10-27	00:00	88.56	90.25	88.48	90.00	1795
2004-10-28	00:00	89.78	90.22	89.41	89.47	1870
2004-10-29	00:00	89.38	89.85	88.93	89.68	1720
2004-11-01	00:00	89.31	90.58	89.21	90.19	2370
2004-11-02	00:00	89.53	91.20	89.48	90.38	2843
2004-11-03	00:00	91.23	91.88	90.95	91.20	2674
2004-11-04	00:00	91.03	92.68	90.80	92.35	2242
2004-11-05	00:00	92.38	93.50	92.38	93.34	2090
2004-11-08	00:00	93.05	93.66	93.03	93.33	930
2004-11-09	00:00	93.24	93.90	93.19	93.35	997
2004-11-10	00:00	93.21	94.26	93.15	93.59	1038
2004-11-11	00:00	93.93	95.18	93.54	94.85	1194
2004-11-12	00:00	95.06	95.45	94.56	95.29	1096
2004-11-15	00:00	95.07	95.94	94.82	95.94	786
2004-11-16	00:00	95.36	95.40	94.64	94.85	907
2004-11-17	00:00	95.39	96.58	95.35	95.50	1214
2004-11-18	00:00	95.29	95.67	95.02	95.14	1159
2004-11-19	00:00	94.93	95.13	94.24	94.26	921
2004-11-22	00:00	94.28	95.32	94.15	95.14	1636
2004-11-23	00:00	94.67	95.33	94.59	95.29	1432
2004-11-24	00:00	95.44	95.76	95.18	95.48	1210
2004-11-25	00:00	95.50	95.50	95.42	95.45	192
2004-11-26	00:00	94.93	95.35	94.57	94.70	763
2004-11-29	00:00	95.28	96.35	95.09	95.51	1983
2004-11-30	00:00	95.29	95.59	94.26	94.26	1823
2004-12-01	00:00	94.73	96.04	94.56	95.87	1654
2004-12-02	00:00	95.75	96.74	95.48	95.84	1851
2004-12-03	00:00	96.88	97.60	96.81	97.08	2022
2004-12-06	00:00	96.87	97.87	96.64	97.64	1495
2004-12-07	00:00	97.70	98.22	95.98	96.02	1537
2004-12-08	00:00	96.23	97.31	95.77	96.68	1696
2004-12-09	00:00	96.29	97.57	95.71	97.46	1473
2004-12-10	00:00	96.99	97.25	96.48	96.61	1226
2004-12-13	00:00	97.07	97.07	96.10	96.59	1272
2004-12-14	00:00	96.51	97.67	96.48	97.43	1501
2004-12-15	00:00	96.95	97.67	96.84	97.39	1504
2004-12-16	00:00	96.95	98.12	96.93	97.37	1087
2004-12-17	00:00	97.55	97.97	96.44	96.44	1432
2004-12-20	00:00	96.60	97.47	96.51	96.64	1415
2004-12-21	00:00	97.04	97.12	96.82	97.04	810
2004-12-22	00:00	97.43	97.91	97.43	97.66	926
2004-12-23	00:00	97.72	97.97	97.61	97.74	649
2004-12-24	00:00	97.78	97.78	97.71	97.71	79
2004-12-27	00:00	97.83	97.91	97.38	97.44	866
2004-12-28	00:00	97.47	98.52	97.37	98.40	1239
2004-12-29	00:00	98.10	98.38	97.95	98.19	843
2004-12-30	00:00	98.30	98.97	98.28	98.66	723
2004-12-31	00:00	98.80	98.88	98.48	98.54	635
2005-01-03	00:00	99.03	99.07	97.25	97.59	1347
2005-01-04	00:00	97.86	98.39	96.51	96.73	1817
2005-01-05	00:00	96.77	97.81	96.39	96.51	1802
2005-01-06	00:00	96.89	96.91	96.06	96.19	1627
2005-01-07	00:00	96.61	96.76	95.46	95.68	1706
2005-01-10	00:00	95.64	96.06	95.23	95.66	1573
2005-01-11	00:00	95.67	95.74	94.70	95.03	1649
2005-01-12	00:00	95.03	95.25	94.07	95.25	1520
2005-01-13	00:00	95.23	95.42	93.69	94.48	1469
2005-01-14	00:00	94.05	94.22	93.54	93.95	1344
2005-01-17	00:00	93.95	94.13	93.95	94.09	219
2005-01-18	00:00	93.74	95.07	93.74	94.86	1575
2005-01-19	00:00	95.01	95.01	92.97	93.20	1830
2005-01-20	00:00	93.06	93.79	92.76	93.01	1866
2005-01-21	00:00	93.18	93.26	92.23	92.34	1483
2005-01-24	00:00	92.78	92.79	91.75	91.79	1463
2005-01-25	00:00	92.03	92.56	92.02	92.20	1371
2005-01-26	00:00	92.42	92.82	91.93	91.98	1242
2005-01-27	00:00	91.75	92.17	91.49	92.00	1351
2005-01-28	00:00	92.85	93.54	92.49	92.95	1767
2005-01-31	00:00	93.84	93.84	93.05	93.44	1276
2005-02-01	00:00	93.57	93.97	93.36	93.83	841
2005-02-02	00:00	93.86	94.32	93.63	94.29	836
2005-02-03	00:00	93.88	93.88	93.05	93.54	1124
2005-02-04	00:00	93.10	94.71	93.06	94.52	1015
2005-02-07	00:00	94.49	94.86	94.46	94.56	777
2005-02-08	00:00	94.29	94.61	94.16	94.18	800
2005-02-09	00:00	94.18	94.28	92.53	92.65	1194
2005-02-10	00:00	93.06	93.06	92.29	92.72	1156
2005-02-11	00:00	92.63	93.94	92.50	93.37	1105
2005-02-14	00:00	93.22	93.97	93.22	93.60	942
2005-02-15	00:00	93.60	94.64	93.60	94.37	1064
2005-02-16	00:00	94.42	94.94	94.23	94.65	875
2005-02-17	00:00	94.69	94.70	93.75	93.78	1013
2005-02-18	00:00	93.96	94.21	93.24	93.28	1041
2005-02-22	00:00	93.06	93.45	92.25	92.25	1270
2005-02-23	00:00	92.36	92.36	91.54	92.14	1338
2005-02-24	00:00	92.09	93.05	91.85	92.72	1317
2005-02-25	00:00	92.51	92.69	92.29	92.66	1075
2005-02-28	00:00	92.56	92.73	92.41	92.54	806
2005-03-01	00:00	92.76	93.40	92.73	93.31	1130
2005-03-02	00:00	92.81	93.70	92.80	92.92	1243
2005-03-03	00:00	93.15	93.16	92.19	92.32	1310
2005-03-04	00:00	92.81	93.14	92.36	92.36	1014
2005-03-07	00:00	92.19	92.48	91.59	91.68	1056
2005-03-08	00:00	92.07	92.52	92.02	92.14	1098
2005-03-09	00:00	92.02	92.93	92.01	92.40	1302
2005-03-10	00:00	92.55	92.76	92.08	92.38	1265
2005-03-11	00:00	92.31	92.34	91.20	91.37	1141
2005-03-14	00:00	91.84	92.00	91.60	91.91	1055
2005-03-15	00:00	92.03	92.23	91.20	91.35	1036
2005-03-16	00:00	91.07	91.36	90.25	90.59	1204
2005-03-17	00:00	90.52	90.64	89.69	89.83	1302
2005-03-18	00:00	89.78	89.85	89.09	89.33	1130
2005-03-21	00:00	89.59	90.25	89.27	89.52	1469
2005-03-22	00:00	89.68	90.31	89.26	89.50	1300
2005-03-23	00:00	90.08	91.13	89.97	90.53	1460
2005-03-24	00:00	90.87	91.52	90.70	90.71	1025
2005-03-28	00:00	90.92	91.59	90.70	91.57	1332
2005-03-29	00:00	91.01	91.01	90.18	90.39	1131
2005-03-30	00:00	90.54	90.85	90.33	90.63	874
2005-03-31	00:00	90.71	91.23	90.20	91.10	1010
2005-04-01	00:00	91.21	91.73	90.03	90.03	1586
2005-04-04	00:00	90.04	90.59	89.77	90.35	1446
2005-04-05	00:00	90.30	90.30	89.27	89.63	1332
2005-04-06	00:00	88.88	89.34	88.70	88.98	1190
2005-04-07	00:00	89.11	89.17	88.09	88.34	1117
2005-04-08	00:00	88.29	88.39	87.49	87.59	1059
2005-04-11	00:00	87.40	87.52	86.08	86.21	1096
2005-04-12	00:00	85.83	86.21	85.18	85.80	1456
2005-04-13	00:00	85.66	85.93	84.23	84.53	1595
2005-04-14	00:00	84.21	85.37	83.46	83.61	2126
2005-04-15	00:00	78.76	79.36	76.33	76.47	3139
2005-04-18	00:00	77.29	77.63	76.13	76.72	2135
2005-04-19	00:00	76.97	76.97	75.24	75.46	1802
2005-04-20	00:00	75.74	75.75	71.85	72.02	2754
2005-04-21	00:00	72.98	74.06	72.89	73.99	1919
2005-04-22	00:00	74.06	74.67	73.32	74.19	1950
2005-04-25	00:00	75.52	75.68	74.05	74.60	1793
2005-04-26	00:00	75.52	76.76	75.02	75.38	1944
2005-04-27	00:00	75.59	77.14	75.49	77.00	1480
2005-04-28	00:00	76.88	76.88	75.64	75.92	1474
2005-04-29	00:00	76.77	76.77	75.90	76.24	1415
2005-05-02	00:00	77.04	77.25	76.02	76.53	1359
2005-05-03	00:00	76.69	76.93	75.95	76.44	1573
2005-05-04	00:00	76.86	77.17	76.50	77.05	1163
2005-05-05	00:00	77.75	77.75	75.39	75.46	1858
2005-05-06	00:00	75.77	75.85	74.98	75.29	1087
2005-05-09	00:00	75.22	75.42	74.71	74.95	1029
2005-05-10	00:00	74.49	74.67	73.03	73.31	1163
2005-05-11	00:00	73.48	73.48	72.51	73.22	1593
2005-05-12	00:00	73.47	73.77	72.51	72.62	1528
2005-05-13	00:00	72.54	73.82	72.51	73.14	1658
2005-05-16	00:00	73.41	74.46	73.20	74.29	1344
2005-05-17	00:00	73.97	74.39	73.32	74.23	1401
2005-05-18	00:00	75.18	76.78	75.05	76.30	1761
2005-05-19	00:00	76.44	77.61	76.38	77.13	1224
2005-05-20	00:00	76.79	76.97	76.35	76.43	1283
2005-05-23	00:00	76.17	76.91	76.05	76.54	1396
2005-05-24	00:00	76.44	76.44	75.57	75.83	1606
2005-05-25	00:00	75.47	76.00	75.28	75.97	1196
2005-05-26	00:00	76.39	77.36	76.29	77.09	1179
2005-05-27	00:00	77.21	77.21	76.52	77.03	895
2005-05-31	00:00	77.36	77.36	75.49	75.52	1213
2005-06-01	00:00	75.84	77.47	75.79	76.81	1733
2005-06-02	00:00	76.89	77.34	76.69	77.29	1080
2005-06-03	00:00	76.97	77.03	75.73	75.84	1453
2005-06-06	00:00	75.56	75.71	74.94	74.99	1126
2005-06-07	00:00	75.10	76.06	75.02	75.04	1438
2005-06-08	00:00	75.01	75.36	74.62	74.79	1344
2005-06-09	00:00	74.44	75.43	74.22	74.96	1830
2005-06-10	00:00	74.71	75.02	74.09	74.74	1470
2005-06-13	00:00	74.61	75.89	74.44	75.00	1686
2005-06-14	00:00	75.06	75.39	74.72	74.88	1326
2005-06-15	00:00	75.79	76.47	75.14	76.28	1616
2005-06-16	00:00	76.38	77.22	76.34	77.00	1224
2005-06-17	00:00	77.60	77.63	76.39	76.43	1421
2005-06-20	00:00	75.94	76.94	75.79	76.52	1364
2005-06-21	00:00	76.72	76.97	76.10	76.35	1375
2005-06-22	00:00	76.80	77.46	76.67	77.27	1373
2005-06-23	00:00	76.80	76.92	75.05	75.35	1640
2005-06-24	00:00	75.08	75.36	74.00	74.00	1811
2005-06-27	00:00	74.47	74.74	73.49	73.88	1530
2005-06-28	00:00	73.50	75.25	73.49	75.22	1698
2005-06-29	00:00	75.12	75.65	74.61	74.72	1252
2005-06-30	00:00	75.11	75.46	74.06	74.19	1461
2005-07-01	00:00	74.71	75.30	74.33	74.67	1368
2005-07-05	00:00	74.50	74.94	74.15	74.79	1258
2005-07-06	00:00	74.87	76.12	74.83	75.77	1829
2005-07-07	00:00	75.22	77.50	75.13	77.37	1984
2005-07-08	00:00	77.67	79.48	77.64	79.35	2101
2005-07-11	00:00	79.35	79.48	78.52	78.98	1262
2005-07-12	00:00	79.31	80.46	79.25	80.05	1610
2005-07-13	00:00	81.33	81.72	81.16	81.35	952
2005-07-14	00:00	82.16	82.64	82.04	82.43	1376
2005-07-15	00:00	82.66	82.67	81.51	82.34	1318
2005-07-18	00:00	82.12	82.51	81.66	81.86	1461
2005-07-19	00:00	84.90	85.07	83.70	83.73	1985
2005-07-20	00:00	83.06	84.93	83.00	84.62	1691
2005-07-21	00:00	84.26	84.92	83.39	84.42	2101
2005-07-22	00:00	84.22	84.60	83.85	84.40	1451
2005-07-25	00:00	83.95	84.49	83.91	84.21	1100
2005-07-26	00:00	84.19	84.31	83.84	84.13	1145
2005-07-27	00:00	83.79	84.10	82.80	83.85	1232
2005-07-28	00:00	83.67	83.94	83.26	83.87	1061
2005-07-29	00:00	83.47	83.92	83.21	83.44	1214
2005-08-01	00:00	83.16	83.82	82.84	83.40	1214
2005-08-02	00:00	83.45	83.83	83.03	83.34	1185
2005-08-03	00:00	83.20	84.17	83.12	84.11	1080
2005-08-04	00:00	83.79	83.86	82.97	83.15	1167
2005-08-05	00:00	82.94	83.71	82.94	83.39	1154
2005-08-08	00:00	83.62	83.86	83.04	83.27	1315
2005-08-09	00:00	83.52	83.92	82.93	83.55	1359
2005-08-10	00:00	83.70	83.98	81.97	82.00	1740
2005-08-11	00:00	82.04	82.72	81.62	82.62	1760
2005-08-12	00:00	82.15	82.55	82.05	82.18	1193
2005-08-15	00:00	82.02	82.91	81.60	82.47	1490
2005-08-16	00:00	82.25	82.40	81.07	81.19	1252
2005-08-17	00:00	81.32	81.91	80.83	81.33	1361
2005-08-18	00:00	80.98	81.97	80.80	81.12	1407
2005-08-19	00:00	81.98	83.27	81.91	82.77	1191
2005-08-22	00:00	82.91	83.32	81.84	82.58	1544
2005-08-23	00:00	82.89	83.11	81.59	82.05	1445
2005-08-24	00:00	81.50	82.37	81.22	81.32	1578
2005-08-25	00:00	81.34	81.39	80.71	81.09	1293
2005-08-26	00:00	80.81	80.99	80.24	80.32	1464
2005-08-29	00:00	79.97	81.72	79.88	81.35	1347
2005-08-30	00:00	80.71	80.75	79.98	80.49	1298
2005-08-31	00:00	80.32	80.75	79.85	80.59	1551
2005-09-01	00:00	80.15	80.15	79.34	79.59	1732
2005-09-02	00:00	79.60	79.98	79.49	79.49	1375
2005-09-06	00:00	79.98	81.16	79.98	81.10	1352
2005-09-07	00:00	80.68	81.10	80.31	80.91	1289
2005-09-08	00:00	81.21	81.47	80.49	80.84	1332
2005-09-09	00:00	80.93	81.46	80.51	81.37	1245
2005-09-12	00:00	81.20	82.08	81.09	81.41	1312
2005-09-13	00:00	80.99	81.29	80.51	80.76	1349
2005-09-14	00:00	81.15	81.36	80.48	80.48	1269
2005-09-15	00:00	80.44	80.61	79.67	79.98	1327
2005-09-16	00:00	80.28	80.47	79.83	80.28	1179
2005-09-19	00:00	79.72	79.94	79.00	79.41	1378
2005-09-20	00:00	79.39	79.60	78.68	78.68	1739
2005-09-21	00:00	78.18	78.42	77.35	77.56	1921
2005-09-22	00:00	77.80	78.47	77.29	78.20	1933
2005-09-23	00:00	77.82	78.08	77.51	77.96	1399
2005-09-26	00:00	78.36	78.36	76.92	77.40	1748
2005-09-27	00:00	77.46	78.57	77.46	77.96	1580
2005-09-28	00:00	78.38	79.70	78.27	79.47	2026
2005-09-29	00:00	79.71	80.52	79.14	80.38	1666
2005-09-30	00:00	80.27	80.47	79.96	80.18	741
2005-10-03	00:00	80.10	80.57	79.49	80.40	1753
2005-10-04	00:00	80.82	81.44	79.91	80.03	1393
2005-10-05	00:00	80.05	80.46	79.56	79.74	2009
2005-10-06	00:00	79.97	80.24	78.70	79.66	2096
2005-10-07	00:00	80.34	81.08	80.08	80.41	1587
2005-10-10	00:00	81.53	82.07	81.07	81.19	1686
2005-10-11	00:00	82.39	83.48	82.35	83.16	1886
2005-10-12	00:00	82.41	82.90	81.94	82.18	2281
2005-10-13	00:00	81.92	83.17	81.77	82.21	2276
2005-10-14	00:00	82.68	82.68	81.59	82.38	1765
2005-10-17	00:00	82.42	82.94	81.92	82.56	1905
2005-10-18	00:00	84.47	84.56	83.35	83.42	2012
2005-10-19	00:00	82.79	84.17	82.69	84.12	1952
2005-10-20	00:00	83.96	84.16	82.88	83.15	1912
2005-10-21	00:00	83.62	83.96	82.90	83.37	1984
2005-10-24	00:00	83.02	83.58	82.59	83.54	1658
2005-10-25	00:00	83.13	83.90	82.71	83.41	1868
2005-10-26	00:00	83.04	83.82	82.71	82.92	1816
2005-10-27	00:00	82.72	82.90	82.24	82.37	1548
2005-10-28	00:00	82.27	82.27	80.49	81.45	1894
2005-10-31	00:00	81.56	82.27	81.32	81.80	1135
2005-11-01	00:00	81.64	82.12	81.27	81.62	1349
2005-11-02	00:00	81.49	81.86	80.63	81.00	1336
2005-11-03	00:00	81.81	83.00	81.54	82.82	1534
2005-11-04	00:00	82.97	83.28	82.64	82.99	1190
2005-11-07	00:00	83.65	83.80	83.07	83.60	1187
2005-11-08	00:00	83.41	83.86	83.09	83.17	966
2005-11-09	00:00	82.71	83.25	82.49	82.84	1245
2005-11-10	00:00	82.67	84.23	82.32	84.07	1514
2005-11-11	00:00	84.25	84.80	84.24	84.56	644
2005-11-14	00:00	84.41	84.95	84.11	84.41	1167
2005-11-15	00:00	84.33	85.86	84.28	85.48	1334
2005-11-16	00:00	85.70	86.54	85.42	86.54	1040
2005-11-17	00:00	86.47	86.91	85.76	86.83	1255
2005-11-18	00:00	87.49	87.86	87.18	87.74	836
2005-11-21	00:00	87.63	87.82	87.00	87.34	1317
2005-11-22	00:00	87.15	88.02	87.02	87.96	1023
2005-11-23	00:00	88.13	89.35	88.13	88.76	915
2005-11-25	00:00	89.17	89.28	88.63	88.78	424
2005-11-28	00:00	88.96	89.40	88.83	89.09	867
2005-11-29	00:00	89.27	89.87	89.01	89.10	1126
2005-11-30	00:00	89.04	89.59	88.73	88.81	1432
2005-12-01	00:00	89.29	89.71	89.04	89.22	861
2005-12-02	00:00	88.93	89.05	88.40	88.60	975
2005-12-05	00:00	88.44	88.61	87.70	88.46	876
2005-12-06	00:00	89.04	89.81	88.86	89.10	1156
2005-12-07	00:00	89.01	89.89	88.45	88.77	1322
2005-12-08	00:00	88.85	88.85	86.66	87.49	1527
2005-12-09	00:00	86.84	87.06	86.32	86.92	991
2005-12-12	00:00	87.22	87.23	85.77	85.97	1168
2005-12-13	00:00	84.57	84.68	83.49	83.69	1054
2005-12-14	00:00	83.44	83.92	82.98	83.13	1176
2005-12-15	00:00	82.92	83.60	82.91	83.50	1273
2005-12-16	00:00	83.81	83.81	82.99	83.38	1258
2005-12-19	00:00	83.19	83.56	82.64	82.72	944
2005-12-20	00:00	82.93	83.03	82.07	82.47	980
2005-12-21	00:00	83.05	83.96	82.92	83.13	1274
2005-12-22	00:00	82.89	83.19	82.29	83.16	779
2005-12-23	00:00	83.92	83.96	83.37	83.46	758
2005-12-27	00:00	83.68	84.47	82.89	82.98	1176
2005-12-28	00:00	83.34	83.53	82.79	83.05	963
2005-12-29	00:00	83.02	83.02	82.24	82.43	752
2005-12-30	00:00	81.79	82.46	81.55	82.15	1252
2006-01-03	00:00	82.38	82.39	80.82	82.03	1469
2006-01-04	00:00	82.16	82.47	81.32	81.89	1594
2006-01-05	00:00	81.73	82.87	81.59	82.49	1538
2006-01-06	00:00	84.52	85.00	83.40	84.90	1800
2006-01-09	00:00	84.00	84.07	83.38	83.76	1326
2006-01-10	00:00	83.32	84.07	83.20	84.07	925
2006-01-11	00:00	84.41	84.76	83.40	84.10	1573
2006-01-12	00:00	83.75	83.92	83.39	83.55	1007
2006-01-13	00:00	82.89	83.39	82.49	83.25	1173
2006-01-17	00:00	82.72	83.09	82.53	82.98	929
2006-01-18	00:00	83.77	84.67	83.52	83.83	1816
2006-01-19	00:00	84.28	84.30	83.03	83.08	1031
2006-01-20	00:00	82.90	82.90	81.25	81.31	1308
2006-01-23	00:00	81.41	81.89	80.93	81.39	1050
2006-01-24	00:00	81.44	82.09	80.79	80.86	1551
2006-01-25	00:00	81.13	81.56	80.62	80.92	1378
2006-01-26	00:00	81.18	81.60	80.59	80.67	1445
2006-01-27	00:00	80.80	81.73	80.74	81.05	1070
2006-01-30	00:00	80.99	81.78	80.91	81.65	922
2006-01-31	00:00	81.37	81.95	81.22	81.36	1092
2006-02-01	00:00	80.84	82.17	80.71	81.96	1442
2006-02-02	00:00	81.49	81.49	80.88	81.19	962
2006-02-03	00:00	80.55	80.61	79.71	79.96	1042
2006-02-06	00:00	79.78	79.84	78.93	79.49	1079
2006-02-07	00:00	79.63	80.16	79.29	79.93	1561
2006-02-08	00:00	80.37	80.85	80.24	80.66	1236
2006-02-09	00:00	80.20	80.76	79.54	80.37	1309
2006-02-10	00:00	80.54	81.37	80.27	81.27	1081
2006-02-13	00:00	81.44	81.86	80.18	80.46	1045
2006-02-14	00:00	80.52	81.41	80.39	81.11	1443
2006-02-15	00:00	80.93	81.46	80.49	80.78	1299
2006-02-16	00:00	80.67	80.88	80.13	80.87	1084
2006-02-17	00:00	80.79	81.00	80.13	80.64	868
2006-02-21	00:00	80.21	80.72	80.00	80.48	1076
2006-02-22	00:00	80.25	81.61	80.19	81.33	1495
2006-02-23	00:00	81.10	81.25	80.06	80.20	1116
2006-02-24	00:00	79.97	80.38	79.84	80.11	982
2006-02-27	00:00	80.08	80.86	80.02	80.48	1018
2006-02-28	00:00	80.21	80.47	79.73	80.18	1141
2006-03-01	00:00	80.17	80.77	79.78	79.93	978
2006-03-02	00:00	79.69	80.18	79.60	79.99	1216
2006-03-03	00:00	79.78	80.80	79.70	80.05	1178
2006-03-06	00:00	80.00	80.61	79.90	80.01	1137
2006-03-07	00:00	80.06	80.74	79.85	80.28	1391
2006-03-08	00:00	80.38	81.57	80.33	81.17	1278
2006-03-09	00:00	81.27	81.95	80.79	81.01	1100
2006-03-10	00:00	81.19	82.21	81.16	81.56	1296
2006-03-13	00:00	81.47	82.37	81.47	81.90	1010
2006-03-14	00:00	81.48	82.96	81.48	82.86	1005
2006-03-15	00:00	82.87	83.72	82.67	83.39	1301
2006-03-16	00:00	83.42	83.69	82.60	82.87	1212
2006-03-17	00:00	83.11	83.34	82.81	83.28	929
2006-03-20	00:00	83.01	83.72	83.01	83.54	1157
2006-03-21	00:00	83.68	84.95	83.60	83.84	1310
2006-03-22	00:00	83.82	84.65	83.69	84.44	1159
2006-03-23	00:00	84.08	84.21	82.92	83.19	1380
2006-03-24	00:00	83.42	83.68	83.09	83.37	1265
2006-03-27	00:00	83.22	83.24	82.59	83.14	987
2006-03-28	00:00	83.15	83.36	82.50	82.69	1195
2006-03-29	00:00	82.27	83.50	82.20	83.27	1634
2006-03-30	00:00	83.13	83.68	82.82	83.15	1218
2006-03-31	00:00	83.03	83.57	82.79	82.91	1245
2006-04-03	00:00	82.82	83.56	82.67	83.06	1308
2006-04-04	00:00	83.09	83.77	82.86	83.44	1504
2006-04-05	00:00	83.64	84.41	83.46	84.18	1536
2006-04-06	00:00	84.06	84.29	83.36	83.80	1500
2006-04-07	00:00	83.56	83.77	82.44	82.48	1535
2006-04-10	00:00	82.28	82.71	82.00	82.11	1073
2006-04-11	00:00	82.03	82.03	80.74	81.13	1408
2006-04-12	00:00	81.21	81.34	80.62	80.77	1284
2006-04-13	00:00	81.72	82.57	81.61	81.93	1622
2006-04-17	00:00	81.99	82.89	81.40	81.67	1527
2006-04-18	00:00	81.86	83.50	81.73	83.30	1734
2006-04-19	00:00	83.48	83.48	81.26	81.88	1784
2006-04-20	00:00	81.68	82.82	81.66	82.04	1562
2006-04-21	00:00	82.37	82.41	81.37	81.64	1356
2006-04-24	00:00	81.29	82.38	81.10	82.11	1628
2006-04-25	00:00	82.39	82.87	81.59	82.72	1849
2006-04-26	00:00	82.97	83.45	82.80	83.34	1059
2006-04-27	00:00	83.02	84.37	82.87	83.91	1877
2006-04-28	00:00	83.29	83.45	81.97	82.38	1461
2006-05-01	00:00	82.64	83.29	82.09	82.17	1531
2006-05-02	00:00	82.25	82.71	82.00	82.44	1461
2006-05-03	00:00	82.76	83.25	82.69	82.77	1452
2006-05-04	00:00	82.95	83.05	82.39	82.50	955
2006-05-05	00:00	82.98	83.31	82.72	83.31	991
2006-05-08	00:00	82.50	83.19	82.44	82.83	1022
2006-05-09	00:00	82.52	83.25	82.40	83.13	914
2006-05-10	00:00	82.97	83.30	82.60	82.88	1318
2006-05-11	00:00	82.94	83.06	82.45	82.49	1185
2006-05-12	00:00	82.52	83.65	82.29	82.35	1788
2006-05-15	00:00	82.20	83.12	81.98	82.79	2110
2006-05-16	00:00	83.20	83.23	82.06	82.18	1529
2006-05-17	00:00	82.06	82.13	81.02	81.28	1745
2006-05-18	00:00	81.00	81.30	80.03	80.66	1971
2006-05-19	00:00	80.82	80.97	79.51	80.19	2605
2006-05-22	00:00	79.98	80.29	79.41	80.05	2740
2006-05-23	00:00	80.56	81.26	79.63	79.73	1781
2006-05-24	00:00	79.28	80.01	79.06	79.81	2799
2006-05-25	00:00	80.07	80.15	79.64	80.13	1258
2006-05-26	00:00	79.99	80.83	79.70	80.69	1436
2006-05-30	00:00	80.53	80.93	80.14	80.15	1594
2006-05-31	00:00	80.05	80.80	79.61	79.89	1412
2006-06-01	00:00	79.96	80.84	79.96	80.64	1483
2006-06-02	00:00	80.36	80.36	79.17	79.50	1686
2006-06-05	00:00	79.17	80.01	79.01	79.04	1540
2006-06-06	00:00	79.38	79.87	78.49	79.73	2198
2006-06-07	00:00	79.91	80.71	79.11	79.12	1740
2006-06-08	00:00	78.45	79.55	76.74	77.01	3356
2006-06-09	00:00	77.31	78.07	77.04	77.53	2043
2006-06-12	00:00	77.75	78.06	77.01	77.01	1577
2006-06-13	00:00	77.42	77.89	76.81	76.92	2503
2006-06-14	00:00	77.19	77.81	77.19	77.73	1823
2006-06-15	00:00	77.76	78.75	76.94	78.50	1991
2006-06-16	00:00	78.29	78.37	77.57	77.88	1808
2006-06-19	00:00	77.97	78.27	77.34	77.67	1804
2006-06-20	00:00	77.75	78.28	77.25	77.94	1614
2006-06-21	00:00	78.29	78.53	78.00	78.18	1627
2006-06-22	00:00	78.17	78.33	77.00	77.18	1384
2006-06-23	00:00	77.21	77.82	76.93	77.12	1414
2006-06-26	00:00	77.35	77.40	76.80	77.13	1133
2006-06-27	00:00	77.53	77.57	76.32	76.57	1611
2006-06-28	00:00	76.33	76.56	76.06	76.56	1030
2006-06-29	00:00	76.80	77.77	76.55	77.62	1618
2006-06-30	00:00	77.72	77.91	76.78	76.78	1476
2006-07-03	00:00	77.50	78.24	77.26	78.01	883
2006-07-04	00:00	77.98	78.13	77.94	78.01	132
2006-07-05	00:00	77.91	78.36	77.51	77.80	1729
2006-07-06	00:00	78.02	78.50	77.78	78.05	1510
2006-07-07	00:00	77.64	77.64	76.11	76.42	1676
2006-07-10	00:00	76.08	76.80	75.87	76.71	1319
2006-07-11	00:00	75.91	76.62	75.43	76.44	1689
2006-07-12	00:00	76.20	76.25	74.81	75.47	1342
2006-07-13	00:00	74.93	75.25	73.87	74.22	1895
2006-07-14	00:00	74.10	74.22	73.36	73.55	1918
2006-07-17	00:00	73.56	73.90	73.20	73.69	1569
2006-07-18	00:00	74.03	74.38	72.72	74.25	2236
2006-07-19	00:00	76.33	77.03	76.08	76.10	1852
2006-07-20	00:00	75.54	75.85	75.19	75.47	1854
2006-07-21	00:00	75.38	75.38	74.49	74.87	1758
2006-07-24	00:00	75.21	76.12	75.04	75.96	1267
2006-07-25	00:00	76.02	76.38	75.30	75.88	1812
2006-07-26	00:00	75.69	76.27	75.35	75.79	1665
2006-07-27	00:00	76.19	77.26	75.74	76.11	1560
2006-07-28	00:00	76.85	77.27	76.57	76.93	1144
2006-07-31	00:00	76.28	77.47	76.26	77.36	1389
2006-08-01	00:00	77.12	77.16	75.74	76.12	1176
2006-08-02	00:00	76.51	76.90	76.22	76.27	1303
2006-08-03	00:00	76.12	76.70	75.86	76.29	1316
2006-08-04	00:00	76.73	76.74	75.31	75.87	1695
2006-08-07	00:00	75.90	76.17	75.27	75.53	1145
2006-08-08	00:00	75.82	76.23	75.10	75.26	1568
2006-08-09	00:00	75.99	76.25	75.38	75.39	1101
2006-08-10	00:00	75.65	76.05	75.49	75.68	1441
2006-08-11	00:00	75.52	75.75	75.27	75.45	1072
2006-08-14	00:00	75.94	77.46	75.82	76.70	1230
2006-08-15	00:00	76.93	77.10	76.31	77.04	1522
2006-08-16	00:00	77.57	79.25	77.57	79.07	1154
2006-08-17	00:00	78.65	79.52	78.64	79.36	1226
2006-08-18	00:00	79.25	79.94	78.87	79.87	1259
2006-08-21	00:00	79.31	79.44	78.86	79.30	787
2006-08-22	00:00	79.47	79.52	78.61	78.96	1109
2006-08-23	00:00	79.14	79.44	78.41	78.63	1234
2006-08-24	00:00	78.95	79.47	78.95	79.40	838
2006-08-25	00:00	79.25	79.96	79.24	79.87	866
2006-08-28	00:00	79.88	80.43	79.81	80.25	461
2006-08-29	00:00	80.19	81.44	80.17	81.40	827
2006-08-30	00:00	81.09	81.65	80.84	81.21	921
2006-08-31	00:00	81.36	81.44	80.78	81.01	720
2006-09-01	00:00	81.27	81.53	80.81	81.43	696
2006-09-05	00:00	81.02	81.07	80.60	80.90	837
2006-09-06	00:00	80.39	80.66	80.16	80.30	787
2006-09-07	00:00	79.92	80.33	79.30	79.36	1013
2006-09-08	00:00	79.81	80.72	79.59	80.61	852
2006-09-11	00:00	80.43	81.17	80.30	80.95	1169
2006-09-12	00:00	81.12	82.46	81.12	82.25	992
2006-09-13	00:00	82.28	82.67	81.84	82.20	1117
2006-09-14	00:00	82.18	82.97	81.75	82.52	1064
2006-09-15	00:00	83.28	83.54	82.79	82.81	888
2006-09-18	00:00	82.80	83.18	82.17	82.24	1108
2006-09-19	00:00	81.96	82.05	81.41	81.89	1022
2006-09-20	00:00	82.74	83.76	82.66	83.39	1007
2006-09-21	00:00	82.88	83.06	81.36	81.63	1250
2006-09-22	00:00	81.69	82.05	81.01	81.18	1226
2006-09-25	00:00	81.58	82.22	81.27	81.97	1013
2006-09-26	00:00	81.71	82.63	81.71	82.48	1184
2006-09-27	00:00	82.32	82.64	81.70	82.07	1261
2006-09-28	00:00	81.96	82.19	81.69	81.95	813
2006-09-29	00:00	81.94	82.76	81.86	81.94	1042
2006-10-02	00:00	81.72	82.44	81.62	81.89	961
2006-10-03	00:00	81.73	82.03	81.56	81.65	987
2006-10-04	00:00	81.84	83.22	81.70	83.09	1120
2006-10-05	00:00	82.80	83.18	82.59	82.94	1144
2006-10-06	00:00	82.51	83.75	82.51	83.14	1198
2006-10-09	00:00	83.51	84.04	83.10	84.00	997
2006-10-10	00:00	83.94	84.60	83.86	84.19	951
2006-10-11	00:00	84.12	84.66	83.80	84.24	1178
2006-10-12	00:00	84.21	84.87	84.16	84.74	932
2006-10-13	00:00	84.80	86.19	84.46	86.01	1154
2006-10-16	00:00	85.98	87.57	85.91	86.98	1870
2006-10-17	00:00	86.64	87.91	86.21	87.19	1948
2006-10-18	00:00	90.97	92.01	89.72	89.82	3161
2006-10-19	00:00	89.51	90.87	89.50	89.87	1697
2006-10-20	00:00	89.89	90.67	89.80	90.46	825
2006-10-23	00:00	90.49	91.97	90.49	91.52	1567
2006-10-24	00:00	91.08	91.92	91.08	91.48	1263
2006-10-25	00:00	91.72	91.96	90.95	91.86	1421
2006-10-26	00:00	91.76	91.89	91.25	91.55	1367
2006-10-27	00:00	91.56	91.86	90.57	90.80	1532
2006-10-30	00:00	90.67	91.97	90.67	91.50	1435
2006-10-31	00:00	91.94	92.64	91.50	92.17	1999
2006-11-01	00:00	92.53	92.62	91.50	91.77	2074
2006-11-02	00:00	91.81	91.81	91.25	91.67	1573
2006-11-03	00:00	92.22	92.31	91.18	91.41	1391
2006-11-06	00:00	91.76	92.71	91.50	92.59	1187
2006-11-07	00:00	92.66	93.36	92.59	92.67	983
2006-11-08	00:00	92.33	92.87	92.00	92.58	1510
2006-11-09	00:00	92.56	93.16	92.36	92.46	1238
2006-11-10	00:00	92.21	92.27	91.63	91.77	960
2006-11-13	00:00	91.63	92.37	91.63	92.04	1085
2006-11-14	00:00	92.41	93.25	91.64	93.25	1329
2006-11-15	00:00	92.97	93.25	92.53	93.13	987
2006-11-16	00:00	93.14	93.57	92.59	93.43	950
2006-11-17	00:00	93.51	93.97	93.42	93.76	877
2006-11-20	00:00	93.66	93.77	93.00	93.23	1009
2006-11-21	00:00	93.03	93.40	92.85	93.05	846
2006-11-22	00:00	93.29	93.71	92.80	93.54	803
2006-11-24	00:00	92.98	93.72	92.97	93.37	480
2006-11-27	00:00	93.17	93.20	91.11	91.45	1370
2006-11-28	00:00	90.86	91.54	90.80	91.28	1559
2006-11-29	00:00	91.57	91.59	91.00	91.50	1155
2006-11-30	00:00	91.89	92.44	91.50	91.92	1593
2006-12-01	00:00	91.66	91.83	90.54	91.22	1740
2006-12-04	00:00	92.62	93.92	92.36	93.47	1159
2006-12-05	00:00	93.89	94.61	93.61	94.40	1252
2006-12-06	00:00	94.35	94.84	94.00	94.16	897
2006-12-07	00:00	94.33	94.38	93.55	94.17	1361
2006-12-08	00:00	93.91	94.35	93.46	93.82	1479
2006-12-11	00:00	93.91	94.32	93.57	93.63	981
2006-12-12	00:00	93.74	94.78	93.31	94.12	2624
2006-12-13	00:00	94.92	95.28	94.49	94.75	1718
2006-12-14	00:00	94.77	95.69	94.54	95.32	1377
2006-12-15	00:00	95.62	95.76	95.04	95.25	1130
2006-12-18	00:00	95.22	96.13	95.02	95.45	1520
2006-12-19	00:00	95.32	96.35	94.91	96.07	1273
2006-12-20	00:00	96.32	96.45	95.74	95.96	1087
2006-12-21	00:00	95.91	96.46	95.52	95.96	1485
2006-12-22	00:00	95.89	95.94	95.23	95.23	1394
2006-12-26	00:00	95.08	95.77	95.01	95.68	937
2006-12-27	00:00	96.38	97.21	96.30	97.16	869
2006-12-28	00:00	97.33	97.36	96.86	96.91	1011
2006-12-29	00:00	97.13	97.85	97.02	97.20	930
2007-01-03	00:00	96.85	98.37	96.76	97.24	1887
2007-01-04	00:00	97.50	98.75	97.30	98.32	1753
2007-01-05	00:00	97.49	97.68	96.92	97.44	1787
2007-01-08	00:00	98.67	99.46	98.45	98.89	1912
2007-01-09	00:00	99.11	100.27	99.10	100.02	1778
2007-01-10	00:00	98.66	99.00	97.97	98.89	1608
2007-01-11	00:00	98.61	99.67	98.49	98.61	1457
2007-01-12	00:00	99.11	99.66	98.51	99.24	1138
2007-01-15	00:00	99.25	99.44	99.23	99.43	165
2007-01-16	00:00	99.88	100.79	99.51	100.77	1330
2007-01-17	00:00	100.30	100.85	99.91	100.07	1481
2007-01-18	00:00	99.76	99.89	98.91	99.25	2351
2007-01-19	00:00	95.22	96.77	94.60	96.14	2505
2007-01-22	00:00	96.58	97.20	96.13	97.10	1377
2007-01-23	00:00	97.05	97.35	96.19	97.07	1532
2007-01-24	00:00	97.26	97.55	96.58	97.30	1568
2007-01-25	00:00	97.57	97.89	97.22	97.52	1270
2007-01-26	00:00	97.66	97.77	96.85	97.42	1389
2007-01-29	00:00	97.82	98.63	97.70	98.55	1098
2007-01-30	00:00	98.64	99.41	98.48	99.36	947
2007-01-31	00:00	98.68	99.43	98.33	99.10	1380
2007-02-01	00:00	98.79	99.14	97.96	98.99	1159
2007-02-02	00:00	99.15	99.70	98.86	99.21	1080
2007-02-05	00:00	99.29	100.41	99.00	100.32	903
2007-02-06	00:00	99.83	100.36	99.65	99.82	1010
2007-02-07	00:00	99.89	100.32	99.11	99.54	906
2007-02-08	00:00	99.16	99.68	98.76	99.67	1175
2007-02-09	00:00	99.32	99.67	97.83	98.55	1292
2007-02-12	00:00	99.07	99.11	98.21	98.60	1166
2007-02-13	00:00	98.44	98.57	97.80	98.26	963
2007-02-14	00:00	98.52	99.40	98.25	99.22	814
2007-02-15	00:00	99.40	99.47	98.51	98.97	1079
2007-02-16	00:00	98.79	99.16	98.62	98.97	758
2007-02-19	00:00	98.77	98.77	98.77	98.77	65
2007-02-20	00:00	98.76	99.43	98.55	99.33	866
2007-02-21	00:00	99.15	99.33	98.70	99.08	882
2007-02-22	00:00	99.07	99.47	97.77	98.52	1145
2007-02-23	00:00	97.80	98.20	97.44	97.69	1004
2007-02-26	00:00	97.40	97.46	96.47	96.89	1075
2007-02-27	00:00	95.76	95.92	93.05	93.96	2637
2007-02-28	00:00	93.73	94.02	92.47	92.93	2723
2007-03-01	00:00	89.87	93.01	89.87	92.25	2616
2007-03-02	00:00	91.70	92.33	90.86	90.97	2512
2007-03-05	00:00	90.71	92.08	90.71	91.73	1739
2007-03-06	00:00	92.69	93.85	92.62	93.77	1335
2007-03-07	00:00	94.14	94.82	93.95	93.97	1351
2007-03-08	00:00	94.66	94.77	92.52	92.95	1659
2007-03-09	00:00	93.52	93.97	92.83	93.29	1750
2007-03-12	00:00	93.72	94.21	93.11	94.21	880
2007-03-13	00:00	93.91	94.43	92.63	92.75	1800
2007-03-14	00:00	93.16	93.95	92.11	93.61	1907
2007-03-15	00:00	93.85	93.91	93.08	93.30	1052
2007-03-16	00:00	93.50	93.57	92.82	93.11	853
2007-03-19	00:00	93.83	94.27	93.52	93.65	883
2007-03-20	00:00	93.70	94.64	93.70	94.63	735
2007-03-21	00:00	94.12	95.77	93.87	95.18	1130
2007-03-22	00:00	94.76	95.33	94.66	95.04	1123
2007-03-23	00:00	94.86	95.19	94.72	94.94	885
2007-03-26	00:00	94.92	95.16	94.33	94.96	1290
2007-03-27	00:00	94.71	94.99	94.20	94.66	1053
2007-03-28	00:00	94.01	94.92	93.80	94.19	1551
2007-03-29	00:00	94.76	95.07	93.96	94.55	1151
2007-03-30	00:00	94.35	94.72	93.58	94.21	1438
2007-04-02	00:00	94.33	95.47	94.05	95.21	1054
2007-04-03	00:00	95.43	96.20	95.42	96.05	879
2007-04-04	00:00	95.77	96.41	95.58	96.15	940
2007-04-05	00:00	95.93	96.71	95.75	96.51	720
2007-04-06	00:00	96.02	96.04	96.02	96.04	80
2007-04-09	00:00	96.37	96.89	96.13	96.55	900
2007-04-10	00:00	96.35	96.75	96.29	96.43	927
2007-04-11	00:00	96.42	96.42	94.95	95.11	1156
2007-04-12	00:00	94.77	95.77	94.55	95.67	935
2007-04-13	00:00	95.43	95.48	94.58	94.89	1094
2007-04-16	00:00	95.02	96.24	94.99	96.10	1207
2007-04-17	00:00	96.27	97.60	96.02	97.12	1438
2007-04-18	00:00	94.77	95.83	94.41	94.77	1850
2007-04-19	00:00	94.55	94.83	94.20	94.26	994
2007-04-20	00:00	94.73	94.82	93.90	94.58	962
2007-04-23	00:00	95.30	95.67	95.08	95.23	1013
2007-04-24	00:00	98.05	99.66	98.05	98.52	1738
2007-04-25	00:00	99.35	101.64	98.96	101.48	1391
2007-04-26	00:00	101.08	101.39	100.49	100.88	1085
2007-04-27	00:00	100.44	101.11	100.16	101.11	1048
2007-04-30	00:00	101.27	102.97	101.24	102.21	1186
2007-05-01	00:00	102.46	103.14	102.12	103.13	1239
2007-05-02	00:00	102.90	103.11	102.12	102.18	1075
2007-05-03	00:00	102.16	102.97	101.93	102.75	1091
2007-05-04	00:00	102.54	103.00	102.25	102.96	1152
2007-05-07	00:00	102.91	103.15	102.41	103.12	976
2007-05-08	00:00	102.46	103.36	102.26	103.29	1098
2007-05-09	00:00	104.30	104.71	103.80	104.39	1306
2007-05-10	00:00	103.80	105.07	103.77	104.68	1360
2007-05-11	00:00	105.15	105.93	104.80	105.93	1177
2007-05-14	00:00	106.05	106.21	104.82	105.51	1225
2007-05-15	00:00	105.45	105.77	104.70	104.79	1522
2007-05-16	00:00	105.23	105.85	104.52	105.83	1202
2007-05-17	00:00	105.66	106.15	104.74	105.29	1510
2007-05-18	00:00	106.15	108.01	106.05	107.97	1356
2007-05-21	00:00	107.57	107.97	106.87	106.88	1038
2007-05-22	00:00	107.16	107.21	106.01	106.67	1128
2007-05-23	00:00	106.74	106.74	105.25	105.45	1510
2007-05-24	00:00	105.10	105.95	103.55	103.87	2120
2007-05-25	00:00	104.11	105.39	104.05	105.11	1212
2007-05-29	00:00	106.12	106.58	105.30	105.75	1685
2007-05-30	00:00	105.40	107.02	105.32	106.95	1832
2007-05-31	00:00	107.00	107.30	106.01	106.61	1557
2007-06-01	00:00	106.87	107.19	106.02	106.49	1127
2007-06-04	00:00	106.00	106.42	105.57	106.23	1036
2007-06-05	00:00	106.26	106.39	105.52	105.80	1283
2007-06-06	00:00	104.93	105.08	102.40	102.46	1301
2007-06-07	00:00	102.88	103.02	101.58	101.76	2127
2007-06-08	00:00	102.02	103.17	101.91	103.05	1337
2007-06-11	00:00	102.67	103.96	102.67	103.12	1124
2007-06-12	00:00	102.91	103.16	102.16	102.33	1665
2007-06-13	00:00	102.87	103.13	102.10	103.10	1522
2007-06-14	00:00	102.88	104.21	102.83	103.79	1112
2007-06-15	00:00	104.65	105.16	103.91	105.07	986
2007-06-18	00:00	105.43	105.61	104.88	105.33	1060
2007-06-19	00:00	105.08	106.63	105.07	106.58	1011
2007-06-20	00:00	106.27	106.98	106.01	106.01	1407
2007-06-21	00:00	105.72	106.97	105.67	106.58	1693
2007-06-22	00:00	105.90	106.41	104.83	105.02	1645
2007-06-25	00:00	104.87	105.74	104.49	105.15	1753
2007-06-26	00:00	105.05	106.02	104.85	105.33	2173
2007-06-27	00:00	104.63	105.44	104.49	105.39	1589
2007-06-28	00:00	105.33	106.73	105.21	105.99	1868
2007-06-29	00:00	105.87	106.54	104.10	105.18	1621
2007-07-02	00:00	105.32	105.57	104.58	104.93	1120
2007-07-03	00:00	105.45	107.04	105.45	106.48	698
2007-07-05	00:00	106.46	108.36	106.46	108.08	1343
2007-07-06	00:00	108.10	109.63	107.69	109.05	1651
2007-07-09	00:00	108.89	109.32	108.21	109.01	1327
2007-07-10	00:00	108.52	109.10	108.50	108.58	2489
2007-07-11	00:00	108.90	109.55	108.67	109.05	1747
2007-07-12	00:00	109.60	109.61	108.43	109.21	1647
2007-07-13	00:00	108.70	109.13	108.10	108.52	1201
2007-07-16	00:00	108.65	110.00	108.42	109.69	1361
2007-07-17	00:00	109.77	111.42	109.66	110.79	1685
2007-07-18	00:00	110.58	111.83	110.27	111.10	2933
2007-07-19	00:00	115.36	116.43	115.27	116.17	2686
2007-07-20	00:00	115.63	115.82	113.95	114.96	2673
2007-07-23	00:00	115.26	116.40	115.23	116.33	1449
2007-07-24	00:00	115.38	116.96	115.38	116.52	2892
2007-07-25	00:00	115.66	118.35	115.66	117.93	3310
2007-07-26	00:00	117.38	118.77	115.52	116.96	5643
2007-07-27	00:00	116.60	117.91	115.72	115.79	4228
2007-07-30	00:00	115.36	115.42	113.55	114.33	3126
2007-07-31	00:00	113.80	114.19	110.19	110.35	3465
2007-08-01	00:00	111.05	112.67	110.23	112.23	5133
2007-08-02	00:00	111.90	114.02	111.51	113.30	3222
2007-08-03	00:00	113.61	114.13	111.70	111.93	3357
2007-08-06	00:00	112.14	113.77	111.93	113.69	3191
2007-08-07	00:00	113.52	114.14	112.29	113.42	3572
2007-08-08	00:00	114.45	114.51	112.49	112.90	3731
2007-08-09	00:00	112.08	114.45	110.85	110.91	4952
2007-08-10	00:00	109.76	113.45	109.72	112.38	6375
2007-08-13	00:00	112.49	113.89	112.33	112.75	2966
2007-08-14	00:00	112.61	113.00	111.74	111.95	3504
2007-08-15	00:00	111.36	112.76	110.01	111.18	4174
2007-08-16	00:00	110.80	111.24	106.58	109.69	5934
2007-08-17	00:00	111.92	112.64	108.69	110.62	5119
2007-08-20	00:00	110.82	110.98	109.19	109.29	2919
2007-08-21	00:00	108.92	110.07	108.10	109.12	2701
2007-08-22	00:00	109.73	110.47	109.15	109.97	1993
2007-08-23	00:00	110.27	111.63	110.02	111.52	1768
2007-08-24	00:00	111.17	113.14	110.83	113.14	1817
2007-08-27	00:00	113.02	113.80	112.80	113.27	1476
2007-08-28	00:00	113.00	113.55	111.64	111.87	1887
2007-08-29	00:00	112.45	114.94	112.07	114.55	1967
2007-08-30	00:00	114.14	115.97	113.92	115.27	2539
2007-08-31	00:00	115.68	117.30	115.55	116.69	1876
2007-09-03	00:00	116.52	116.52	116.52	116.52	16
2007-09-04	00:00	116.54	118.86	116.54	118.15	1522
2007-09-05	00:00	117.48	118.10	116.57	117.89	2382
2007-09-06	00:00	117.67	118.72	116.26	117.62	2083
2007-09-07	00:00	116.13	116.57	115.33	115.52	2712
2007-09-10	00:00	116.49	117.42	115.35	115.80	2547
2007-09-11	00:00	116.64	117.75	116.64	117.35	1465
2007-09-12	00:00	116.87	117.36	115.70	115.96	1840
2007-09-13	00:00	116.16	116.97	115.76	115.91	1548
2007-09-14	00:00	115.58	115.97	114.66	115.19	1767
2007-09-17	00:00	114.61	115.22	114.30	114.52	1500
2007-09-18	00:00	114.87	116.75	114.85	116.50	2471
2007-09-19	00:00	116.47	116.92	115.77	116.64	1722
2007-09-20	00:00	116.74	117.62	116.30	116.80	2096
2007-09-21	00:00	117.32	118.07	116.39	116.73	1535
2007-09-24	00:00	116.69	117.41	115.85	116.22	1957
2007-09-25	00:00	116.55	117.55	115.80	116.52	2017
2007-09-26	00:00	117.21	118.02	117.10	117.30	1874
2007-09-27	00:00	117.48	118.17	117.04	117.73	2007
2007-09-28	00:00	117.47	118.44	117.33	117.83	1749
2007-10-01	00:00	117.90	119.47	117.89	119.05	1906
2007-10-02	00:00	118.58	119.57	118.13	118.24	1887
2007-10-03	00:00	117.60	117.77	116.30	116.41	1725
2007-10-04	00:00	115.64	116.19	115.04	115.58	1620
2007-10-05	00:00	115.70	116.68	115.61	116.21	1353
2007-10-08	00:00	116.23	118.21	116.12	117.76	1254
2007-10-09	00:00	117.83	118.47	116.44	118.30	1820
2007-10-10	00:00	118.21	118.75	117.71	118.52	1364
2007-10-11	00:00	118.54	121.43	117.45	118.02	3725
2007-10-12	00:00	118.01	118.29	117.30	117.75	2136
2007-10-15	00:00	118.15	118.33	116.75	117.99	2407
2007-10-16	00:00	118.43	119.89	117.50	119.58	3092
2007-10-17	00:00	117.64	117.71	115.10	115.10	4093
2007-10-18	00:00	115.21	116.37	114.45	114.76	2664
2007-10-19	00:00	114.66	114.83	111.80	112.13	3840
2007-10-22	00:00	111.12	113.83	111.08	113.46	3282
2007-10-23	00:00	113.91	114.77	113.52	114.71	2182
2007-10-24	00:00	113.98	114.42	111.69	113.00	3603
2007-10-25	00:00	113.20	114.36	111.70	112.69	3462
2007-10-26	00:00	112.93	113.97	112.13	113.80	2117
2007-10-29	00:00	114.55	115.14	114.08	114.99	1297
2007-10-30	00:00	114.13	114.65	113.94	114.15	1399
2007-10-31	00:00	113.91	116.21	113.89	115.92	2454
2007-11-01	00:00	115.55	116.05	113.33	113.61	2570
2007-11-02	00:00	114.91	115.10	113.62	114.66	3407
2007-11-05	00:00	113.77	114.33	112.83	113.40	3253
2007-11-06	00:00	113.73	113.77	111.70	113.20	2775
2007-11-07	00:00	112.08	113.57	110.90	110.94	3707
2007-11-08	00:00	110.05	110.10	103.99	106.02	6568
2007-11-09	00:00	104.27	104.55	99.33	100.27	6844
2007-11-12	00:00	101.02	104.13	100.83	101.37	4156
2007-11-13	00:00	103.01	105.71	102.51	105.29	3323
2007-11-14	00:00	105.96	106.37	102.93	103.01	2772
2007-11-15	00:00	103.26	105.52	103.08	103.67	3861
2007-11-16	00:00	104.38	104.95	103.25	104.63	4029
2007-11-19	00:00	104.57	105.35	101.35	102.18	3339
2007-11-20	00:00	102.36	104.92	101.38	103.47	4602
2007-11-21	00:00	102.55	104.05	102.01	102.07	3627
2007-11-23	00:00	102.67	104.15	102.61	103.97	1250
2007-11-26	00:00	104.30	105.08	101.77	101.80	3192
2007-11-27	00:00	101.97	104.52	101.69	103.86	3403
2007-11-28	00:00	104.44	108.23	104.33	107.32	2615
2007-11-29	00:00	106.72	107.82	106.26	107.51	2848
2007-11-30	00:00	108.64	108.71	103.94	105.70	3076
2007-12-03	00:00	105.43	107.10	104.61	105.86	2404
2007-12-04	00:00	105.68	107.38	105.57	106.66	2259
2007-12-05	00:00	107.58	108.48	106.98	108.19	1677
2007-12-06	00:00	107.75	109.96	107.75	109.73	1821
2007-12-07	00:00	109.87	109.91	107.96	108.83	1874
2007-12-10	00:00	108.99	110.23	108.99	109.42	1536
2007-12-11	00:00	109.00	110.35	106.49	106.92	2848
2007-12-12	00:00	108.87	110.16	107.40	108.52	3365
2007-12-13	00:00	107.83	108.57	106.95	108.24	2692
2007-12-14	00:00	107.47	107.54	104.11	105.70	3239
2007-12-17	00:00	105.57	105.58	104.02	104.55	2439
2007-12-18	00:00	104.35	106.92	104.15	106.27	2677
2007-12-19	00:00	106.18	108.35	105.93	106.99	2001
2007-12-20	00:00	108.38	109.44	108.10	108.93	2260
2007-12-21	00:00	109.58	111.13	109.16	110.91	2010
2007-12-24	00:00	110.77	111.97	110.70	111.70	770
2007-12-27	00:00	110.75	111.38	109.49	109.55	1772
2007-12-28	00:00	110.23	110.70	109.10	109.95	1961
2008-01-02	00:00	107.83	108.52	104.18	104.75	3250
2008-01-03	00:00	104.41	105.50	103.99	104.92	2434
2008-01-04	00:00	103.66	103.70	100.48	101.10	3022
2008-01-07	00:00	100.17	100.96	99.05	100.08	3493
2008-01-08	00:00	100.01	100.29	97.20	97.35	3627
2008-01-09	00:00	98.25	99.10	97.17	98.30	4014
2008-01-10	00:00	97.80	100.82	97.19	99.82	4617
2008-01-11	00:00	99.33	99.33	97.05	97.55	2937
2008-01-14	00:00	105.39	105.45	102.14	102.99	4318
2008-01-15	00:00	102.57	104.47	101.16	101.72	4011
2008-01-16	00:00	100.21	102.74	100.20	101.50	4186
2008-01-17	00:00	102.53	103.30	100.00	101.68	4428
2008-01-18	00:00	106.51	106.52	102.47	102.97	5476
2008-01-21	00:00	103.07	103.07	103.06	103.06	16
2008-01-22	00:00	98.99	102.94	98.87	101.12	7026
2008-01-23	00:00	100.04	106.00	98.44	105.97	7005
2008-01-24	00:00	106.30	107.40	104.60	106.78	4883
2008-01-25	00:00	107.46	107.46	104.05	104.33	4638
2008-01-28	00:00	104.53	105.63	103.78	104.96	3768
2008-01-29	00:00	105.65	106.67	104.52	106.03	2673
2008-01-30	00:00	105.12	107.52	104.79	105.47	4070
2008-01-31	00:00	104.35	107.81	103.66	107.08	4325
2008-02-01	00:00	107.11	109.28	105.80	108.94	3594
2008-02-04	00:00	108.14	108.29	107.16	107.78	2736
2008-02-05	00:00	106.72	107.92	104.63	104.85	3586
2008-02-06	00:00	105.42	106.37	103.50	103.50	2861
2008-02-07	00:00	102.66	103.88	100.54	102.16	4778
2008-02-08	00:00	102.36	103.55	101.96	103.16	3559
2008-02-11	00:00	102.97	105.45	102.94	105.14	12839
2008-02-12	00:00	104.78	107.22	104.75	106.42	12237
2008-02-13	00:00	107.22	108.83	106.74	108.26	10138
2008-02-14	00:00	108.12	108.13	105.84	105.93	12305
2008-02-15	00:00	105.61	106.15	104.91	106.05	9107
2008-02-19	00:00	106.59	107.51	104.55	104.88	9116
2008-02-20	00:00	104.48	108.11	104.47	107.69	14334
2008-02-21	00:00	107.99	109.49	106.34	106.79	11834
2008-02-22	00:00	106.57	108.32	105.63	108.01	11667
2008-02-25	00:00	107.43	110.22	107.40	109.94	12433
2008-02-26	00:00	109.26	114.89	109.08	114.33	16262
2008-02-27	00:00	112.96	116.52	112.85	116.28	12760
2008-02-28	00:00	115.61	115.79	114.47	115.15	13154
2008-02-29	00:00	113.94	115.03	113.25	113.87	11372
2008-03-03	00:00	113.82	114.71	113.39	114.17	12713
2008-03-04	00:00	113.24	115.63	112.66	115.63	13579
2008-03-05	00:00	115.13	115.90	114.17	115.19	14700
2008-03-06	00:00	114.61	114.97	112.17	112.44	13789
2008-03-07	00:00	111.87	114.65	111.85	113.85	16328
2008-03-10	00:00	113.99	115.89	113.31	114.03	16088
2008-03-11	00:00	115.56	116.43	114.00	116.43	14619
2008-03-12	00:00	115.97	117.90	115.03	116.94	12755
2008-03-13	00:00	115.36	116.64	113.55	115.82	20868
2008-03-14	00:00	115.47	115.97	112.61	115.14	23703
2008-03-17	00:00	113.24	116.90	112.91	115.35	20007
2008-03-18	00:00	116.28	118.22	115.49	118.20	14779
2008-03-19	00:00	116.98	118.40	116.60	116.77	17350
2008-03-20	00:00	117.25	118.38	116.56	118.30	13199
2008-03-24	00:00	118.43	119.69	118.11	118.93	9641
2008-03-25	00:00	117.96	118.69	117.04	117.95	11800
2008-03-26	00:00	117.21	117.84	114.89	116.77	11480
2008-03-27	00:00	115.47	116.08	114.44	115.50	12234
2008-03-28	00:00	116.23	116.63	114.12	114.43	10178
2008-03-31	00:00	113.83	115.76	113.25	114.95	10447
2008-04-01	00:00	115.59	118.27	115.07	116.37	10297
2008-04-02	00:00	116.33	116.51	113.90	114.69	10938
2008-04-03	00:00	114.29	116.72	113.80	115.96	9721
2008-04-04	00:00	115.39	116.47	114.51	115.71	10663
2008-04-07	00:00	116.02	117.25	115.74	116.07	9335
2008-04-08	00:00	115.47	116.76	115.23	116.17	8042
2008-04-09	00:00	116.35	117.61	115.63	116.74	10323
2008-04-10	00:00	117.06	119.11	117.06	118.72	11427
2008-04-11	00:00	117.56	117.68	115.42	116.11	9532
2008-04-14	00:00	115.97	117.85	115.95	117.32	9372
2008-04-15	00:00	117.03	117.58	115.45	117.18	9447
2008-04-16	00:00	118.31	120.22	117.66	120.07	10322
2008-04-17	00:00	121.00	123.61	120.84	123.09	13327
2008-04-18	00:00	123.34	124.89	123.09	124.38	8697
2008-04-21	00:00	123.43	124.41	122.34	124.21	8030
2008-04-22	00:00	123.27	124.25	122.93	123.70	8339
2008-04-23	00:00	123.23	124.61	122.88	123.50	9120
2008-04-24	00:00	123.36	124.80	122.63	124.03	9036
2008-04-25	00:00	123.97	124.08	121.97	123.05	9048
2008-04-28	00:00	122.62	122.75	121.56	121.75	6579
2008-04-29	00:00	122.05	123.10	121.97	122.61	7525
2008-04-30	00:00	123.03	123.15	120.41	120.43	9638
2008-05-01	00:00	121.59	124.34	121.32	123.39	9451
2008-05-02	00:00	123.72	123.72	121.68	122.89	8225
2008-05-05	00:00	121.97	123.14	121.65	122.00	5689
2008-05-06	00:00	121.07	123.24	120.69	122.75	7984
2008-05-07	00:00	122.72	124.87	122.31	123.85	9324
2008-05-08	00:00	123.74	125.05	123.65	124.88	8157
2008-05-09	00:00	124.03	124.55	123.54	123.99	7369
2008-05-12	00:00	123.73	125.88	123.68	125.13	7878
2008-05-13	00:00	125.15	126.60	124.98	126.31	7580
2008-05-14	00:00	126.43	128.72	126.16	127.36	5641
2008-05-15	00:00	127.02	128.55	126.95	128.28	8173
2008-05-16	00:00	128.06	128.37	126.74	127.72	8114
2008-05-19	00:00	127.24	128.11	125.96	126.44	8593
2008-05-20	00:00	125.68	125.87	124.36	125.25	8927
2008-05-21	00:00	124.94	126.27	122.93	123.51	11779
2008-05-22	00:00	123.60	125.24	123.60	124.57	8909
2008-05-23	00:00	124.32	124.80	123.69	124.20	8578
2008-05-27	00:00	124.09	127.29	124.09	127.22	8456
2008-05-28	00:00	127.05	129.39	126.91	129.32	10548
2008-05-29	00:00	128.82	129.89	128.78	129.45	8157
2008-05-30	00:00	129.50	129.89	128.96	129.33	5417
2008-06-02	00:00	128.60	129.26	126.61	127.24	9576
2008-06-03	00:00	127.97	128.90	127.41	127.75	10988
2008-06-04	00:00	127.54	128.39	126.37	127.40	10532
2008-06-05	00:00	127.26	128.90	127.10	128.27	8438
2008-06-06	00:00	127.71	127.72	124.65	124.65	13982
2008-06-09	00:00	124.98	126.06	124.00	125.81	11437
2008-06-10	00:00	125.16	126.61	124.54	125.77	12391
2008-06-11	00:00	125.39	125.43	122.77	123.12	13293
2008-06-12	00:00	124.06	124.99	123.03	123.77	10812
2008-06-13	00:00	124.75	126.47	124.53	125.99	10730
2008-06-16	00:00	125.14	127.03	124.55	126.55	8803
2008-06-17	00:00	126.63	126.86	124.52	124.92	8431
2008-06-18	00:00	124.08	125.33	123.65	124.13	11265
2008-06-19	00:00	123.47	125.51	122.37	124.89	10317
2008-06-20	00:00	123.92	124.70	122.41	122.77	11062
2008-06-23	00:00	123.19	124.39	122.33	123.41	9832
2008-06-24	00:00	123.58	124.15	121.81	123.37	11768
2008-06-25	00:00	123.64	125.72	123.61	124.50	11328
2008-06-26	00:00	123.23	123.64	120.69	120.96	14937
2008-06-27	00:00	120.85	121.93	118.17	119.91	13935
2008-06-30	00:00	119.71	120.09	118.06	118.27	10909
2008-07-01	00:00	117.80	119.25	116.53	119.21	15375
2008-07-02	00:00	118.81	120.45	118.44	119.05	13543
2008-07-03	00:00	120.25	120.65	118.02	119.61	9367
2008-07-07	00:00	120.22	122.52	119.80	121.29	14264
2008-07-08	00:00	121.41	123.88	121.20	123.74	16997
2008-07-09	00:00	123.72	124.36	120.34	120.34	14373
2008-07-10	00:00	120.88	123.44	120.88	123.18	18626
2008-07-11	00:00	121.89	123.62	120.50	122.10	18853
2008-07-14	00:00	123.84	124.05	121.15	121.40	18734
2008-07-15	00:00	121.09	124.40	119.86	123.07	19798
2008-07-16	00:00	122.21	126.79	122.20	125.86	15477
2008-07-17	00:00	124.92	126.86	123.91	126.46	16551
2008-07-18	00:00	126.87	129.90	126.41	129.72	15015
2008-07-21	00:00	129.28	129.65	127.54	128.51	12210
2008-07-22	00:00	128.03	129.90	127.31	129.89	13295
2008-07-23	00:00	129.56	130.22	128.20	129.50	13451
2008-07-24	00:00	128.78	130.82	128.74	129.95	11348
2008-07-25	00:00	128.94	129.70	127.91	128.34	10367
2008-07-28	00:00	127.49	128.33	126.04	126.20	9075
2008-07-29	00:00	126.50	128.06	126.16	127.44	10619
2008-07-30	00:00	128.35	128.90	127.00	128.63	13177
2008-07-31	00:00	127.83	129.40	127.67	127.82	11313
2008-08-01	00:00	128.71	128.82	126.19	126.46	10617
2008-08-04	00:00	126.91	127.93	126.17	127.39	10782
2008-08-05	00:00	127.53	128.79	127.02	128.75	9700
2008-08-06	00:00	128.30	129.40	127.67	129.10	8755
2008-08-07	00:00	128.29	129.86	127.83	129.04	10081
2008-08-08	00:00	128.31	129.75	127.58	128.57	10584
2008-08-11	00:00	128.10	128.28	125.66	126.57	11059
2008-08-12	00:00	126.35	126.37	124.31	125.12	10514
2008-08-13	00:00	125.11	126.88	124.68	125.86	12390
2008-08-14	00:00	125.09	128.15	124.71	126.88	11237
2008-08-15	00:00	126.76	127.02	125.25	126.30	10558
2008-08-18	00:00	126.66	126.87	123.59	124.55	10924
2008-08-19	00:00	124.15	124.68	121.92	122.52	10154
2008-08-20	00:00	123.37	123.86	121.93	122.44	10194
2008-08-21	00:00	122.07	123.34	121.61	122.88	10224
2008-08-22	00:00	123.18	125.23	123.03	124.94	8955
2008-08-25	00:00	123.91	124.82	122.61	122.80	9119
2008-08-26	00:00	122.66	122.69	121.41	122.30	8749
2008-08-27	00:00	122.33	124.74	122.07	123.29	7302
2008-08-28	00:00	123.73	125.34	123.70	124.34	7766
2008-08-29	00:00	123.49	123.86	121.54	121.66	7798
2008-09-02	00:00	123.03	123.90	117.81	118.29	12424
2008-09-03	00:00	118.44	118.47	115.06	118.37	11101
2008-09-04	00:00	117.72	118.79	114.85	114.85	10679
2008-09-05	00:00	114.34	114.98	113.32	114.27	9104
2008-09-08	00:00	117.59	118.07	115.04	117.16	16988
2008-09-09	00:00	117.68	117.98	114.94	114.94	13252
2008-09-10	00:00	116.89	119.85	116.29	117.96	13952
2008-09-11	00:00	116.84	119.18	116.05	119.16	14299
2008-09-12	00:00	118.50	119.17	116.73	118.89	12834
2008-09-15	00:00	116.50	118.31	115.19	115.24	19289
2008-09-16	00:00	113.44	117.53	113.25	115.85	22522
2008-09-17	00:00	115.13	115.32	110.67	110.84	20068
2008-09-18	00:00	111.71	118.35	110.97	115.23	25322
2008-09-19	00:00	121.78	122.05	117.43	119.33	17962
2008-09-22	00:00	117.51	120.05	115.95	116.02	16151
2008-09-23	00:00	116.83	118.06	114.07	115.28	18146
2008-09-24	00:00	116.80	118.07	114.17	116.50	15167
2008-09-25	00:00	116.49	121.87	116.03	119.95	14005
2008-09-26	00:00	117.21	120.90	117.21	119.37	11560
2008-09-29	00:00	117.13	118.23	109.95	114.78	21348
2008-09-30	00:00	114.20	116.39	111.74	116.04	15020
2008-10-01	00:00	116.23	116.39	107.67	110.05	20653
2008-10-02	00:00	109.09	109.17	102.98	104.30	18054
2008-10-03	00:00	105.41	110.84	102.94	103.66	21064
2008-10-06	00:00	100.52	101.47	96.69	101.39	27119
2008-10-07	00:00	101.34	102.23	94.17	95.71	28983
2008-10-08	00:00	91.85	97.06	89.88	90.06	41492
2008-10-09	00:00	94.45	94.92	88.17	89.38	29493
2008-10-10	00:00	87.02	91.36	83.43	88.10	45822
2008-10-13	00:00	90.14	93.14	86.91	92.94	20334
2008-10-14	00:00	98.54	98.57	91.92	93.46	35017
2008-10-15	00:00	93.76	94.74	87.85	87.95	25714
2008-10-16	00:00	88.91	91.89	84.27	91.35	41305
2008-10-17	00:00	91.08	95.81	89.44	90.58	33781
2008-10-20	00:00	91.40	93.19	89.23	92.60	22241
2008-10-21	00:00	92.17	92.17	88.53	88.63	22108
2008-10-22	00:00	86.99	86.99	80.73	83.27	25770
2008-10-23	00:00	84.74	85.78	80.91	84.33	38904
2008-10-27	00:00	79.83	84.40	78.94	79.51	29818
2008-10-28	00:00	81.86	87.44	79.45	87.40	26349
2008-10-29	00:00	86.80	90.89	86.17	86.23	32970
2008-10-30	00:00	90.42	92.30	88.81	90.68	27776
2008-10-31	00:00	90.80	94.08	88.96	93.02	26256
2008-11-03	00:00	93.03	94.51	92.13	92.61	17394
2008-11-04	00:00	93.67	94.13	91.99	93.33	17449
2008-11-05	00:00	92.59	93.29	89.62	89.79	21864
2008-11-06	00:00	87.70	88.73	84.19	85.12	29348
2008-11-07	00:00	86.16	86.60	84.18	86.21	19123
2008-11-10	00:00	88.24	88.24	82.65	83.85	18153
2008-11-11	00:00	83.26	83.89	80.16	82.55	20442
2008-11-12	00:00	81.27	82.22	79.52	79.66	19084
2008-11-13	00:00	80.36	84.22	75.36	84.20	33137
2008-11-14	00:00	82.56	85.30	80.16	80.36	28120
2008-11-17	00:00	78.94	79.62	77.11	77.31	27481
2008-11-18	00:00	78.64	80.82	76.91	79.91	26175
2008-11-19	00:00	79.89	80.88	75.64	75.79	32514
2008-11-20	00:00	75.02	78.28	70.43	71.72	47020
2008-11-21	00:00	72.29	75.61	69.42	75.03	38992
2008-11-24	00:00	76.02	81.98	74.91	79.68	30746
2008-11-25	00:00	81.70	82.27	78.13	80.49	31173
2008-11-26	00:00	78.61	81.65	78.53	81.49	22834
2008-11-28	00:00	80.97	81.73	80.01	81.55	7358
2008-12-01	00:00	80.69	81.23	76.71	76.83	23266
2008-12-02	00:00	77.10	79.88	76.06	79.85	27811
2008-12-03	00:00	78.20	80.86	76.91	80.63	29298
2008-12-04	00:00	79.55	80.73	76.10	77.41	27073
2008-12-05	00:00	76.57	81.36	75.21	80.98	32090
2008-12-08	00:00	82.23	85.78	81.84	84.63	25292
2008-12-09	00:00	83.35	85.33	82.11	82.64	25188
2008-12-10	00:00	84.25	84.85	81.73	82.68	18295
2008-12-11	00:00	81.95	82.74	79.68	80.43	17873
2008-12-12	00:00	78.69	82.83	78.06	82.13	20492
2008-12-15	00:00	82.17	83.43	80.86	82.71	16866
2008-12-16	00:00	83.27	86.72	82.86	86.31	22065
2008-12-17	00:00	85.47	87.16	84.57	85.63	17683
2008-12-18	00:00	85.56	86.54	82.91	83.87	14308
2008-12-19	00:00	83.75	85.03	82.88	83.46	15487
2008-12-22	00:00	83.06	83.06	80.22	81.78	10606
2008-12-23	00:00	82.30	82.70	80.06	80.47	11978
2008-12-26	00:00	80.55	81.69	80.46	81.16	3772
2008-12-29	00:00	81.29	81.53	79.58	81.13	7349
2008-12-30	00:00	81.85	83.50	81.59	83.43	8835