2004-01-26	00:00	10566.0	10702.0	10561.0	10699.0	1307
2004-01-27	00:00	10697.0	10699.0	10611.0	10611.0	1154
2004-01-28	00:00	10608.0	10656.0	10436.0	10463.0	1920
2004-01-29	00:00	10466.0	10519.0	10416.0	10509.0	1792
2004-01-30	00:00	10507.0	10507.0	10437.0	10486.0	1444
2004-02-02	00:00	10487.0	10566.0	10433.0	10495.0	1985
2004-02-03	00:00	10497.0	10526.0	10455.0	10503.0	1176
2004-02-04	00:00	10501.0	10522.0	10445.0	10469.0	1705
2004-02-05	00:00	10469.0	10520.0	10452.0	10493.0	1346
2004-02-06	00:00	10493.0	10591.0	10463.0	10588.0	1534
2004-02-09	00:00	10590.0	10615.0	10562.0	10572.0	929
2004-02-10	00:00	10576.0	10624.0	10557.0	10609.0	1047
2004-02-11	00:00	10603.0	10744.0	10571.0	10731.0	1485
2004-02-12	00:00	10734.0	10734.0	10686.0	10692.0	954
2004-02-13	00:00	10692.0	10732.0	10603.0	10629.0	1292
2004-02-17	00:00	10626.0	10732.0	10626.0	10712.0	1230
2004-02-18	00:00	10710.0	10718.0	10645.0	10671.0	885
2004-02-19	00:00	10690.0	10751.0	10656.0	10660.0	1130
2004-02-20	00:00	10664.0	10685.0	10579.0	10622.0	1503
2004-02-23	00:00	10617.0	10642.0	10558.0	10602.0	1233
2004-02-24	00:00	10607.0	10634.0	10520.0	10568.0	1335
2004-02-25	00:00	10564.0	10613.0	10558.0	10603.0	997
2004-02-26	00:00	10595.0	10609.0	10537.0	10582.0	989
2004-02-27	00:00	10579.0	10650.0	10562.0	10585.0	1595
2004-03-01	00:00	10580.0	10693.0	10580.0	10674.0	1094
2004-03-02	00:00	10675.0	10676.0	10567.0	10589.0	1269
2004-03-03	00:00	10588.0	10607.0	10548.0	10592.0	1102
2004-03-04	00:00	10591.0	10601.0	10561.0	10584.0	826
2004-03-05	00:00	10579.0	10648.0	10523.0	10595.0	2241
2004-03-08	00:00	10593.0	10630.0	10526.0	10526.0	1039
2004-03-09	00:00	10527.0	10527.0	10422.0	10455.0	1374
2004-03-10	00:00	10454.0	10470.0	10285.0	10295.0	1648
2004-03-11	00:00	10293.0	10318.0	10118.0	10122.0	2750
2004-03-12	00:00	10126.0	10236.0	10126.0	10236.0	1776
2004-03-15	00:00	10236.0	10236.0	10091.0	10099.0	2084
2004-03-16	00:00	10100.0	10218.0	10100.0	10185.0	2273
2004-03-17	00:00	10184.0	10324.0	10184.0	10304.0	1179
2004-03-18	00:00	10298.0	10324.0	10212.0	10292.0	2131
2004-03-19	00:00	10292.0	10311.0	10181.0	10188.0	1502
2004-03-22	00:00	10187.0	10187.0	10010.0	10063.0	2005
2004-03-23	00:00	10071.0	10127.0	10046.0	10065.0	1860
2004-03-24	00:00	10065.0	10105.0	10006.0	10046.0	1781
2004-03-25	00:00	10046.0	10222.0	10046.0	10214.0	1340
2004-03-26	00:00	10216.0	10269.0	10179.0	10217.0	1256
2004-03-29	00:00	10210.0	10347.0	10210.0	10334.0	933
2004-03-30	00:00	10324.0	10360.0	10304.0	10356.0	921
2004-03-31	00:00	10378.0	10399.0	10314.0	10393.0	1265
2004-04-01	00:00	10393.0	10414.0	10341.0	10368.0	1300
2004-04-02	00:00	10369.0	10493.0	10369.0	10431.0	1274
2004-04-05	00:00	10448.0	10556.0	10448.0	10554.0	990
2004-04-06	00:00	10554.0	10568.0	10503.0	10564.0	1170
2004-04-07	00:00	10564.0	10564.0	10463.0	10481.0	1548
2004-04-08	00:00	10482.0	10551.0	10392.0	10438.0	1780
2004-04-09	00:00	10438.0	10438.0	10438.0	10438.0	50
2004-04-12	00:00	10439.0	10523.0	10439.0	10515.0	1069
2004-04-13	00:00	10514.0	10549.0	10361.0	10379.0	1263
2004-04-14	00:00	10378.0	10412.0	10321.0	10375.0	1960
2004-04-15	00:00	10375.0	10427.0	10320.0	10392.0	1666
2004-04-16	00:00	10396.0	10457.0	10375.0	10448.0	1122
2004-04-19	00:00	10449.0	10449.0	10398.0	10434.0	828
2004-04-20	00:00	10436.0	10484.0	10317.0	10317.0	1632
2004-04-21	00:00	10310.0	10329.0	10249.0	10320.0	1898
2004-04-22	00:00	10312.0	10493.0	10290.0	10473.0	1773
2004-04-23	00:00	10474.0	10480.0	10408.0	10471.0	1252
2004-04-26	00:00	10471.0	10509.0	10416.0	10442.0	1430
2004-04-27	00:00	10443.0	10534.0	10442.0	10478.0	1700
2004-04-28	00:00	10476.0	10476.0	10332.0	10339.0	1580
2004-04-29	00:00	10338.0	10404.0	10218.0	10271.0	2573
2004-04-30	00:00	10271.0	10330.0	10233.0	10233.0	2236
2004-05-03	00:00	10225.0	10325.0	10225.0	10308.0	1557
2004-05-04	00:00	10314.0	10382.0	10264.0	10314.0	1688
2004-05-05	00:00	10315.0	10344.0	10289.0	10312.0	1457
2004-05-06	00:00	10311.0	10311.0	10169.0	10237.0	1656
2004-05-07	00:00	10237.0	10268.0	10113.0	10114.0	2210
2004-05-10	00:00	10114.0	10114.0	9931.0	9991.0	2540
2004-05-11	00:00	9990.0	10035.0	9972.0	10020.0	1271
2004-05-12	00:00	10020.0	10044.0	9850.0	10044.0	2624
2004-05-13	00:00	10044.0	10071.0	9969.0	10003.0	2264
2004-05-14	00:00	10004.0	10062.0	9937.0	10010.0	1819
2004-05-17	00:00	10009.0	10009.0	9863.0	9903.0	2151
2004-05-18	00:00	9907.0	9984.0	9907.0	9968.0	1233
2004-05-19	00:00	9967.0	10090.0	9932.0	9941.0	1801
2004-05-20	00:00	9937.0	9967.0	9899.0	9939.0	1469
2004-05-21	00:00	9939.0	10034.0	9938.0	9969.0	1709
2004-05-24	00:00	9967.0	10042.0	9925.0	9961.0	1692
2004-05-25	00:00	9960.0	10119.0	9915.0	10118.0	1494
2004-05-26	00:00	10118.0	10126.0	10076.0	10108.0	1155
2004-05-27	00:00	10108.0	10219.0	10108.0	10201.0	1495
2004-05-28	00:00	10201.0	10213.0	10171.0	10190.0	854
2004-05-31	00:00	10188.0	10188.0	10187.0	10187.0	54
2004-06-01	00:00	10187.0	10211.0	10133.0	10200.0	1232
2004-06-02	00:00	10199.0	10286.0	10195.0	10261.0	1284
2004-06-03	00:00	10259.0	10279.0	10196.0	10196.0	1149
2004-06-04	00:00	10202.0	10299.0	10202.0	10243.0	1346
2004-06-07	00:00	10241.0	10385.0	10241.0	10385.0	1107
2004-06-08	00:00	10385.0	10428.0	10351.0	10425.0	1008
2004-06-09	00:00	10425.0	10426.0	10363.0	10364.0	909
2004-06-10	00:00	10366.0	10406.0	10366.0	10406.0	639
2004-06-11	00:00	10406.0	10406.0	10406.0	10406.0	50
2004-06-14	00:00	10408.0	10408.0	10305.0	10327.0	981
2004-06-15	00:00	10328.0	10425.0	10328.0	10380.0	1216
2004-06-16	00:00	10380.0	10391.0	10353.0	10377.0	812
2004-06-17	00:00	10377.0	10387.0	10338.0	10375.0	788
2004-06-18	00:00	10375.0	10435.0	10357.0	10407.0	917
2004-06-21	00:00	10415.0	10437.0	10361.0	10370.0	875
2004-06-22	00:00	10370.0	10398.0	10305.0	10395.0	1203
2004-06-23	00:00	10395.0	10484.0	10357.0	10475.0	1072
2004-06-24	00:00	10476.0	10484.0	10431.0	10446.0	778
2004-06-25	00:00	10446.0	10484.0	10393.0	10409.0	998
2004-06-28	00:00	10388.0	10461.0	10336.0	10355.0	1330
2004-06-29	00:00	10355.0	10426.0	10340.0	10412.0	1033
2004-06-30	00:00	10412.0	10468.0	10374.0	10438.0	1117
2004-07-01	00:00	10437.0	10445.0	10273.0	10326.0	1535
2004-07-02	00:00	10328.0	10328.0	10264.0	10278.0	1182
2004-07-05	00:00	10280.0	10280.0	10280.0	10280.0	49
2004-07-06	00:00	10278.0	10278.0	10189.0	10218.0	1229
2004-07-07	00:00	10210.0	10264.0	10200.0	10234.0	1001
2004-07-08	00:00	10235.0	10261.0	10164.0	10166.0	1469
2004-07-09	00:00	10167.0	10236.0	10167.0	10209.0	1131
2004-07-12	00:00	10208.0	10254.0	10161.0	10234.0	1115
2004-07-13	00:00	10235.0	10254.0	10229.0	10246.0	741
2004-07-14	00:00	10246.0	10284.0	10170.0	10205.0	1498
2004-07-15	00:00	10205.0	10232.0	10161.0	10165.0	1151
2004-07-16	00:00	10165.0	10229.0	10133.0	10141.0	1290
2004-07-19	00:00	10139.0	10145.0	10061.0	10092.0	1353
2004-07-20	00:00	10093.0	10152.0	10071.0	10144.0	1115
2004-07-21	00:00	10145.0	10234.0	10044.0	10044.0	1708
2004-07-22	00:00	10044.0	10070.0	9946.0	10046.0	1875
2004-07-23	00:00	10045.0	10046.0	9930.0	9962.0	1401
2004-07-26	00:00	9961.0	10000.0	9912.0	9966.0	1763
2004-07-27	00:00	9964.0	10100.0	9964.0	10083.0	1390
2004-07-28	00:00	10082.0	10144.0	9992.0	10119.0	1602
2004-07-29	00:00	10118.0	10160.0	10083.0	10130.0	1377
2004-07-30	00:00	10130.0	10147.0	10085.0	10136.0	1194
2004-08-02	00:00	10137.0	10200.0	10100.0	10178.0	1247
2004-08-03	00:00	10175.0	10175.0	10102.0	10113.0	1083
2004-08-04	00:00	10113.0	10159.0	10066.0	10122.0	1199
2004-08-05	00:00	10122.0	10124.0	9954.0	9959.0	1557
2004-08-06	00:00	9959.0	9959.0	9791.0	9812.0	1755
2004-08-09	00:00	9814.0	9856.0	9809.0	9816.0	1136
2004-08-10	00:00	9816.0	9939.0	9815.0	9939.0	1178
2004-08-11	00:00	9925.0	9951.0	9839.0	9934.0	1545
2004-08-12	00:00	9933.0	9933.0	9807.0	9813.0	1429
2004-08-13	00:00	9813.0	9852.0	9782.0	9823.0	1252
2004-08-16	00:00	9823.0	9964.0	9823.0	9953.0	1231
2004-08-17	00:00	9953.0	10021.0	9950.0	9967.0	1052
2004-08-18	00:00	9961.0	10079.0	9933.0	10079.0	1302
2004-08-19	00:00	10079.0	10079.0	9988.0	10034.0	1225
2004-08-20	00:00	10038.0	10124.0	10013.0	10105.0	1120
2004-08-23	00:00	10110.0	10127.0	10066.0	10074.0	972
2004-08-24	00:00	10073.0	10144.0	10060.0	10096.0	1098
2004-08-25	00:00	10096.0	10196.0	10066.0	10178.0	1134
2004-08-26	00:00	10178.0	10191.0	10154.0	10174.0	774
2004-08-27	00:00	10172.0	10208.0	10165.0	10197.0	671
2004-08-30	00:00	10191.0	10194.0	10121.0	10124.0	777
2004-08-31	00:00	10120.0	10167.0	10072.0	10167.0	1255
2004-09-01	00:00	10168.0	10206.0	10109.0	10163.0	1263
2004-09-02	00:00	10166.0	10299.0	10160.0	10293.0	1015
2004-09-03	00:00	10274.0	10319.0	10262.0	10266.0	1044
2004-09-06	00:00	10258.0	10258.0	10258.0	10258.0	26
2004-09-07	00:00	10276.0	10360.0	10276.0	10340.0	1244
2004-09-08	00:00	10340.0	10359.0	10303.0	10309.0	1079
2004-09-09	00:00	10313.0	10334.0	10268.0	10284.0	1134
2004-09-10	00:00	10287.0	10319.0	10236.0	10312.0	1207
2004-09-13	00:00	10304.0	10346.0	10291.0	10308.0	807
2004-09-14	00:00	10313.0	10337.0	10301.0	10318.0	766
2004-09-15	00:00	10314.0	10314.0	10227.0	10229.0	942
2004-09-16	00:00	10229.0	10279.0	10228.0	10242.0	700
2004-09-17	00:00	10243.0	10312.0	10243.0	10285.0	1011
2004-09-20	00:00	10281.0	10281.0	10185.0	10204.0	1115
2004-09-21	00:00	10204.0	10268.0	10198.0	10243.0	839
2004-09-22	00:00	10242.0	10242.0	10096.0	10103.0	1212
2004-09-23	00:00	10106.0	10106.0	10029.0	10037.0	1080
2004-09-24	00:00	10037.0	10078.0	10035.0	10044.0	805
2004-09-27	00:00	10043.0	10043.0	9983.0	9988.0	1004
2004-09-28	00:00	9988.0	10096.0	9976.0	10075.0	1124
2004-09-29	00:00	10076.0	10129.0	10049.0	10129.0	974
2004-09-30	00:00	10134.0	10138.0	10037.0	10074.0	1542
2004-10-01	00:00	10081.0	10196.0	10081.0	10189.0	1136
2004-10-04	00:00	10190.0	10266.0	10190.0	10212.0	1009
2004-10-05	00:00	10214.0	10218.0	10156.0	10177.0	877
2004-10-06	00:00	10168.0	10235.0	10156.0	10235.0	852
2004-10-07	00:00	10235.0	10237.0	10123.0	10123.0	837
2004-10-08	00:00	10121.0	10145.0	10034.0	10054.0	1090
2004-10-11	00:00	10055.0	10096.0	10055.0	10082.0	656
2004-10-12	00:00	10078.0	10099.0	10015.0	10078.0	1141
2004-10-13	00:00	10084.0	10123.0	9956.0	9998.0	1445
2004-10-14	00:00	10000.0	10000.0	9874.0	9896.0	1233
2004-10-15	00:00	9893.0	9979.0	9893.0	9928.0	1427
2004-10-18	00:00	9931.0	9957.0	9860.0	9954.0	1575
2004-10-19	00:00	9957.0	10018.0	9893.0	9893.0	1277
2004-10-20	00:00	9893.0	9893.0	9803.0	9884.0	1538
2004-10-21	00:00	9882.0	9900.0	9799.0	9859.0	1482
2004-10-22	00:00	9861.0	9880.0	9751.0	9752.0	1316
2004-10-25	00:00	9755.0	9775.0	9706.0	9748.0	1295
2004-10-26	00:00	9749.0	9880.0	9749.0	9879.0	1162
2004-10-27	00:00	9886.0	10015.0	9840.0	10000.0	1328
2004-10-28	00:00	9996.0	10042.0	9951.0	10002.0	1226
2004-10-29	00:00	10003.0	10038.0	9990.0	10023.0	1125
2004-11-01	00:00	10026.0	10074.0	10008.0	10053.0	1015
2004-11-02	00:00	10055.0	10130.0	10009.0	10031.0	1430
2004-11-03	00:00	10179.0	10211.0	10091.0	10135.0	1567
2004-11-04	00:00	10143.0	10315.0	10126.0	10310.0	1410
2004-11-05	00:00	10334.0	10414.0	10331.0	10382.0	1608
2004-11-08	00:00	10375.0	10403.0	10359.0	10390.0	1043
2004-11-09	00:00	10387.0	10425.0	10366.0	10389.0	1012
2004-11-10	00:00	10386.0	10437.0	10379.0	10387.0	1036
2004-11-11	00:00	10410.0	10484.0	10400.0	10472.0	907
2004-11-12	00:00	10477.0	10534.0	10458.0	10534.0	1010
2004-11-15	00:00	10526.0	10560.0	10515.0	10548.0	1100
2004-11-16	00:00	10524.0	10528.0	10476.0	10486.0	912
2004-11-17	00:00	10544.0	10600.0	10525.0	10545.0	1056
2004-11-18	00:00	10567.0	10582.0	10549.0	10572.0	928
2004-11-19	00:00	10566.0	10567.0	10436.0	10456.0	1010
2004-11-22	00:00	10442.0	10505.0	10430.0	10488.0	992
2004-11-23	00:00	10494.0	10512.0	10434.0	10490.0	1160
2004-11-24	00:00	10513.0	10525.0	10480.0	10521.0	920
2004-11-26	00:00	10515.0	10541.0	10515.0	10520.0	402
2004-11-29	00:00	10543.0	10555.0	10415.0	10476.0	1495
2004-11-30	00:00	10464.0	10480.0	10426.0	10432.0	1258
2004-12-01	00:00	10461.0	10586.0	10457.0	10584.0	1105
2004-12-02	00:00	10565.0	10627.0	10542.0	10582.0	1158
2004-12-03	00:00	10560.0	10640.0	10559.0	10589.0	1292
2004-12-06	00:00	10555.0	10574.0	10524.0	10546.0	857
2004-12-07	00:00	10543.0	10564.0	10438.0	10438.0	1248
2004-12-08	00:00	10459.0	10504.0	10442.0	10488.0	1129
2004-12-09	00:00	10460.0	10560.0	10416.0	10549.0	1447
2004-12-10	00:00	10534.0	10573.0	10520.0	10543.0	1150
2004-12-13	00:00	10598.0	10640.0	10554.0	10639.0	973
2004-12-14	00:00	10637.0	10692.0	10619.0	10679.0	758
2004-12-15	00:00	10665.0	10704.0	10634.0	10692.0	1025
2004-12-16	00:00	10665.0	10724.0	10662.0	10705.0	1068
2004-12-17	00:00	10717.0	10737.0	10640.0	10659.0	1450
2004-12-20	00:00	10710.0	10733.0	10653.0	10662.0	1044
2004-12-21	00:00	10697.0	10763.0	10678.0	10756.0	898
2004-12-22	00:00	10762.0	10820.0	10750.0	10815.0	820
2004-12-23	00:00	10827.0	10862.0	10819.0	10832.0	717
2004-12-27	00:00	10860.0	10865.0	10781.0	10782.0	1055
2004-12-28	00:00	10809.0	10856.0	10802.0	10854.0	813
2004-12-29	00:00	10831.0	10832.0	10793.0	10828.0	706
2004-12-30	00:00	10838.0	10848.0	10801.0	10801.0	600
2004-12-31	00:00	10802.0	10830.0	10779.0	10781.0	715
2005-01-03	00:00	10838.0	10865.0	10708.0	10722.0	1415
2005-01-04	00:00	10761.0	10767.0	10603.0	10630.0	1394
2005-01-05	00:00	10654.0	10682.0	10597.0	10598.0	1359
2005-01-06	00:00	10616.0	10665.0	10588.0	10619.0	1310
2005-01-07	00:00	10644.0	10651.0	10569.0	10598.0	1433
2005-01-10	00:00	10583.0	10661.0	10582.0	10617.0	1124
2005-01-11	00:00	10590.0	10590.0	10529.0	10559.0	1195
2005-01-12	00:00	10560.0	10620.0	10497.0	10620.0	1676
2005-01-13	00:00	10595.0	10601.0	10483.0	10501.0	1136
2005-01-14	00:00	10510.0	10564.0	10506.0	10556.0	916
2005-01-18	00:00	10509.0	10624.0	10498.0	10622.0	1065
2005-01-19	00:00	10619.0	10622.0	10534.0	10538.0	1041
2005-01-20	00:00	10507.0	10544.0	10456.0	10471.0	1377
2005-01-21	00:00	10492.0	10510.0	10388.0	10391.0	1275
2005-01-24	00:00	10415.0	10440.0	10370.0	10371.0	1422
2005-01-25	00:00	10432.0	10507.0	10432.0	10459.0	1112
2005-01-26	00:00	10502.0	10529.0	10478.0	10498.0	1094
2005-01-27	00:00	10440.0	10486.0	10428.0	10467.0	1004
2005-01-28	00:00	10483.0	10484.0	10384.0	10424.0	1257
2005-01-31	00:00	10503.0	10508.0	10455.0	10488.0	993
2005-02-01	00:00	10491.0	10568.0	10489.0	10550.0	1026
2005-02-02	00:00	10551.0	10613.0	10542.0	10594.0	988
2005-02-03	00:00	10570.0	10599.0	10548.0	10590.0	897
2005-02-04	00:00	10592.0	10721.0	10590.0	10711.0	997
2005-02-07	00:00	10703.0	10731.0	10697.0	10713.0	797
2005-02-08	00:00	10701.0	10742.0	10694.0	10728.0	802
2005-02-09	00:00	10729.0	10739.0	10658.0	10662.0	929
2005-02-10	00:00	10699.0	10761.0	10685.0	10745.0	1020
2005-02-11	00:00	10734.0	10824.0	10701.0	10797.0	1200
2005-02-14	00:00	10792.0	10800.0	10771.0	10790.0	716
2005-02-15	00:00	10784.0	10850.0	10777.0	10835.0	839
2005-02-16	00:00	10808.0	10851.0	10794.0	10830.0	831
2005-02-17	00:00	10828.0	10838.0	10750.0	10751.0	1071
2005-02-18	00:00	10746.0	10789.0	10728.0	10784.0	959
2005-02-22	00:00	10744.0	10773.0	10612.0	10612.0	1198
2005-02-23	00:00	10651.0	10698.0	10623.0	10676.0	1031
2005-02-24	00:00	10672.0	10753.0	10645.0	10743.0	1212
2005-02-25	00:00	10742.0	10843.0	10734.0	10838.0	1037
2005-02-28	00:00	10814.0	10826.0	10728.0	10764.0	1070
2005-03-01	00:00	10802.0	10847.0	10788.0	10830.0	1132
2005-03-02	00:00	10774.0	10866.0	10772.0	10810.0	1355
2005-03-03	00:00	10842.0	10866.0	10765.0	10829.0	1300
2005-03-04	00:00	10886.0	10960.0	10864.0	10937.0	1061
2005-03-07	00:00	10949.0	10982.0	10929.0	10936.0	981
2005-03-08	00:00	10932.0	10950.0	10898.0	10907.0	1061
2005-03-09	00:00	10883.0	10920.0	10800.0	10805.0	1281
2005-03-10	00:00	10836.0	10873.0	10778.0	10843.0	1152
2005-03-11	00:00	10837.0	10870.0	10756.0	10776.0	1183
2005-03-14	00:00	10790.0	10803.0	10752.0	10802.0	1017
2005-03-15	00:00	10827.0	10836.0	10744.0	10746.0	1131
2005-03-16	00:00	10695.0	10702.0	10610.0	10632.0	1157
2005-03-17	00:00	10634.0	10656.0	10596.0	10628.0	1116
2005-03-18	00:00	10640.0	10651.0	10555.0	10627.0	1375
2005-03-21	00:00	10606.0	10611.0	10533.0	10565.0	939
2005-03-22	00:00	10563.0	10607.0	10469.0	10474.0	1021
2005-03-23	00:00	10472.0	10494.0	10430.0	10451.0	1069
2005-03-24	00:00	10486.0	10515.0	10445.0	10445.0	861
2005-03-28	00:00	10442.0	10530.0	10439.0	10524.0	755
2005-03-29	00:00	10482.0	10518.0	10405.0	10440.0	987
2005-03-30	00:00	10403.0	10523.0	10403.0	10504.0	865
2005-03-31	00:00	10540.0	10540.0	10489.0	10522.0	772
2005-04-01	00:00	10502.0	10566.0	10380.0	10386.0	1399
2005-04-04	00:00	10402.0	10441.0	10356.0	10416.0	1061
2005-04-05	00:00	10446.0	10473.0	10424.0	10456.0	996
2005-04-06	00:00	10488.0	10523.0	10472.0	10480.0	961
2005-04-07	00:00	10494.0	10554.0	10484.0	10544.0	917
2005-04-08	00:00	10550.0	10550.0	10460.0	10460.0	877
2005-04-11	00:00	10474.0	10479.0	10438.0	10446.0	867
2005-04-12	00:00	10426.0	10527.0	10361.0	10506.0	1028
2005-04-13	00:00	10498.0	10518.0	10379.0	10398.0	1136
2005-04-14	00:00	10396.0	10415.0	10272.0	10280.0	1334
2005-04-15	00:00	10234.0	10260.0	10077.0	10077.0	1709
2005-04-18	00:00	10086.0	10103.0	10020.0	10070.0	1511
2005-04-19	00:00	10124.0	10153.0	10088.0	10128.0	1090
2005-04-20	00:00	10164.0	10183.0	10000.0	10014.0	1588
2005-04-21	00:00	10102.0	10214.0	10070.0	10214.0	1258
2005-04-22	00:00	10190.0	10216.0	10069.0	10156.0	1301
2005-04-25	00:00	10212.0	10257.0	10192.0	10240.0	1151
2005-04-26	00:00	10222.0	10260.0	10152.0	10152.0	1222
2005-04-27	00:00	10112.0	10216.0	10079.0	10198.0	1311
2005-04-28	00:00	10166.0	10180.0	10069.0	10070.0	1219
2005-04-29	00:00	10126.0	10193.0	10047.0	10182.0	1427
2005-05-02	00:00	10228.0	10255.0	10187.0	10252.0	971
2005-05-03	00:00	10234.0	10301.0	10207.0	10256.0	1206
2005-05-04	00:00	10281.0	10389.0	10268.0	10378.0	1022
2005-05-05	00:00	10373.0	10403.0	10296.0	10340.0	1340
2005-05-06	00:00	10378.0	10397.0	10341.0	10341.0	1012
2005-05-09	00:00	10336.0	10381.0	10320.0	10380.0	859
2005-05-10	00:00	10326.0	10342.0	10250.0	10276.0	1023
2005-05-11	00:00	10288.0	10308.0	10184.0	10296.0	1354
2005-05-12	00:00	10290.0	10319.0	10183.0	10188.0	1238
2005-05-13	00:00	10194.0	10231.0	10075.0	10136.0	1269
2005-05-16	00:00	10147.0	10252.0	10147.0	10252.0	956
2005-05-17	00:00	10226.0	10334.0	10212.0	10326.0	984
2005-05-18	00:00	10382.0	10478.0	10367.0	10458.0	985
2005-05-19	00:00	10456.0	10491.0	10434.0	10490.0	946
2005-05-20	00:00	10468.0	10486.0	10423.0	10471.0	817
2005-05-23	00:00	10484.0	10558.0	10476.0	10522.0	826
2005-05-24	00:00	10496.0	10517.0	10471.0	10502.0	1051
2005-05-25	00:00	10470.0	10475.0	10425.0	10458.0	819
2005-05-26	00:00	10502.0	10541.0	10492.0	10534.0	660
2005-05-27	00:00	10530.0	10549.0	10517.0	10540.0	490
2005-05-31	00:00	10530.0	10531.0	10470.0	10470.0	832
2005-06-01	00:00	10470.0	10583.0	10469.0	10546.0	1068
2005-06-02	00:00	10511.0	10557.0	10511.0	10549.0	717
2005-06-03	00:00	10528.0	10547.0	10447.0	10467.0	889
2005-06-06	00:00	10464.0	10478.0	10430.0	10468.0	715
2005-06-07	00:00	10487.0	10575.0	10484.0	10484.0	1047
2005-06-08	00:00	10528.0	10540.0	10464.0	10476.0	773
2005-06-09	00:00	10462.0	10523.0	10443.0	10502.0	1076
2005-06-10	00:00	10516.0	10536.0	10452.0	10510.0	832
2005-06-13	00:00	10488.0	10586.0	10474.0	10522.0	1000
2005-06-14	00:00	10524.0	10583.0	10524.0	10546.0	914
2005-06-15	00:00	10584.0	10587.0	10494.0	10564.0	931
2005-06-16	00:00	10548.0	10592.0	10539.0	10578.0	787
2005-06-17	00:00	10632.0	10653.0	10599.0	10625.0	825
2005-06-20	00:00	10580.0	10634.0	10561.0	10608.0	748
2005-06-21	00:00	10610.0	10627.0	10580.0	10600.0	845
2005-06-22	00:00	10638.0	10643.0	10577.0	10590.0	819
2005-06-23	00:00	10580.0	10580.0	10419.0	10419.0	947
2005-06-24	00:00	10398.0	10405.0	10299.0	10301.0	997
2005-06-27	00:00	10292.0	10329.0	10253.0	10292.0	882
2005-06-28	00:00	10326.0	10406.0	10326.0	10400.0	730
2005-06-29	00:00	10418.0	10421.0	10362.0	10372.0	735
2005-06-30	00:00	10380.0	10410.0	10266.0	10268.0	978
2005-07-01	00:00	10306.0	10341.0	10288.0	10308.0	802
2005-07-05	00:00	10286.0	10386.0	10283.0	10372.0	850
2005-07-06	00:00	10353.0	10377.0	10267.0	10270.0	824
2005-07-07	00:00	10194.0	10307.0	10174.0	10300.0	1209
2005-07-08	00:00	10317.0	10459.0	10317.0	10448.0	895
2005-07-11	00:00	10476.0	10531.0	10471.0	10518.0	782
2005-07-12	00:00	10508.0	10541.0	10482.0	10511.0	805
2005-07-13	00:00	10534.0	10562.0	10514.0	10550.0	766
2005-07-14	00:00	10618.0	10655.0	10605.0	10627.0	966
2005-07-15	00:00	10632.0	10651.0	10599.0	10635.0	699
2005-07-18	00:00	10614.0	10632.0	10576.0	10576.0	732
2005-07-19	00:00	10660.0	10665.0	10621.0	10644.0	744
2005-07-20	00:00	10594.0	10688.0	10580.0	10682.0	955
2005-07-21	00:00	10648.0	10697.0	10608.0	10624.0	1159
2005-07-22	00:00	10632.0	10655.0	10587.0	10648.0	835
2005-07-25	00:00	10658.0	10683.0	10591.0	10594.0	803
2005-07-26	00:00	10600.0	10617.0	10572.0	10583.0	829
2005-07-27	00:00	10614.0	10643.0	10578.0	10635.0	732
2005-07-28	00:00	10662.0	10707.0	10636.0	10706.0	735
2005-07-29	00:00	10700.0	10715.0	10641.0	10642.0	759
2005-08-01	00:00	10666.0	10669.0	10610.0	10619.0	744
2005-08-02	00:00	10642.0	10696.0	10637.0	10680.0	748
2005-08-03	00:00	10654.0	10695.0	10639.0	10692.0	704
2005-08-04	00:00	10664.0	10670.0	10606.0	10606.0	718
2005-08-05	00:00	10586.0	10607.0	10553.0	10560.0	733
2005-08-08	00:00	10592.0	10603.0	10524.0	10534.0	751
2005-08-09	00:00	10596.0	10636.0	10581.0	10614.0	810
2005-08-10	00:00	10670.0	10716.0	10569.0	10594.0	974
2005-08-11	00:00	10612.0	10680.0	10594.0	10678.0	946
2005-08-12	00:00	10658.0	10659.0	10567.0	10600.0	898
2005-08-15	00:00	10598.0	10652.0	10557.0	10632.0	841
2005-08-16	00:00	10634.0	10637.0	10510.0	10511.0	928
2005-08-17	00:00	10524.0	10586.0	10509.0	10549.0	898
2005-08-18	00:00	10518.0	10590.0	10517.0	10550.0	1005
2005-08-19	00:00	10588.0	10623.0	10557.0	10558.0	723
2005-08-22	00:00	10592.0	10638.0	10523.0	10568.0	962
2005-08-23	00:00	10572.0	10572.0	10496.0	10522.0	870
2005-08-24	00:00	10504.0	10556.0	10431.0	10438.0	966
2005-08-25	00:00	10446.0	10462.0	10427.0	10446.0	724
2005-08-26	00:00	10438.0	10441.0	10383.0	10395.0	885
2005-08-29	00:00	10360.0	10484.0	10359.0	10465.0	880
2005-08-30	00:00	10431.0	10431.0	10349.0	10412.0	1041
2005-08-31	00:00	10407.0	10482.0	10356.0	10480.0	1166
2005-09-01	00:00	10468.0	10511.0	10425.0	10457.0	1175
2005-09-02	00:00	10472.0	10494.0	10434.0	10446.0	811
2005-09-06	00:00	10504.0	10590.0	10503.0	10590.0	639
2005-09-07	00:00	10591.0	10637.0	10573.0	10629.0	742
2005-09-08	00:00	10612.0	10629.0	10569.0	10595.0	693
2005-09-09	00:00	10615.0	10693.0	10610.0	10671.0	686
2005-09-12	00:00	10673.0	10699.0	10663.0	10679.0	573
2005-09-13	00:00	10643.0	10671.0	10594.0	10596.0	674
2005-09-14	00:00	10629.0	10630.0	10536.0	10541.0	695
2005-09-15	00:00	10570.0	10579.0	10520.0	10556.0	705
2005-09-16	00:00	10610.0	10644.0	10578.0	10637.0	749
2005-09-19	00:00	10613.0	10615.0	10520.0	10555.0	665
2005-09-20	00:00	10577.0	10602.0	10466.0	10482.0	889
2005-09-21	00:00	10437.0	10454.0	10374.0	10374.0	931
2005-09-22	00:00	10388.0	10441.0	10350.0	10421.0	1120
2005-09-23	00:00	10398.0	10453.0	10371.0	10418.0	830
2005-09-26	00:00	10504.0	10506.0	10409.0	10444.0	938
2005-09-27	00:00	10457.0	10493.0	10415.0	10454.0	886
2005-09-28	00:00	10482.0	10509.0	10423.0	10475.0	797
2005-09-29	00:00	10460.0	10560.0	10417.0	10552.0	778
2005-09-30	00:00	10544.0	10567.0	10528.0	10566.0	504
2005-10-03	00:00	10571.0	10605.0	10523.0	10535.0	804
2005-10-04	00:00	10541.0	10565.0	10434.0	10439.0	816
2005-10-05	00:00	10435.0	10435.0	10316.0	10316.0	1230
2005-10-06	00:00	10342.0	10366.0	10217.0	10284.0	1385
2005-10-07	00:00	10316.0	10344.0	10280.0	10291.0	1058
2005-10-10	00:00	10299.0	10320.0	10237.0	10237.0	1090
2005-10-11	00:00	10284.0	10310.0	10233.0	10251.0	1174
2005-10-12	00:00	10271.0	10306.0	10185.0	10217.0	1618
2005-10-13	00:00	10209.0	10238.0	10156.0	10215.0	1509
2005-10-14	00:00	10252.0	10289.0	10200.0	10289.0	1182
2005-10-17	00:00	10274.0	10348.0	10269.0	10344.0	939
2005-10-18	00:00	10353.0	10358.0	10288.0	10288.0	895
2005-10-19	00:00	10262.0	10406.0	10232.0	10406.0	1203
2005-10-20	00:00	10408.0	10430.0	10252.0	10281.0	1382
2005-10-21	00:00	10334.0	10348.0	10192.0	10215.0	1421
2005-10-24	00:00	10282.0	10383.0	10251.0	10383.0	1130
2005-10-25	00:00	10366.0	10409.0	10316.0	10377.0	1132
2005-10-26	00:00	10350.0	10431.0	10336.0	10346.0	1224
2005-10-27	00:00	10337.0	10346.0	10230.0	10230.0	969
2005-10-28	00:00	10283.0	10402.0	10253.0	10397.0	1083
2005-10-31	00:00	10435.0	10484.0	10434.0	10439.0	891
2005-11-01	00:00	10438.0	10452.0	10405.0	10406.0	814
2005-11-02	00:00	10391.0	10490.0	10390.0	10467.0	722
2005-11-03	00:00	10515.0	10558.0	10490.0	10518.0	854
2005-11-04	00:00	10546.0	10549.0	10478.0	10525.0	942
2005-11-07	00:00	10554.0	10590.0	10519.0	10583.0	729
2005-11-08	00:00	10535.0	10563.0	10523.0	10540.0	655
2005-11-09	00:00	10535.0	10599.0	10519.0	10541.0	841
2005-11-10	00:00	10542.0	10652.0	10518.0	10644.0	996
2005-11-11	00:00	10639.0	10693.0	10639.0	10682.0	659
2005-11-14	00:00	10678.0	10707.0	10674.0	10695.0	619
2005-11-15	00:00	10705.0	10739.0	10664.0	10683.0	889
2005-11-16	00:00	10705.0	10708.0	10652.0	10671.0	661
2005-11-17	00:00	10697.0	10725.0	10665.0	10719.0	620
2005-11-18	00:00	10764.0	10773.0	10696.0	10763.0	800
2005-11-21	00:00	10771.0	10832.0	10761.0	10820.0	571
2005-11-22	00:00	10798.0	10874.0	10787.0	10865.0	658
2005-11-23	00:00	10859.0	10948.0	10859.0	10913.0	564
2005-11-25	00:00	10941.0	10952.0	10924.0	10931.0	244
2005-11-28	00:00	10945.0	10945.0	10881.0	10892.0	612
2005-11-29	00:00	10934.0	10956.0	10887.0	10888.0	699
2005-11-30	00:00	10903.0	10922.0	10803.0	10803.0	984
2005-12-01	00:00	10863.0	10932.0	10862.0	10912.0	570
2005-12-02	00:00	10896.0	10918.0	10861.0	10876.0	660
2005-12-05	00:00	10866.0	10866.0	10810.0	10834.0	615
2005-12-06	00:00	10877.0	10922.0	10844.0	10851.0	637
2005-12-07	00:00	10857.0	10865.0	10765.0	10811.0	925
2005-12-08	00:00	10809.0	10844.0	10729.0	10754.0	1003
2005-12-09	00:00	10766.0	10803.0	10729.0	10778.0	731
2005-12-12	00:00	10805.0	10809.0	10734.0	10768.0	689
2005-12-13	00:00	10762.0	10868.0	10751.0	10821.0	822
2005-12-14	00:00	10841.0	10917.0	10840.0	10882.0	757
2005-12-15	00:00	10898.0	10936.0	10865.0	10879.0	763
2005-12-16	00:00	10917.0	10937.0	10868.0	10876.0	703
2005-12-19	00:00	10886.0	10919.0	10825.0	10835.0	647
2005-12-20	00:00	10843.0	10857.0	10789.0	10805.0	647
2005-12-21	00:00	10849.0	10898.0	10816.0	10837.0	710
2005-12-22	00:00	10861.0	10887.0	10833.0	10887.0	544
2005-12-23	00:00	10894.0	10902.0	10869.0	10885.0	485
2005-12-27	00:00	10913.0	10930.0	10775.0	10778.0	774
2005-12-28	00:00	10807.0	10822.0	10779.0	10793.0	651
2005-12-29	00:00	10814.0	10822.0	10778.0	10785.0	556
2005-12-30	00:00	10746.0	10763.0	10709.0	10713.0	600
2006-01-03	00:00	10753.0	10860.0	10683.0	10841.0	973
2006-01-04	00:00	10846.0	10890.0	10833.0	10879.0	850
2006-01-05	00:00	10876.0	10905.0	10843.0	10877.0	867
2006-01-06	00:00	10937.0	10966.0	10877.0	10954.0	871
2006-01-09	00:00	10949.0	11017.0	10949.0	11009.0	700
2006-01-10	00:00	10963.0	11011.0	10949.0	11008.0	656
2006-01-11	00:00	11010.0	11045.0	10991.0	11039.0	708
2006-01-12	00:00	11017.0	11018.0	10951.0	10960.0	609
2006-01-13	00:00	10980.0	10990.0	10920.0	10959.0	708
2006-01-17	00:00	10903.0	10923.0	10874.0	10896.0	652
2006-01-18	00:00	10847.0	10886.0	10816.0	10854.0	980
2006-01-19	00:00	10878.0	10912.0	10851.0	10877.0	691
2006-01-20	00:00	10847.0	10847.0	10660.0	10665.0	1162
2006-01-23	00:00	10685.0	10734.0	10667.0	10685.0	896
2006-01-24	00:00	10706.0	10747.0	10688.0	10710.0	913
2006-01-25	00:00	10739.0	10757.0	10671.0	10712.0	1175
2006-01-26	00:00	10772.0	10825.0	10753.0	10810.0	987
2006-01-27	00:00	10812.0	10929.0	10804.0	10902.0	928
2006-01-30	00:00	10922.0	10927.0	10887.0	10901.0	630
2006-01-31	00:00	10882.0	10920.0	10861.0	10870.0	994
2006-02-01	00:00	10877.0	10965.0	10873.0	10947.0	1079
2006-02-02	00:00	10936.0	10939.0	10826.0	10852.0	1142
2006-02-03	00:00	10815.0	10861.0	10778.0	10792.0	1090
2006-02-06	00:00	10794.0	10811.0	10770.0	10797.0	660
2006-02-07	00:00	10793.0	10820.0	10737.0	10751.0	1089
2006-02-08	00:00	10778.0	10862.0	10762.0	10852.0	848
2006-02-09	00:00	10867.0	10949.0	10860.0	10883.0	802
2006-02-10	00:00	10878.0	10942.0	10819.0	10919.0	942
2006-02-13	00:00	10903.0	10937.0	10849.0	10895.0	833
2006-02-14	00:00	10926.0	11044.0	10901.0	11026.0	994
2006-02-15	00:00	11024.0	11066.0	10989.0	11057.0	1024
2006-02-16	00:00	11073.0	11116.0	11046.0	11116.0	715
2006-02-17	00:00	11101.0	11129.0	11077.0	11108.0	545
2006-02-21	00:00	11120.0	11137.0	11050.0	11067.0	858
2006-02-22	00:00	11086.0	11156.0	11081.0	11136.0	651
2006-02-23	00:00	11104.0	11133.0	11052.0	11068.0	846
2006-02-24	00:00	11054.0	11082.0	11009.0	11061.0	737
2006-02-27	00:00	11088.0	11129.0	11087.0	11096.0	602
2006-02-28	00:00	11061.0	11071.0	10978.0	10993.0	959
2006-03-01	00:00	11027.0	11066.0	11005.0	11052.0	690
2006-03-02	00:00	11018.0	11043.0	10985.0	11027.0	854
2006-03-03	00:00	10987.0	11104.0	10985.0	11020.0	1073
2006-03-06	00:00	11015.0	11034.0	10928.0	10958.0	997
2006-03-07	00:00	10937.0	10986.0	10928.0	10975.0	875
2006-03-08	00:00	10957.0	11024.0	10922.0	11004.0	859
2006-03-09	00:00	11008.0	11046.0	10963.0	10972.0	775
2006-03-10	00:00	10997.0	11096.0	10981.0	11075.0	1039
2006-03-13	00:00	11093.0	11114.0	11055.0	11071.0	732
2006-03-14	00:00	11062.0	11158.0	11062.0	11149.0	593
2006-03-15	00:00	11162.0	11223.0	11138.0	11211.0	702
2006-03-16	00:00	11229.0	11279.0	11227.0	11255.0	731
2006-03-17	00:00	11269.0	11287.0	11255.0	11279.0	541
2006-03-20	00:00	11282.0	11305.0	11259.0	11275.0	640
2006-03-21	00:00	11289.0	11332.0	11221.0	11233.0	850
2006-03-22	00:00	11252.0	11326.0	11250.0	11314.0	727
2006-03-23	00:00	11309.0	11324.0	11236.0	11270.0	826
2006-03-24	00:00	11275.0	11313.0	11243.0	11277.0	884
2006-03-27	00:00	11274.0	11274.0	11229.0	11265.0	679
2006-03-28	00:00	11249.0	11279.0	11172.0	11185.0	901
2006-03-29	00:00	11154.0	11238.0	11154.0	11227.0	1054
2006-03-30	00:00	11215.0	11256.0	11117.0	11140.0	1054
2006-03-31	00:00	11150.0	11188.0	11116.0	11137.0	916
2006-04-03	00:00	11164.0	11245.0	11138.0	11145.0	867
2006-04-04	00:00	11140.0	11224.0	11123.0	11199.0	980
2006-04-05	00:00	11219.0	11248.0	11168.0	11236.0	991
2006-04-06	00:00	11216.0	11244.0	11166.0	11212.0	812
2006-04-07	00:00	11239.0	11266.0	11107.0	11120.0	1317
2006-04-10	00:00	11134.0	11182.0	11116.0	11139.0	780
2006-04-11	00:00	11178.0	11183.0	11052.0	11086.0	807
2006-04-12	00:00	11122.0	11141.0	11104.0	11131.0	640
2006-04-13	00:00	11114.0	11175.0	11105.0	11133.0	774
2006-04-17	00:00	11139.0	11157.0	11038.0	11073.0	746
2006-04-18	00:00	11112.0	11277.0	11106.0	11264.0	972
2006-04-19	00:00	11279.0	11300.0	11235.0	11279.0	1010
2006-04-20	00:00	11277.0	11381.0	11277.0	11342.0	1094
2006-04-21	00:00	11371.0	11402.0	11316.0	11345.0	902
2006-04-24	00:00	11337.0	11357.0	11305.0	11336.0	770
2006-04-25	00:00	11342.0	11351.0	11260.0	11285.0	987
2006-04-26	00:00	11324.0	11377.0	11322.0	11353.0	845
2006-04-27	00:00	11287.0	11414.0	11274.0	11383.0	1517
2006-04-28	00:00	11363.0	11414.0	11347.0	11367.0	777
2006-05-01	00:00	11408.0	11425.0	11329.0	11345.0	1003
2006-05-02	00:00	11373.0	11425.0	11358.0	11415.0	807
2006-05-03	00:00	11408.0	11408.0	11361.0	11399.0	698
2006-05-04	00:00	11436.0	11460.0	11427.0	11439.0	617
2006-05-05	00:00	11503.0	11583.0	11494.0	11577.0	776
2006-05-08	00:00	11578.0	11601.0	11567.0	11582.0	495
2006-05-09	00:00	11590.0	11638.0	11578.0	11637.0	631
2006-05-10	00:00	11620.0	11667.0	11594.0	11637.0	931
2006-05-11	00:00	11621.0	11625.0	11478.0	11499.0	988
2006-05-12	00:00	11473.0	11494.0	11374.0	11376.0	1286
2006-05-15	00:00	11356.0	11432.0	11332.0	11423.0	1490
2006-05-16	00:00	11437.0	11457.0	11392.0	11416.0	821
2006-05-17	00:00	11353.0	11363.0	11173.0	11205.0	1454
2006-05-18	00:00	11239.0	11243.0	11126.0	11129.0	1085
2006-05-19	00:00	11159.0	11177.0	11074.0	11143.0	1867
2006-05-22	00:00	11101.0	11172.0	11039.0	11122.0	1923
2006-05-23	00:00	11186.0	11200.0	11096.0	11098.0	1148
2006-05-24	00:00	11066.0	11165.0	11030.0	11117.0	2336
2006-05-25	00:00	11161.0	11212.0	11135.0	11212.0	951
2006-05-26	00:00	11247.0	11280.0	11216.0	11277.0	757
2006-05-30	00:00	11227.0	11227.0	11096.0	11099.0	1094
2006-05-31	00:00	11131.0	11180.0	11085.0	11162.0	1306
2006-06-01	00:00	11151.0	11267.0	11151.0	11256.0	949
2006-06-02	00:00	11281.0	11283.0	11191.0	11244.0	1408
2006-06-05	00:00	11201.0	11204.0	11039.0	11049.0	1233
2006-06-06	00:00	11088.0	11088.0	10926.0	10998.0	1651
2006-06-07	00:00	11017.0	11074.0	10933.0	10935.0	1263
2006-06-08	00:00	10903.0	10962.0	10757.0	10938.0	2097
2006-06-09	00:00	10933.0	10973.0	10871.0	10885.0	1490
2006-06-12	00:00	10909.0	10924.0	10790.0	10792.0	1269
2006-06-13	00:00	10770.0	10859.0	10700.0	10700.0	2152
2006-06-14	00:00	10747.0	10812.0	10724.0	10811.0	1778
2006-06-15	00:00	10851.0	11033.0	10846.0	11003.0	1237
2006-06-16	00:00	11000.0	11042.0	10983.0	11012.0	1205
2006-06-19	00:00	11041.0	11054.0	10906.0	10945.0	1325
2006-06-20	00:00	10956.0	11027.0	10937.0	10969.0	1148
2006-06-21	00:00	10990.0	11129.0	10988.0	11072.0	1126
2006-06-22	00:00	11049.0	11069.0	10985.0	11020.0	1107
2006-06-23	00:00	10976.0	11071.0	10973.0	10993.0	1291
2006-06-26	00:00	11017.0	11045.0	10973.0	11045.0	906
2006-06-27	00:00	11060.0	11060.0	10920.0	10926.0	913
2006-06-28	00:00	10948.0	10978.0	10902.0	10974.0	788
2006-06-29	00:00	11032.0	11193.0	11020.0	11187.0	1173
2006-06-30	00:00	11227.0	11227.0	11165.0	11165.0	754
2006-07-03	00:00	11192.0	11228.0	11192.0	11227.0	254
2006-07-05	00:00	11157.0	11188.0	11122.0	11150.0	795
2006-07-06	00:00	11183.0	11253.0	11176.0	11222.0	826
2006-07-07	00:00	11196.0	11196.0	11065.0	11090.0	1062
2006-07-10	00:00	11132.0	11171.0	11089.0	11105.0	744
2006-07-11	00:00	11080.0	11148.0	11027.0	11131.0	810
2006-07-12	00:00	11144.0	11147.0	10995.0	11011.0	1008
2006-07-13	00:00	10957.0	10971.0	10832.0	10847.0	1404
2006-07-14	00:00	10839.0	10839.0	10701.0	10746.0	1406
2006-07-17	00:00	10765.0	10799.0	10714.0	10747.0	1115
2006-07-18	00:00	10796.0	10811.0	10682.0	10800.0	1509
2006-07-19	00:00	10856.0	11035.0	10843.0	11006.0	1407
2006-07-20	00:00	11027.0	11034.0	10924.0	10926.0	1201
2006-07-21	00:00	10940.0	10940.0	10838.0	10870.0	1418
2006-07-24	00:00	10938.0	11063.0	10921.0	11047.0	1008
2006-07-25	00:00	11034.0	11131.0	10999.0	11105.0	1234
2006-07-26	00:00	11074.0	11155.0	11047.0	11104.0	1124
2006-07-27	00:00	11149.0	11184.0	11087.0	11098.0	1063
2006-07-28	00:00	11177.0	11240.0	11153.0	11213.0	943
2006-07-31	00:00	11180.0	11213.0	11178.0	11182.0	778
2006-08-01	00:00	11154.0	11158.0	11083.0	11125.0	784
2006-08-02	00:00	11166.0	11226.0	11153.0	11197.0	719
2006-08-03	00:00	11146.0	11267.0	11145.0	11239.0	794
2006-08-04	00:00	11317.0	11341.0	11186.0	11238.0	1345
2006-08-07	00:00	11218.0	11243.0	11190.0	11220.0	767
2006-08-08	00:00	11254.0	11273.0	11141.0	11169.0	1131
2006-08-09	00:00	11245.0	11245.0	11068.0	11070.0	996
2006-08-10	00:00	11087.0	11141.0	11044.0	11117.0	1194
2006-08-11	00:00	11096.0	11103.0	11042.0	11083.0	744
2006-08-14	00:00	11156.0	11200.0	11079.0	11095.0	841
2006-08-15	00:00	11186.0	11231.0	11163.0	11222.0	749
2006-08-16	00:00	11259.0	11338.0	11254.0	11324.0	574
2006-08-17	00:00	11317.0	11369.0	11313.0	11335.0	700
2006-08-18	00:00	11361.0	11375.0	11317.0	11374.0	668
2006-08-21	00:00	11348.0	11355.0	11321.0	11346.0	555
2006-08-22	00:00	11349.0	11381.0	11302.0	11338.0	740
2006-08-23	00:00	11336.0	11368.0	11263.0	11293.0	724
2006-08-24	00:00	11327.0	11327.0	11273.0	11301.0	660
2006-08-25	00:00	11265.0	11314.0	11265.0	11284.0	634
2006-08-28	00:00	11288.0	11385.0	11283.0	11350.0	645
2006-08-29	00:00	11343.0	11377.0	11299.0	11370.0	775
2006-08-30	00:00	11383.0	11404.0	11355.0	11382.0	628
2006-08-31	00:00	11383.0	11402.0	11369.0	11380.0	512
2006-09-01	00:00	11423.0	11473.0	11397.0	11461.0	535
2006-09-05	00:00	11446.0	11485.0	11437.0	11471.0	639
2006-09-06	00:00	11422.0	11440.0	11394.0	11402.0	607
2006-09-07	00:00	11360.0	11392.0	11323.0	11328.0	784
2006-09-08	00:00	11363.0	11400.0	11347.0	11388.0	584
2006-09-11	00:00	11369.0	11418.0	11341.0	11393.0	830
2006-09-12	00:00	11417.0	11510.0	11410.0	11496.0	634
2006-09-13	00:00	11480.0	11564.0	11480.0	11541.0	678
2006-09-14	00:00	11521.0	11546.0	11495.0	11525.0	626
2006-09-15	00:00	11593.0	11611.0	11555.0	11555.0	739
2006-09-18	00:00	11540.0	11585.0	11527.0	11553.0	825
2006-09-19	00:00	11552.0	11563.0	11480.0	11541.0	922
2006-09-20	00:00	11574.0	11626.0	11574.0	11614.0	832
2006-09-21	00:00	11617.0	11627.0	11501.0	11532.0	851
2006-09-22	00:00	11522.0	11525.0	11474.0	11503.0	643
2006-09-25	00:00	11559.0	11614.0	11485.0	11578.0	981
2006-09-26	00:00	11568.0	11667.0	11568.0	11666.0	949
2006-09-27	00:00	11665.0	11718.0	11659.0	11690.0	1014
2006-09-28	00:00	11713.0	11725.0	11659.0	11711.0	678
2006-09-29	00:00	11707.0	11739.0	11678.0	11678.0	691
2006-10-02	00:00	11670.0	11724.0	11658.0	11674.0	762
2006-10-03	00:00	11667.0	11756.0	11652.0	11725.0	852
2006-10-04	00:00	11721.0	11848.0	11716.0	11847.0	754
2006-10-05	00:00	11838.0	11867.0	11820.0	11862.0	715
2006-10-06	00:00	11825.0	11853.0	11800.0	11849.0	869
2006-10-09	00:00	11839.0	11870.0	11813.0	11856.0	603
2006-10-10	00:00	11858.0	11873.0	11829.0	11865.0	530
2006-10-11	00:00	11819.0	11873.0	11796.0	11848.0	731
2006-10-12	00:00	11896.0	11957.0	11891.0	11947.0	519
2006-10-13	00:00	11932.0	11956.0	11910.0	11956.0	531
2006-10-16	00:00	11945.0	11991.0	11945.0	11984.0	374
2006-10-17	00:00	11947.0	11973.0	11886.0	11953.0	611
2006-10-18	00:00	12028.0	12046.0	11948.0	11989.0	945
2006-10-19	00:00	11974.0	12025.0	11967.0	12009.0	717
2006-10-20	00:00	12043.0	12046.0	11941.0	11999.0	697
2006-10-23	00:00	11997.0	12122.0	11988.0	12112.0	760
2006-10-24	00:00	12085.0	12130.0	12085.0	12126.0	699
2006-10-25	00:00	12115.0	12145.0	12081.0	12130.0	858
2006-10-26	00:00	12156.0	12164.0	12095.0	12159.0	620
2006-10-27	00:00	12123.0	12150.0	12073.0	12092.0	860
2006-10-30	00:00	12082.0	12114.0	12049.0	12085.0	696
2006-10-31	00:00	12107.0	12107.0	12024.0	12074.0	981
2006-11-01	00:00	12117.0	12121.0	12007.0	12030.0	862
2006-11-02	00:00	12000.0	12030.0	11978.0	12012.0	769
2006-11-03	00:00	12056.0	12057.0	11965.0	11987.0	825
2006-11-06	00:00	12019.0	12115.0	12007.0	12101.0	751
2006-11-07	00:00	12103.0	12193.0	12103.0	12153.0	767
2006-11-08	00:00	12110.0	12191.0	12102.0	12174.0	963
2006-11-09	00:00	12164.0	12184.0	12089.0	12105.0	812
2006-11-10	00:00	12116.0	12119.0	12073.0	12104.0	622
2006-11-13	00:00	12088.0	12162.0	12084.0	12128.0	706
2006-11-14	00:00	12160.0	12225.0	12084.0	12214.0	966
2006-11-15	00:00	12219.0	12289.0	12217.0	12250.0	758
2006-11-16	00:00	12279.0	12323.0	12261.0	12304.0	660
2006-11-17	00:00	12292.0	12336.0	12278.0	12334.0	620
2006-11-20	00:00	12324.0	12352.0	12302.0	12314.0	790
2006-11-21	00:00	12312.0	12337.0	12295.0	12318.0	552
2006-11-22	00:00	12326.0	12358.0	12302.0	12324.0	649
2006-11-24	00:00	12259.0	12310.0	12259.0	12279.0	340
2006-11-27	00:00	12255.0	12262.0	12110.0	12123.0	891
2006-11-28	00:00	12111.0	12146.0	12072.0	12133.0	1265
2006-11-29	00:00	12174.0	12238.0	12165.0	12222.0	806
2006-11-30	00:00	12247.0	12272.0	12162.0	12228.0	1276
2006-12-01	00:00	12239.0	12245.0	12089.0	12188.0	1458
2006-12-04	00:00	12203.0	12307.0	12203.0	12279.0	672
2006-12-05	00:00	12287.0	12332.0	12275.0	12327.0	869
2006-12-06	00:00	12325.0	12332.0	12294.0	12309.0	554
2006-12-07	00:00	12347.0	12358.0	12264.0	12272.0	775
2006-12-08	00:00	12266.0	12329.0	12243.0	12300.0	920
2006-12-11	00:00	12311.0	12351.0	12305.0	12323.0	518
2006-12-12	00:00	12318.0	12329.0	12252.0	12312.0	1034
2006-12-13	00:00	12364.0	12364.0	12301.0	12318.0	669
2006-12-14	00:00	12386.0	12425.0	12378.0	12417.0	64
2006-12-15	00:00	12459.0	12483.0	12437.0	12445.0	575
2006-12-18	00:00	12461.0	12486.0	12427.0	12440.0	831
2006-12-19	00:00	12412.0	12487.0	12396.0	12468.0	848
2006-12-20	00:00	12465.0	12495.0	12455.0	12463.0	711
2006-12-21	00:00	12466.0	12480.0	12395.0	12424.0	739
2006-12-22	00:00	12407.0	12407.0	12341.0	12346.0	751
2006-12-26	00:00	12349.0	12413.0	12340.0	12411.0	645
2006-12-27	00:00	12451.0	12514.0	12451.0	12514.0	674
2006-12-28	00:00	12503.0	12525.0	12475.0	12497.0	764
2006-12-29	00:00	12493.0	12521.0	12450.0	12459.0	744
2007-01-03	00:00	12498.0	12576.0	12404.0	12472.0	1177
2007-01-04	00:00	12463.0	12506.0	12403.0	12479.0	1083
2007-01-05	00:00	12442.0	12451.0	12364.0	12399.0	1145
2007-01-08	00:00	12375.0	12441.0	12336.0	12423.0	1076
2007-01-09	00:00	12439.0	12461.0	12367.0	12414.0	1087
2007-01-10	00:00	12378.0	12448.0	12355.0	12439.0	983
2007-01-11	00:00	12451.0	12540.0	12451.0	12511.0	852
2007-01-12	00:00	12522.0	12557.0	12488.0	12550.0	866
2007-01-16	00:00	12566.0	12580.0	12537.0	12579.0	826
2007-01-17	00:00	12558.0	12609.0	12548.0	12573.0	917
2007-01-18	00:00	12588.0	12607.0	12545.0	12558.0	995
2007-01-19	00:00	12549.0	12582.0	12529.0	12561.0	872
2007-01-22	00:00	12547.0	12549.0	12448.0	12475.0	1166
2007-01-23	00:00	12490.0	12550.0	12468.0	12530.0	1205
2007-01-24	00:00	12557.0	12619.0	12548.0	12618.0	1516
2007-01-25	00:00	12616.0	12616.0	12486.0	12503.0	954
2007-01-26	00:00	12525.0	12525.0	12430.0	12484.0	1103
2007-01-29	00:00	12494.0	12539.0	12480.0	12490.0	960
2007-01-30	00:00	12497.0	12534.0	12476.0	12521.0	858
2007-01-31	00:00	12535.0	12653.0	12522.0	12620.0	1011
2007-02-01	00:00	12646.0	12678.0	12622.0	12670.0	851
2007-02-02	00:00	12676.0	12677.0	12636.0	12654.0	736
2007-02-05	00:00	12643.0	12677.0	12628.0	12659.0	763
2007-02-06	00:00	12658.0	12676.0	12633.0	12662.0	728
2007-02-07	00:00	12664.0	12696.0	12628.0	12662.0	744
2007-02-08	00:00	12636.0	12650.0	12574.0	12636.0	893
2007-02-09	00:00	12657.0	12671.0	12544.0	12580.0	899
2007-02-12	00:00	12597.0	12603.0	12533.0	12550.0	780
2007-02-13	00:00	12608.0	12654.0	12603.0	12649.0	702
2007-02-14	00:00	12664.0	12755.0	12659.0	12738.0	700
2007-02-15	00:00	12741.0	12774.0	12736.0	12762.0	693
2007-02-16	00:00	12754.0	12765.0	12741.0	12765.0	656
2007-02-20	00:00	12762.0	12791.0	12703.0	12783.0	765
2007-02-21	00:00	12735.0	12762.0	12705.0	12737.0	886
2007-02-22	00:00	12746.0	12759.0	12650.0	12684.0	872
2007-02-23	00:00	12666.0	12669.0	12626.0	12645.0	834
2007-02-26	00:00	12677.0	12683.0	12607.0	12631.0	776
2007-02-27	00:00	12538.0	12538.0	12090.0	12235.0	1934
2007-02-28	00:00	12270.0	12347.0	12185.0	12259.0	2275
2007-03-01	00:00	12064.0	12285.0	12060.0	12230.0	2757
2007-03-02	00:00	12186.0	12243.0	12106.0	12110.0	1940
2007-03-05	00:00	12040.0	12183.0	12040.0	12046.0	1935
2007-03-06	00:00	12130.0	12220.0	12092.0	12202.0	1717
2007-03-07	00:00	12206.0	12252.0	12177.0	12185.0	1280
2007-03-08	00:00	12259.0	12299.0	12223.0	12254.0	1086
2007-03-09	00:00	12324.0	12326.0	12227.0	12274.0	1438
2007-03-12	00:00	12271.0	12345.0	12256.0	12315.0	720
2007-03-13	00:00	12251.0	12280.0	12070.0	12072.0	1423
2007-03-14	00:00	12082.0	12138.0	11939.0	12129.0	2243
2007-03-15	00:00	12175.0	12183.0	12111.0	12156.0	998
2007-03-16	00:00	12172.0	12172.0	12081.0	12107.0	888
2007-03-19	00:00	12179.0	12230.0	12176.0	12223.0	680
2007-03-20	00:00	12224.0	12289.0	12224.0	12285.0	677
2007-03-21	00:00	12264.0	12476.0	12261.0	12443.0	1146
2007-03-22	00:00	12420.0	12472.0	12407.0	12458.0	910
2007-03-23	00:00	12466.0	12498.0	12459.0	12478.0	734
2007-03-26	00:00	12460.0	12468.0	12366.0	12464.0	1277
2007-03-27	00:00	12417.0	12428.0	12376.0	12396.0	970
2007-03-28	00:00	12346.0	12351.0	12256.0	12293.0	1412
2007-03-29	00:00	12367.0	12369.0	12266.0	12344.0	1226
2007-03-30	00:00	12348.0	12412.0	12242.0	12348.0	1529
2007-04-02	00:00	12375.0	12390.0	12323.0	12379.0	1082
2007-04-03	00:00	12444.0	12530.0	12436.0	12506.0	803
2007-04-04	00:00	12508.0	12536.0	12497.0	12525.0	789
2007-04-05	00:00	12508.0	12568.0	12499.0	12553.0	655
2007-04-09	00:00	12567.0	12590.0	12554.0	12565.0	638
2007-04-10	00:00	12566.0	12584.0	12548.0	12571.0	700
2007-04-11	00:00	12568.0	12568.0	12455.0	12483.0	1035
2007-04-12	00:00	12460.0	12553.0	12427.0	12550.0	874
2007-04-13	00:00	12583.0	12610.0	12529.0	12610.0	982
2007-04-16	00:00	12662.0	12727.0	12661.0	12715.0	700
2007-04-17	00:00	12734.0	12785.0	12707.0	12767.0	815
2007-04-18	00:00	12762.0	12834.0	12730.0	12796.0	867
2007-04-19	00:00	12737.0	12826.0	12737.0	12806.0	937
2007-04-20	00:00	12918.0	12960.0	12898.0	12960.0	937
2007-04-23	00:00	12948.0	12980.0	12914.0	12917.0	798
2007-04-24	00:00	12936.0	12985.0	12900.0	12953.0	1002
2007-04-25	00:00	13020.0	13103.0	12964.0	13085.0	993
2007-04-26	00:00	13104.0	13128.0	13069.0	13101.0	848
2007-04-27	00:00	13084.0	13143.0	13073.0	13120.0	949
2007-04-30	00:00	13114.0	13158.0	13061.0	13061.0	939
2007-05-01	00:00	13096.0	13133.0	13040.0	13132.0	1115
2007-05-02	00:00	13159.0	13252.0	13159.0	13209.0	769
2007-05-03	00:00	13226.0	13242.0	13194.0	13237.0	938
2007-05-04	00:00	13254.0	13280.0	13227.0	13260.0	900
2007-05-07	00:00	13294.0	13313.0	13277.0	13305.0	711
2007-05-08	00:00	13259.0	13310.0	13236.0	13310.0	813
2007-05-09	00:00	13295.0	13365.0	13280.0	13359.0	1079
2007-05-10	00:00	13302.0	13326.0	13209.0	13211.0	1124
2007-05-11	00:00	13251.0	13328.0	13245.0	13328.0	931
2007-05-14	00:00	13362.0	13379.0	13296.0	13346.0	980
2007-05-15	00:00	13382.0	13477.0	13351.0	13383.0	1373
2007-05-16	00:00	13409.0	13485.0	13362.0	13485.0	1056
2007-05-17	00:00	13453.0	13512.0	13447.0	13471.0	942
2007-05-18	00:00	13534.0	13553.0	13512.0	13553.0	872
2007-05-21	00:00	13537.0	13581.0	13528.0	13538.0	797
2007-05-22	00:00	13553.0	13582.0	13527.0	13534.0	922
2007-05-23	00:00	13567.0	13605.0	13504.0	13518.0	1056
2007-05-24	00:00	13537.0	13620.0	13422.0	13438.0	1666
2007-05-25	00:00	13487.0	13512.0	13449.0	13504.0	996
2007-05-28	00:00	13503.0	13504.0	13502.0	13502.0	95
2007-05-29	00:00	13532.0	13560.0	13464.0	13515.0	1157
2007-05-30	00:00	13457.0	13631.0	13457.0	13631.0	1399
2007-05-31	00:00	13643.0	13668.0	13613.0	13625.0	988
2007-06-01	00:00	13670.0	13687.0	13623.0	13664.0	1044
2007-06-04	00:00	13634.0	13686.0	13625.0	13671.0	900
2007-06-05	00:00	13627.0	13636.0	13550.0	13591.0	1204
2007-06-06	00:00	13543.0	13550.0	13435.0	13461.0	1206
2007-06-07	00:00	13443.0	13475.0	13259.0	13259.0	1833
2007-06-08	00:00	13292.0	13426.0	13252.0	13417.0	1633
2007-06-11	00:00	13386.0	13474.0	13380.0	13419.0	1125
2007-06-12	00:00	13381.0	13445.0	13294.0	13294.0	1710
2007-06-13	00:00	13351.0	13480.0	13318.0	13478.0	1432
2007-06-14	00:00	13498.0	13577.0	13498.0	13551.0	1056
2007-06-15	00:00	13651.0	13684.0	13627.0	13639.0	954
2007-06-18	00:00	13651.0	13662.0	13608.0	13613.0	885
2007-06-19	00:00	13598.0	13648.0	13576.0	13634.0	1033
2007-06-20	00:00	13664.0	13669.0	13482.0	13482.0	1473
2007-06-21	00:00	13493.0	13560.0	13398.0	13544.0	2197
2007-06-22	00:00	13506.0	13524.0	13361.0	13383.0	2016
2007-06-25	00:00	13404.0	13484.0	13299.0	13355.0	1782
2007-06-26	00:00	13380.0	13448.0	13307.0	13336.0	1958
2007-06-27	00:00	13274.0	13428.0	13267.0	13428.0	1530
2007-06-28	00:00	13407.0	13492.0	13388.0	13421.0	1589
2007-06-29	00:00	13440.0	13520.0	13313.0	13397.0	1791
2007-07-02	00:00	13477.0	13532.0	13451.0	13532.0	1029
2007-07-03	00:00	13548.0	13587.0	13539.0	13574.0	495
2007-07-05	00:00	13532.0	13575.0	13512.0	13564.0	1018
2007-07-06	00:00	13549.0	13629.0	13536.0	13609.0	989
2007-07-09	00:00	13640.0	13666.0	13612.0	13650.0	904
2007-07-10	00:00	13596.0	13622.0	13495.0	13495.0	1677
2007-07-11	00:00	13506.0	13586.0	13474.0	13574.0	1376
2007-07-12	00:00	13657.0	13864.0	13652.0	13864.0	997
2007-07-13	00:00	13851.0	13928.0	13846.0	13903.0	951
2007-07-16	00:00	13919.0	13984.0	13911.0	13950.0	1027
2007-07-17	00:00	13953.0	14017.0	13952.0	13971.0	1142
2007-07-18	00:00	13911.0	13961.0	13822.0	13920.0	1853
2007-07-19	00:00	13998.0	14011.0	13950.0	13996.0	1132
2007-07-20	00:00	13949.0	13950.0	13801.0	13846.0	1740
2007-07-23	00:00	13908.0	13969.0	13894.0	13938.0	1232
2007-07-24	00:00	13859.0	13891.0	13700.0	13727.0	1942
2007-07-25	00:00	13803.0	13806.0	13674.0	13778.0	2386
2007-07-26	00:00	13664.0	13723.0	13334.0	13497.0	3509
2007-07-27	00:00	13463.0	13515.0	13266.0	13266.0	3373
2007-07-30	00:00	13304.0	13393.0	13218.0	13350.0	2259
2007-07-31	00:00	13457.0	13494.0	13199.0	13199.0	2282
2007-08-01	00:00	13240.0	13388.0	13131.0	13367.0	3645
2007-08-02	00:00	13387.0	13498.0	13349.0	13458.0	2269
2007-08-03	00:00	13443.0	13467.0	13175.0	13181.0	2763
2007-08-06	00:00	13255.0	13465.0	13158.0	13465.0	2773
2007-08-07	00:00	13388.0	13603.0	13346.0	13497.0	2530
2007-08-08	00:00	13552.0	13691.0	13484.0	13644.0	2220
2007-08-09	00:00	13464.0	13571.0	13290.0	13294.0	3301
2007-08-10	00:00	13148.0	13302.0	13057.0	13229.0	3623
2007-08-13	00:00	13309.0	13333.0	13219.0	13231.0	2050
2007-08-14	00:00	13232.0	13245.0	13018.0	13018.0	2450
2007-08-15	00:00	12988.0	13114.0	12834.0	12853.0	2860
2007-08-16	00:00	12760.0	12880.0	12517.0	12873.0	4333
2007-08-17	00:00	13125.0	13162.0	12905.0	13067.0	3766
2007-08-20	00:00	13119.0	13177.0	12981.0	13120.0	2364
2007-08-21	00:00	13078.0	13174.0	13051.0	13087.0	1865
2007-08-22	00:00	13183.0	13243.0	13143.0	13234.0	1580
2007-08-23	00:00	13279.0	13294.0	13168.0	13235.0	1730
2007-08-24	00:00	13222.0	13377.0	13207.0	13377.0	1327
2007-08-27	00:00	13341.0	13382.0	13304.0	13319.0	1207
2007-08-28	00:00	13268.0	13270.0	13034.0	13045.0	1475
2007-08-29	00:00	13137.0	13288.0	13099.0	13288.0	1500
2007-08-30	00:00	13197.0	13310.0	13186.0	13239.0	1928
2007-08-31	00:00	13353.0	13424.0	13291.0	13342.0	1713
2007-09-04	00:00	13319.0	13490.0	13316.0	13449.0	1174
2007-09-05	00:00	13369.0	13374.0	13247.0	13299.0	1657
2007-09-06	00:00	13333.0	13394.0	13274.0	13361.0	1337
2007-09-07	00:00	13216.0	13237.0	13081.0	13107.0	1751
2007-09-10	00:00	13182.0	13202.0	13021.0	13119.0	1915
2007-09-11	00:00	13197.0	13321.0	13183.0	13307.0	1617
2007-09-12	00:00	13274.0	13355.0	13262.0	13288.0	1547
2007-09-13	00:00	13375.0	13464.0	13358.0	13421.0	1348
2007-09-14	00:00	13326.0	13455.0	13323.0	13438.0	1502
2007-09-17	00:00	13410.0	13447.0	13361.0	13400.0	1245
2007-09-18	00:00	13459.0	13733.0	13431.0	13733.0	1678
2007-09-19	00:00	13808.0	13863.0	13777.0	13812.0	1429
2007-09-20	00:00	13786.0	13817.0	13740.0	13760.0	1375
2007-09-21	00:00	13832.0	13872.0	13815.0	13817.0	970
2007-09-24	00:00	13849.0	13868.0	13749.0	13756.0	1280
2007-09-25	00:00	13705.0	13782.0	13695.0	13781.0	1325
2007-09-26	00:00	13832.0	13910.0	13814.0	13875.0	1304
2007-09-27	00:00	13900.0	13915.0	13867.0	13911.0	1352
2007-09-28	00:00	13903.0	13920.0	13849.0	13893.0	1231
2007-10-01	00:00	13917.0	14111.0	13916.0	14086.0	1267
2007-10-02	00:00	14091.0	14099.0	14011.0	14040.0	998
2007-10-03	00:00	13994.0	14032.0	13946.0	13964.0	1115
2007-10-04	00:00	14002.0	14002.0	13950.0	13971.0	881
2007-10-05	00:00	14052.0	14119.0	14014.0	14059.0	1000
2007-10-08	00:00	14053.0	14058.0	14008.0	14039.0	772
2007-10-09	00:00	14068.0	14162.0	14032.0	14160.0	969
2007-10-10	00:00	14138.0	14140.0	14009.0	14069.0	1039
2007-10-11	00:00	14156.0	14194.0	13949.0	14010.0	1792
2007-10-12	00:00	14026.0	14097.0	14013.0	14092.0	1143
2007-10-15	00:00	14100.0	14104.0	13903.0	13985.0	1514
2007-10-16	00:00	13953.0	13957.0	13877.0	13914.0	1530
2007-10-17	00:00	13997.0	13997.0	13774.0	13883.0	1795
2007-10-18	00:00	13857.0	13909.0	13819.0	13885.0	1353
2007-10-19	00:00	13812.0	13815.0	13511.0	13511.0	2069
2007-10-22	00:00	13481.0	13583.0	13407.0	13566.0	2032
2007-10-23	00:00	13592.0	13679.0	13539.0	13679.0	1619
2007-10-24	00:00	13668.0	13686.0	13470.0	13677.0	2388
2007-10-25	00:00	13680.0	13737.0	13547.0	13667.0	2187
2007-10-26	00:00	13730.0	13807.0	13695.0	13804.0	1574
2007-10-29	00:00	13848.0	13897.0	13830.0	13866.0	841
2007-10-30	00:00	13825.0	13850.0	13777.0	13789.0	905
2007-10-31	00:00	13834.0	13958.0	13767.0	13927.0	1563
2007-11-01	00:00	13706.0	13754.0	13548.0	13564.0	1934
2007-11-02	00:00	13531.0	13603.0	13445.0	13591.0	2586
2007-11-05	00:00	13541.0	13613.0	13446.0	13541.0	2341
2007-11-06	00:00	13578.0	13664.0	13511.0	13664.0	1741
2007-11-07	00:00	13576.0	13576.0	13286.0	13288.0	2737
2007-11-08	00:00	13313.0	13349.0	13078.0	13255.0	3681
2007-11-09	00:00	13215.0	13215.0	13016.0	13023.0	3021
2007-11-12	00:00	13029.0	13158.0	12982.0	12982.0	2473
2007-11-13	00:00	13027.0	13314.0	13027.0	13308.0	1695
2007-11-14	00:00	13332.0	13362.0	13197.0	13213.0	2106
2007-11-15	00:00	13189.0	13257.0	13056.0	13104.0	2683
2007-11-16	00:00	13133.0	13207.0	13049.0	13161.0	2727
2007-11-19	00:00	13132.0	13132.0	12936.0	12957.0	2363
2007-11-20	00:00	12962.0	13103.0	12839.0	13008.0	3162
2007-11-21	00:00	12955.0	12963.0	12785.0	12787.0	2734
2007-11-23	00:00	12844.0	12977.0	12844.0	12977.0	843
2007-11-26	00:00	12984.0	13032.0	12723.0	12728.0	2323
2007-11-27	00:00	12771.0	12986.0	12771.0	12960.0	2926
2007-11-28	00:00	13004.0	13321.0	13004.0	13294.0	2023
2007-11-29	00:00	13261.0	13342.0	13213.0	13312.0	2215
2007-11-30	00:00	13378.0	13462.0	13280.0	13380.0	2063
2007-12-03	00:00	13374.0	13402.0	13295.0	13315.0	1784
2007-12-04	00:00	13268.0	13312.0	13236.0	13246.0	1565
2007-12-05	00:00	13326.0	13455.0	13326.0	13443.0	1601
2007-12-06	00:00	13425.0	13628.0	13425.0	13622.0	1425
2007-12-07	00:00	13647.0	13664.0	13600.0	13622.0	1417
2007-12-10	00:00	13642.0	13749.0	13638.0	13727.0	1185
2007-12-11	00:00	13730.0	13773.0	13412.0	13426.0	2213
2007-12-12	00:00	13569.0	13698.0	13321.0	13474.0	3111
2007-12-13	00:00	13419.0	13522.0	13353.0	13522.0	2674
2007-12-14	00:00	13458.0	13499.0	13331.0	13333.0	1969
2007-12-17	00:00	13303.0	13305.0	13157.0	13161.0	1904
2007-12-18	00:00	13223.0	13275.0	13091.0	13217.0	2300
2007-12-19	00:00	13235.0	13296.0	13145.0	13198.0	2078
2007-12-20	00:00	13260.0	13284.0	13152.0	13247.0	1628
2007-12-21	00:00	13285.0	13469.0	13284.0	13454.0	1172
2007-12-24	00:00	13477.0	13558.0	13477.0	13545.0	514
2007-12-27	00:00	13507.0	13507.0	13348.0	13359.0	1148
2007-12-28	00:00	13405.0	13446.0	13296.0	13352.0	1170
2008-01-02	00:00	13263.0	13275.0	12990.0	13044.0	1975
2008-01-03	00:00	13063.0	13133.0	13022.0	13055.0	1579
2008-01-04	00:00	13017.0	13019.0	12790.0	12792.0	2086
2008-01-07	00:00	12828.0	12879.0	12733.0	12828.0	2559
2008-01-08	00:00	12844.0	12902.0	12564.0	12578.0	2455
2008-01-09	00:00	12604.0	12734.0	12501.0	12734.0	3148
2008-01-10	00:00	12695.0	12926.0	12632.0	12847.0	4190
2008-01-11	00:00	12808.0	12808.0	12543.0	12601.0	3231
2008-01-14	00:00	12727.0	12790.0	12674.0	12776.0	1863
2008-01-15	00:00	12668.0	12689.0	12488.0	12493.0	2643
2008-01-16	00:00	12459.0	12609.0	12392.0	12461.0	4300
2008-01-17	00:00	12489.0	12513.0	12126.0	12160.0	4057
2008-01-18	00:00	12196.0	12335.0	12021.0	12099.0	4809
2008-01-21	00:00	11654.0	11657.0	11619.0	11636.0	160
2008-01-22	00:00	11966.0	12072.0	11639.0	11972.0	6925
2008-01-23	00:00	11884.0	12272.0	11644.0	12271.0	6802
2008-01-24	00:00	12287.0	12394.0	12241.0	12369.0	4083
2008-01-25	00:00	12434.0	12481.0	12183.0	12202.0	3888
2008-01-28	00:00	12230.0	12380.0	12111.0	12380.0	3086
2008-01-29	00:00	12416.0	12499.0	12347.0	12475.0	2260
2008-01-30	00:00	12430.0	12676.0	12405.0	12429.0	3192
2008-01-31	00:00	12377.0	12698.0	12249.0	12608.0	4131
2008-02-01	00:00	12618.0	12763.0	12605.0	12739.0	3169
2008-02-04	00:00	12707.0	12707.0	12620.0	12629.0	1935
2008-02-05	00:00	12482.0	12482.0	12263.0	12266.0	3421
2008-02-06	00:00	12304.0	12386.0	12178.0	12194.0	2569
2008-02-07	00:00	12176.0	12328.0	12120.0	12243.0	3712
2008-02-08	00:00	12216.0	12277.0	12102.0	12175.0	2360
2008-02-12	00:00	12303.0	12465.0	12288.0	12371.0	2048
2008-02-13	00:00	12489.0	12568.0	12411.0	12545.0	2171
2008-02-14	00:00	12527.0	12534.0	12361.0	12367.0	2107
2008-02-15	00:00	12336.0	12364.0	12277.0	12345.0	1761
2008-02-19	00:00	12490.0	12496.0	12303.0	12332.0	1813
2008-02-20	00:00	12241.0	12460.0	12226.0	12426.0	2500
2008-02-21	00:00	12469.0	12499.0	12247.0	12274.0	2251
2008-02-22	00:00	12308.0	12392.0	12154.0	12392.0	2455
2008-02-25	00:00	12398.0	12580.0	12340.0	12568.0	2400
2008-02-26	00:00	12543.0	12730.0	12511.0	12684.0	2211
2008-02-27	00:00	12625.0	12752.0	12612.0	12688.0	1902
2008-02-28	00:00	12606.0	12641.0	12535.0	12578.0	1817
2008-02-29	00:00	12455.0	12455.0	12223.0	12260.0	2227
2008-03-03	00:00	12221.0	12277.0	12160.0	12260.0	2114
2008-03-04	00:00	12139.0	12235.0	12031.0	12212.0	2647
2008-03-05	00:00	12240.0	12345.0	12139.0	12253.0	2621
2008-03-06	00:00	12192.0	12202.0	12025.0	12033.0	2203
2008-03-07	00:00	11919.0	12089.0	11818.0	11893.0	2659
2008-03-10	00:00	11886.0	11910.0	11731.0	11736.0	2329
2008-03-11	00:00	11979.0	12156.0	11878.0	12152.0	2203
2008-03-12	00:00	12184.0	12299.0	12092.0	12106.0	1669
2008-03-13	00:00	11915.0	12211.0	11875.0	12141.0	2980
2008-03-14	00:00	11980.0	12044.0	11832.0	11948.0	3383
2008-03-17	00:00	11921.0	12071.0	11769.0	11968.0	2937
2008-03-18	00:00	12184.0	12389.0	12096.0	12388.0	2204
2008-03-19	00:00	12333.0	12426.0	12093.0	12096.0	2456
2008-03-20	00:00	12225.0	12374.0	12177.0	12357.0	1821
2008-03-24	00:00	12560.0	12617.0	12527.0	12544.0	1302
2008-03-25	00:00	12457.0	12565.0	12448.0	12529.0	1487
2008-03-26	00:00	12405.0	12465.0	12376.0	12419.0	1273
2008-03-27	00:00	12340.0	12449.0	12292.0	12299.0	1764
2008-03-28	00:00	12350.0	12350.0	12196.0	12212.0	1450
2008-03-31	00:00	12222.0	12322.0	12176.0	12255.0	1992
2008-04-01	00:00	12300.0	12654.0	12300.0	12653.0	1748
2008-04-02	00:00	12659.0	12691.0	12554.0	12601.0	1883
2008-04-03	00:00	12586.0	12670.0	12526.0	12623.0	1712
2008-04-04	00:00	12622.0	12684.0	12527.0	12609.0	1890
2008-04-07	00:00	12610.0	12727.0	12582.0	12608.0	1512
2008-04-08	00:00	12560.0	12603.0	12525.0	12575.0	1474
2008-04-09	00:00	12567.0	12616.0	12467.0	12526.0	1545
2008-04-10	00:00	12524.0	12645.0	12496.0	12580.0	1817
2008-04-11	00:00	12540.0	12540.0	12301.0	12327.0	1595
2008-04-14	00:00	12319.0	12363.0	12279.0	12311.0	1400
2008-04-15	00:00	12330.0	12383.0	12268.0	12364.0	1365
2008-04-16	00:00	12369.0	12621.0	12369.0	12606.0	1284
2008-04-17	00:00	12585.0	12651.0	12562.0	12620.0	1485
2008-04-18	00:00	12632.0	12889.0	12632.0	12852.0	1443
2008-04-21	00:00	12842.0	12842.0	12750.0	12819.0	1209
2008-04-22	00:00	12802.0	12802.0	12655.0	12725.0	1574
2008-04-23	00:00	12735.0	12833.0	12702.0	12764.0	1600
2008-04-24	00:00	12769.0	12937.0	12705.0	12844.0	1871
2008-04-25	00:00	12846.0	12904.0	12742.0	12895.0	1911
2008-04-28	00:00	12888.0	12934.0	12856.0	12869.0	1283
2008-04-29	00:00	12845.0	12884.0	12803.0	12835.0	1265
2008-04-30	00:00	12843.0	13005.0	12808.0	12812.0	1847
2008-05-01	00:00	12813.0	13024.0	12793.0	13008.0	1581
2008-05-02	00:00	13024.0	13128.0	12981.0	13050.0	1851
2008-05-05	00:00	13052.0	13052.0	12937.0	12969.0	1296
2008-05-06	00:00	12959.0	13041.0	12862.0	13029.0	1508
2008-05-07	00:00	13003.0	13032.0	12795.0	12806.0	1611
2008-05-08	00:00	12811.0	12904.0	12794.0	12864.0	1700
2008-05-09	00:00	12793.0	12793.0	12714.0	12742.0	1415
2008-05-12	00:00	12747.0	12900.0	12747.0	12875.0	1274
2008-05-13	00:00	12872.0	12885.0	12780.0	12828.0	1265
2008-05-14	00:00	12849.0	12988.0	12845.0	12888.0	1219
2008-05-15	00:00	12884.0	12995.0	12854.0	12981.0	1470
2008-05-16	00:00	12991.0	12997.0	12892.0	12979.0	1348
2008-05-19	00:00	12978.0	13131.0	12961.0	13025.0	1362
2008-05-20	00:00	13007.0	13007.0	12780.0	12828.0	1572
2008-05-21	00:00	12821.0	12858.0	12573.0	12596.0	1834
2008-05-22	00:00	12593.0	12665.0	12590.0	12623.0	1558
2008-05-23	00:00	12598.0	12599.0	12458.0	12477.0	1479
2008-05-27	00:00	12471.0	12568.0	12441.0	12547.0	1558
2008-05-28	00:00	12548.0	12598.0	12494.0	12592.0	1559
2008-05-29	00:00	12577.0	12722.0	12554.0	12639.0	1710
2008-05-30	00:00	12650.0	12685.0	12618.0	12618.0	1321
2008-06-02	00:00	12628.0	12628.0	12427.0	12500.0	1664
2008-06-03	00:00	12502.0	12549.0	12341.0	12399.0	2045
2008-06-04	00:00	12390.0	12492.0	12337.0	12386.0	1807
2008-06-05	00:00	12391.0	12605.0	12391.0	12598.0	1630
2008-06-06	00:00	12591.0	12591.0	12192.0	12192.0	2630
2008-06-09	00:00	12214.0	12327.0	12194.0	12284.0	2134
2008-06-10	00:00	12266.0	12365.0	12206.0	12281.0	2152
2008-06-11	00:00	12276.0	12276.0	12079.0	12079.0	2388
2008-06-12	00:00	12091.0	12265.0	12076.0	12145.0	2046
2008-06-13	00:00	12147.0	12306.0	12147.0	12306.0	2046
2008-06-16	00:00	12296.0	12315.0	12210.0	12262.0	1686
2008-06-17	00:00	12268.0	12318.0	12149.0	12150.0	1609
2008-06-18	00:00	12125.0	12136.0	11993.0	12031.0	2068
2008-06-19	00:00	12018.0	12110.0	11977.0	12060.0	2130
2008-06-20	00:00	12055.0	12055.0	11816.0	11841.0	2004
2008-06-23	00:00	11846.0	11882.0	11813.0	11847.0	1631
2008-06-24	00:00	11824.0	11900.0	11725.0	11808.0	1741
2008-06-25	00:00	11805.0	11919.0	11788.0	11814.0	2063
2008-06-26	00:00	11767.0	11769.0	11456.0	11456.0	2100
2008-06-27	00:00	11449.0	11480.0	11297.0	11353.0	2250
2008-06-30	00:00	11341.0	11432.0	11286.0	11332.0	1725
2008-07-01	00:00	11312.0	11403.0	11182.0	11379.0	2500
2008-07-02	00:00	11384.0	11429.0	11214.0	11214.0	2073
2008-07-03	00:00	11225.0	11333.0	11157.0	11285.0	1618
2008-07-07	00:00	11290.0	11395.0	11120.0	11220.0	2408
2008-07-08	00:00	11227.0	11385.0	11174.0	11382.0	2519
2008-07-09	00:00	11400.0	11413.0	11142.0	11142.0	2080
2008-07-10	00:00	11155.0	11266.0	11086.0	11229.0	2828
2008-07-11	00:00	11164.0	11235.0	10977.0	11102.0	3298
2008-07-14	00:00	11104.0	11234.0	11002.0	11047.0	2621
2008-07-15	00:00	11026.0	11119.0	10827.0	10956.0	3120
2008-07-16	00:00	10953.0	11239.0	10917.0	11239.0	2262
2008-07-17	00:00	11269.0	11439.0	11209.0	11428.0	2307
2008-07-18	00:00	11433.0	11506.0	11381.0	11489.0	2021
2008-07-21	00:00	11499.0	11555.0	11423.0	11466.0	1710
2008-07-22	00:00	11456.0	11612.0	11386.0	11603.0	1951
2008-07-23	00:00	11607.0	11693.0	11557.0	11630.0	2197
2008-07-24	00:00	11617.0	11629.0	11345.0	11355.0	1884
2008-07-25	00:00	11353.0	11439.0	11324.0	11366.0	1883
2008-07-28	00:00	11360.0	11360.0	11124.0	11126.0	1788
2008-07-29	00:00	11139.0	11392.0	11135.0	11389.0	1758
2008-07-30	00:00	11435.0	11580.0	11411.0	11580.0	2092
2008-07-31	00:00	11561.0	11561.0	11362.0	11369.0	2322
2008-08-01	00:00	11406.0	11414.0	11266.0	11323.0	2463
2008-08-04	00:00	11324.0	11378.0	11220.0	11279.0	1812
2008-08-05	00:00	11305.0	11608.0	11305.0	11608.0	1774
2008-08-06	00:00	11604.0	11681.0	11520.0	11654.0	1555
2008-08-07	00:00	11625.0	11625.0	11416.0	11435.0	1841
2008-08-08	00:00	11424.0	11755.0	11387.0	11723.0	2013
2008-08-11	00:00	11718.0	11862.0	11674.0	11775.0	1706
2008-08-12	00:00	11773.0	11773.0	11600.0	11643.0	1829
2008-08-13	00:00	11629.0	11629.0	11452.0	11535.0	2122
2008-08-14	00:00	11520.0	11713.0	11450.0	11615.0	1917
2008-08-15	00:00	11609.0	11705.0	11599.0	11656.0	1746
2008-08-18	00:00	11657.0	11685.0	11433.0	11482.0	1847
2008-08-19	00:00	11459.0	11459.0	11318.0	11352.0	1803
2008-08-20	00:00	11354.0	11449.0	11290.0	11417.0	2000
2008-08-21	00:00	11403.0	11472.0	11316.0	11425.0	1875
2008-08-22	00:00	11430.0	11627.0	11430.0	11623.0	1679
2008-08-25	00:00	11618.0	11618.0	11361.0	11389.0	1504
2008-08-26	00:00	11384.0	11431.0	11340.0	11409.0	1657
2008-08-27	00:00	11410.0	11550.0	11380.0	11502.0	1469
2008-08-28	00:00	11497.0	11707.0	11497.0	11701.0	1431
2008-08-29	00:00	11698.0	11698.0	11543.0	11545.0	1491
2008-09-02	00:00	11561.0	11786.0	11471.0	11515.0	1945
2008-09-03	00:00	11513.0	11550.0	11415.0	11534.0	2015
2008-09-04	00:00	11521.0	11521.0	11175.0	11180.0	2233
2008-09-05	00:00	11162.0	11240.0	11037.0	11220.0	2441
2008-09-08	00:00	11259.0	11563.0	11259.0	11509.0	3237
2008-09-09	00:00	11519.0	11572.0	11239.0	11239.0	2755
2008-09-10	00:00	11247.0	11374.0	11215.0	11265.0	2566
2008-09-11	00:00	11255.0	11439.0	11099.0	11438.0	2881
2008-09-12	00:00	11412.0	11455.0	11280.0	11429.0	2748
2008-09-15	00:00	11395.0	11395.0	10950.0	10953.0	3504
2008-09-16	00:00	10858.0	11088.0	10743.0	11055.0	4794
2008-09-17	00:00	11028.0	11028.0	10597.0	10603.0	4641
2008-09-18	00:00	10639.0	11070.0	10460.0	10987.0	5418
2008-09-19	00:00	11037.0	11478.0	11037.0	11383.0	3552
2008-09-22	00:00	11390.0	11390.0	10992.0	11009.0	2721
2008-09-23	00:00	11022.0	11138.0	10833.0	10839.0	3677
2008-09-24	00:00	10862.0	10921.0	10753.0	10847.0	2903
2008-09-25	00:00	10848.0	11124.0	10848.0	11030.0	2985
2008-09-26	00:00	10988.0	11160.0	10868.0	11157.0	2853
2008-09-29	00:00	11134.0	11134.0	10407.0	10545.0	5089
2008-09-30	00:00	10431.0	10864.0	10431.0	10848.0	3018
2008-10-01	00:00	10819.0	10876.0	10633.0	10836.0	3203
2008-10-02	00:00	10816.0	10816.0	10439.0	10470.0	3201
2008-10-03	00:00	10499.0	10791.0	10312.0	10320.0	4435
2008-10-06	00:00	10308.0	10308.0	9524.0	10018.0	5497
2008-10-07	00:00	9974.0	10118.0	9438.0	9450.0	5255
2008-10-08	00:00	9351.0	9623.0	9195.0	9236.0	6813
2008-10-09	00:00	9285.0	9442.0	8595.0	8677.0	5427
2008-10-10	00:00	8544.0	8886.0	7883.0	8541.0	8293
2008-10-13	00:00	8466.0	9416.0	8466.0	9416.0	3625
2008-10-14	00:00	9417.0	9781.0	9085.0	9318.0	6158
2008-10-15	00:00	9275.0	9287.0	8531.0	8549.0	5154
2008-10-16	00:00	8581.0	9006.0	8199.0	8979.0	7732
2008-10-17	00:00	8951.0	9276.0	8719.0	8847.0	6046
2008-10-20	00:00	8888.0	9261.0	8882.0	9256.0	4100
2008-10-21	00:00	9248.0	9279.0	9003.0	9025.0	4197
2008-10-22	00:00	9014.0	9014.0	8335.0	8542.0	4624
2008-10-23	00:00	8531.0	8791.0	8243.0	8693.0	6553
2008-10-27	00:00	8370.0	8594.0	8142.0	8158.0	4823
2008-10-28	00:00	8242.0	9076.0	8175.0	9064.0	4748
2008-10-29	00:00	9059.0	9358.0	8891.0	8909.0	4836
2008-10-30	00:00	9043.0	9262.0	8976.0	9184.0	4514
2008-10-31	00:00	9186.0	9449.0	9119.0	9340.0	3991
2008-11-03	00:00	9318.0	9405.0	9254.0	9322.0	2507
2008-11-04	00:00	9355.0	9649.0	9355.0	9617.0	2743
2008-11-05	00:00	9573.0	9573.0	9110.0	9127.0	3317
2008-11-06	00:00	9115.0	9150.0	8637.0	8699.0	4389
2008-11-07	00:00	8715.0	8956.0	8715.0	8952.0	3424
2008-11-10	00:00	8959.0	9154.0	8759.0	8874.0	3174
2008-11-11	00:00	8843.0	8863.0	8560.0	8686.0	3698
2008-11-12	00:00	8625.0	8625.0	8264.0	8290.0	3476
2008-11-13	00:00	8309.0	8866.0	7965.0	8862.0	5854
2008-11-14	00:00	8744.0	8917.0	8469.0	8486.0	4999
2008-11-17	00:00	8483.0	8565.0	8246.0	8264.0	4641
2008-11-18	00:00	8267.0	8473.0	8106.0	8418.0	4438
2008-11-19	00:00	8413.0	8498.0	7987.0	7992.0	4819
2008-11-20	00:00	7989.0	8181.0	7507.0	7562.0	6925
2008-11-21	00:00	7570.0	8067.0	7449.0	8048.0	6116
2008-11-24	00:00	8062.0	8594.0	8062.0	8398.0	4824
2008-11-25	00:00	8485.0	8602.0	8281.0	8479.0	4988
2008-11-26	00:00	8426.0	8719.0	8310.0	8718.0	3572
2008-11-28	00:00	8693.0	8823.0	8674.0	8823.0	1280
2008-12-01	00:00	8797.0	8797.0	8141.0	8156.0	3563
2008-12-02	00:00	8163.0	8432.0	8143.0	8428.0	4285
2008-12-03	00:00	8387.0	8619.0	8233.0	8599.0	4821
2008-12-04	00:00	8572.0	8627.0	8259.0	8370.0	4317
2008-12-05	00:00	8349.0	8681.0	8120.0	8657.0	5071
2008-12-08	00:00	8652.0	9022.0	8652.0	8911.0	3857
2008-12-09	00:00	8912.0	8923.0	8652.0	8694.0	4007
2008-12-10	00:00	8709.0	8875.0	8645.0	8758.0	3477
2008-12-11	00:00	8718.0	8805.0	8512.0	8563.0	2932
2008-12-12	00:00	8559.0	8678.0	8347.0	8629.0	4190
2008-12-15	00:00	8627.0	8671.0	8468.0	8568.0	3500
2008-12-16	00:00	8581.0	8953.0	8581.0	8929.0	3604
2008-12-17	00:00	8903.0	8957.0	8777.0	8816.0	2894
2008-12-18	00:00	8828.0	8878.0	8526.0	8605.0	2624
2008-12-19	00:00	8604.0	8782.0	8549.0	8567.0	2582
2008-12-22	00:00	8573.0	8597.0	8371.0	8518.0	2258
2008-12-23	00:00	8524.0	8597.0	8390.0	8420.0	2191
2008-12-26	00:00	8483.0	8529.0	8461.0	8508.0	870
2008-12-29	00:00	8512.0	8526.0	8362.0	8477.0	1402
2008-12-30	00:00	8512.0	8671.0	8490.0	8668.0	1561