2008-11-18	22:30	78.60	78.61	77.67	78.05	594
2008-11-18	22:35	78.06	78.99	78.06	78.66	588
2008-11-18	22:40	78.65	79.60	78.64	78.81	787
2008-11-18	22:45	78.82	79.62	78.77	79.51	770
2008-11-18	22:50	79.50	79.88	79.23	79.77	751
2008-11-18	22:55	79.78	80.03	79.41	79.91	569
2008-11-19	16:30	79.89	80.53	79.55	79.95	445
2008-11-19	16:35	79.96	80.88	79.86	80.56	615
2008-11-19	16:40	80.55	80.78	79.51	79.83	472
2008-11-19	16:45	79.84	80.44	79.55	80.36	368
2008-11-19	16:50	80.32	80.42	79.35	79.63	369
2008-11-19	16:55	79.62	79.98	79.52	79.95	444
2008-11-19	17:00	79.96	80.29	79.72	80.18	575
2008-11-19	17:05	80.19	80.42	79.80	80.31	491
2008-11-19	17:10	80.30	80.51	80.09	80.43	409
2008-11-19	17:15	80.44	80.74	80.05	80.05	468
2008-11-19	17:20	80.06	80.28	79.62	79.65	480
2008-11-19	17:25	79.66	80.02	79.40	80.02	465
2008-11-19	17:30	80.06	80.07	79.44	79.86	446
2008-11-19	17:35	79.85	79.91	79.37	79.56	422
2008-11-19	17:40	79.57	79.77	79.37	79.41	343
2008-11-19	17:45	79.39	79.42	78.74	79.04	454
2008-11-19	17:50	79.05	79.22	78.91	78.98	433
2008-11-19	17:55	78.97	79.05	78.55	78.73	331
2008-11-19	18:00	78.72	79.01	78.62	78.86	342
2008-11-19	18:05	78.85	79.23	78.84	79.16	316
2008-11-19	18:10	79.15	79.15	78.74	78.78	251
2008-11-19	18:15	78.77	78.82	78.44	78.71	326
2008-11-19	18:20	78.70	78.73	78.28	78.28	357
2008-11-19	18:25	78.29	78.41	78.01	78.06	337
2008-11-19	18:30	78.07	78.57	78.03	78.13	423
2008-11-19	18:35	78.12	78.36	77.97	78.19	457
2008-11-19	18:40	78.20	78.38	77.97	78.31	439
2008-11-19	18:45	78.32	78.39	77.96	78.29	365
2008-11-19	18:50	78.28	78.62	78.12	78.34	403
2008-11-19	18:55	78.33	78.53	78.00	78.04	289
2008-11-19	19:00	78.05	78.06	77.69	77.88	344
2008-11-19	19:05	77.91	77.98	77.73	77.84	407
2008-11-19	19:10	77.83	78.02	77.57	78.01	453
2008-11-19	19:15	78.00	78.05	77.41	77.43	338
2008-11-19	19:20	77.44	77.54	77.29	77.48	304
2008-11-19	19:25	77.49	77.71	77.21	77.44	359
2008-11-19	19:30	77.45	77.85	77.31	77.82	303
2008-11-19	19:35	77.83	77.94	77.44	77.92	300
2008-11-19	19:40	77.93	78.00	77.66	77.73	184
2008-11-19	19:45	77.72	77.82	77.48	77.63	217
2008-11-19	19:50	77.64	77.67	77.28	77.43	283
2008-11-19	19:55	77.42	77.70	77.38	77.65	219
2008-11-19	20:00	77.63	78.04	77.45	77.87	231
2008-11-19	20:05	77.83	77.89	77.65	77.66	205
2008-11-19	20:10	77.67	77.78	77.59	77.77	186
2008-11-19	20:15	77.76	77.79	77.32	77.52	282
2008-11-19	20:20	77.56	77.59	77.22	77.26	238
2008-11-19	20:25	77.30	77.31	76.95	76.98	267
2008-11-19	20:30	76.97	77.05	76.68	76.82	221
2008-11-19	20:35	76.83	77.20	76.65	77.19	336
2008-11-19	20:40	77.18	77.67	77.17	77.58	242
2008-11-19	20:45	77.57	77.80	77.47	77.49	230
2008-11-19	20:50	77.48	77.83	77.28	77.78	213
2008-11-19	20:55	77.79	77.96	77.74	77.77	230
2008-11-19	21:00	77.76	77.77	77.24	77.37	478
2008-11-19	21:05	77.36	77.66	76.96	77.55	519
2008-11-19	21:10	77.56	77.74	77.33	77.59	390
2008-11-19	21:15	77.60	77.70	77.12	77.13	471
2008-11-19	21:20	77.11	77.26	76.87	76.90	465
2008-11-19	21:25	76.91	77.57	76.87	77.07	464
2008-11-19	21:30	77.06	77.36	76.83	76.83	502
2008-11-19	21:35	76.82	77.01	76.58	76.79	481
2008-11-19	21:40	76.78	77.77	76.76	77.60	442
2008-11-19	21:45	77.66	78.28	77.43	77.79	594
2008-11-19	21:50	77.78	78.47	77.61	77.99	516
2008-11-19	21:55	78.00	78.36	77.68	78.30	489
2008-11-19	22:00	78.31	78.31	77.36	78.11	718
2008-11-19	22:05	78.12	78.87	77.91	78.73	648
2008-11-19	22:10	78.71	78.99	78.28	78.33	619
2008-11-19	22:15	78.34	78.37	77.43	77.59	694
2008-11-19	22:20	77.58	77.69	77.18	77.31	752
2008-11-19	22:25	77.35	77.69	77.02	77.61	735
2008-11-19	22:30	77.60	77.93	77.08	77.92	611
2008-11-19	22:35	77.91	77.92	76.85	76.86	623
2008-11-19	22:40	76.87	77.46	76.77	76.78	688
2008-11-19	22:45	76.77	76.84	76.06	76.50	657
2008-11-19	22:50	76.49	76.53	76.03	76.09	585
2008-11-19	22:55	76.08	76.14	75.64	75.79	446
2008-11-20	16:30	75.02	75.90	75.00	75.67	566
2008-11-20	16:35	75.66	76.17	75.09	75.65	663
2008-11-20	16:40	75.63	75.75	74.96	74.96	552
2008-11-20	16:45	74.97	76.14	74.96	75.92	599
2008-11-20	16:50	75.91	76.36	75.47	75.68	650
2008-11-20	16:55	75.67	76.42	75.51	75.80	585
2008-11-20	17:00	75.79	76.22	75.02	75.05	609
2008-11-20	17:05	75.04	75.37	74.95	75.05	510
2008-11-20	17:10	75.04	75.17	74.85	75.12	485
2008-11-20	17:15	75.13	75.22	74.48	74.67	531
2008-11-20	17:20	74.68	75.51	74.63	74.97	639
2008-11-20	17:25	74.98	75.38	74.94	75.24	569
2008-11-20	17:30	75.22	75.82	75.15	75.43	567
2008-11-20	17:35	75.44	75.53	74.76	74.83	604
2008-11-20	17:40	74.82	75.86	74.76	75.84	560
2008-11-20	17:45	75.85	76.48	75.54	76.10	753
2008-11-20	17:50	76.08	76.09	75.65	76.07	581
2008-11-20	17:55	76.09	76.44	75.67	76.44	617
2008-11-20	18:00	76.45	76.89	76.20	76.89	802
2008-11-20	18:05	76.90	77.06	76.31	76.44	613
2008-11-20	18:10	76.46	76.84	75.86	76.61	603
2008-11-20	18:15	76.59	76.76	75.87	75.93	598
2008-11-20	18:20	75.94	76.04	75.48	75.56	655
2008-11-20	18:25	75.54	76.22	75.40	76.14	517
2008-11-20	18:30	76.13	76.13	75.73	75.90	421
2008-11-20	18:35	75.88	76.12	75.59	75.84	440
2008-11-20	18:40	75.83	76.05	75.65	75.85	445
2008-11-20	18:45	75.84	75.86	75.23	75.66	494
2008-11-20	18:50	75.65	75.65	75.13	75.25	482
2008-11-20	18:55	75.27	75.33	74.99	74.99	416
2008-11-20	19:00	74.98	75.05	74.72	74.87	372
2008-11-20	19:05	74.86	75.45	74.83	74.92	336
2008-11-20	19:10	74.91	75.59	74.81	75.44	486
2008-11-20	19:15	75.46	75.92	75.33	75.75	495
2008-11-20	19:20	75.74	76.52	75.74	76.36	490
2008-11-20	19:25	76.35	77.22	76.26	77.16	642
2008-11-20	19:30	77.15	77.96	77.08	77.29	670
2008-11-20	19:35	77.30	77.30	76.70	76.89	709
2008-11-20	19:40	76.88	77.30	76.66	77.14	601
2008-11-20	19:45	77.13	78.04	76.97	78.04	532
2008-11-20	19:50	78.05	78.28	77.50	77.50	704
2008-11-20	19:55	77.48	77.52	77.01	77.04	524
2008-11-20	20:00	77.02	77.04	76.46	76.67	550
2008-11-20	20:05	76.68	77.18	76.68	77.10	517
2008-11-20	20:10	77.09	77.13	76.33	76.68	473
2008-11-20	20:15	76.69	77.50	76.23	76.30	579
2008-11-20	20:20	76.29	76.44	75.61	76.23	631
2008-11-20	20:25	76.24	76.73	76.02	76.10	579
2008-11-20	20:30	76.08	76.50	75.96	76.44	639
2008-11-20	20:35	76.42	76.44	75.43	75.72	760
2008-11-20	20:40	75.71	76.38	75.64	76.13	610
2008-11-20	20:45	76.15	76.75	76.08	76.35	663
2008-11-20	20:50	76.36	76.78	76.10	76.35	515
2008-11-20	20:55	76.34	77.03	76.10	76.83	602
2008-11-20	21:00	76.82	77.00	75.98	76.05	665
2008-11-20	21:05	76.04	76.48	75.83	75.97	691
2008-11-20	21:10	75.98	76.31	75.83	75.92	617
2008-11-20	21:15	75.93	76.27	75.43	75.68	584
2008-11-20	21:20	75.67	75.98	75.55	75.75	462
2008-11-20	21:25	75.74	75.93	75.21	75.32	525
2008-11-20	21:30	75.31	75.77	75.21	75.48	495
2008-11-20	21:35	75.50	76.02	75.31	75.86	641
2008-11-20	21:40	75.87	76.21	75.63	75.64	500
2008-11-20	21:45	75.65	75.70	74.98	75.31	477
2008-11-20	21:50	75.32	75.60	74.99	75.05	388
2008-11-20	21:55	75.06	75.43	74.85	75.35	507
2008-11-20	22:00	75.34	75.82	74.76	74.84	736
2008-11-20	22:05	74.83	75.15	74.61	74.84	730
2008-11-20	22:10	74.82	75.31	74.62	74.70	772
2008-11-20	22:15	74.74	74.98	74.19	74.52	664
2008-11-20	22:20	74.53	74.87	73.00	73.03	821
2008-11-20	22:25	73.02	73.65	72.98	73.53	796
2008-11-20	22:30	73.51	73.76	73.24	73.34	802
2008-11-20	22:35	73.33	73.45	72.04	72.12	907
2008-11-20	22:40	72.13	72.23	70.43	70.59	1045
2008-11-20	22:45	70.60	72.08	70.60	71.31	930
2008-11-20	22:50	71.28	72.16	70.98	71.63	841
2008-11-20	22:55	71.62	71.79	71.17	71.72	619
2008-11-21	16:30	72.29	73.06	72.11	72.95	699
2008-11-21	16:35	72.97	72.98	71.68	71.84	666
2008-11-21	16:40	71.82	71.84	71.36	71.73	595
2008-11-21	16:45	71.72	72.46	71.70	71.82	652
2008-11-21	16:50	71.86	72.10	71.23	71.25	692
2008-11-21	16:55	71.24	71.39	70.60	71.39	672
2008-11-21	17:00	71.40	71.42	70.58	71.00	731
2008-11-21	17:05	71.01	71.89	70.92	71.69	690
2008-11-21	17:10	71.70	71.74	71.18	71.27	479
2008-11-21	17:15	71.28	71.29	70.71	71.04	632
2008-11-21	17:20	71.05	71.55	71.01	71.19	614
2008-11-21	17:25	71.18	71.34	70.73	70.74	491
2008-11-21	17:30	70.73	71.26	70.73	70.99	463
2008-11-21	17:35	71.00	71.28	70.96	71.20	461
2008-11-21	17:40	71.21	71.64	71.07	71.41	492
2008-11-21	17:45	71.40	71.81	71.22	71.30	481
2008-11-21	17:50	71.28	71.28	70.48	70.63	410
2008-11-21	17:55	70.62	70.75	69.97	70.08	383
2008-11-21	18:00	70.07	70.25	69.71	69.71	271
2008-11-21	18:05	69.72	70.10	69.49	69.85	432
2008-11-21	18:10	69.87	70.70	69.83	70.50	515
2008-11-21	18:15	70.51	70.60	70.11	70.14	374
2008-11-21	18:20	70.15	70.74	70.12	70.64	459
2008-11-21	18:25	70.65	70.79	70.37	70.53	416
2008-11-21	18:30	70.55	70.91	70.49	70.71	445
2008-11-21	18:35	70.70	71.17	70.53	71.00	365
2008-11-21	18:40	71.01	71.65	70.99	71.46	362
2008-11-21	18:45	71.47	71.59	71.09	71.33	396
2008-11-21	18:50	71.34	71.49	71.03	71.06	402
2008-11-21	18:55	71.07	71.38	70.84	71.10	388
2008-11-21	19:00	71.11	71.36	70.64	71.28	402
2008-11-21	19:05	71.29	71.77	71.14	71.50	425
2008-11-21	19:10	71.51	71.59	70.89	71.01	538
2008-11-21	19:15	71.02	71.42	70.75	70.77	320
2008-11-21	19:20	70.78	71.26	70.73	71.16	423
2008-11-21	19:25	71.17	71.43	71.06	71.40	428
2008-11-21	19:30	71.41	71.64	71.16	71.51	405
2008-11-21	19:35	71.52	72.08	71.46	71.75	384
2008-11-21	19:40	71.74	72.06	71.55	71.59	383
2008-11-21	19:45	71.60	71.79	71.06	71.08	366
2008-11-21	19:50	71.09	71.59	71.03	71.52	371
2008-11-21	19:55	71.51	71.54	71.02	71.04	510
2008-11-21	20:00	71.05	71.14	70.50	70.56	383
2008-11-21	20:05	70.57	70.86	70.47	70.82	371
2008-11-21	20:10	70.81	71.09	70.72	71.03	481
2008-11-21	20:15	71.04	71.15	70.67	70.83	488
2008-11-21	20:20	70.82	70.82	70.30	70.47	347
2008-11-21	20:25	70.48	70.67	70.21	70.47	414
2008-11-21	20:30	70.48	70.71	70.42	70.42	358
2008-11-21	20:35	70.43	70.55	70.12	70.40	356
2008-11-21	20:40	70.41	70.89	70.33	70.65	387
2008-11-21	20:45	70.64	70.65	70.37	70.40	275
2008-11-21	20:50	70.43	70.51	70.10	70.30	420
2008-11-21	20:55	70.31	70.36	69.51	69.53	432
2008-11-21	21:00	69.54	70.53	69.42	70.44	527
2008-11-21	21:05	70.45	70.74	70.16	70.26	514
2008-11-21	21:10	70.27	70.59	69.99	70.08	421
2008-11-21	21:15	70.11	70.33	69.88	70.32	390
2008-11-21	21:20	70.31	71.10	70.23	70.72	530
2008-11-21	21:25	70.71	71.01	70.41	70.42	494
2008-11-21	21:30	70.41	70.41	70.02	70.23	438
2008-11-21	21:35	70.15	70.36	69.83	70.07	606
2008-11-21	21:40	70.11	70.26	69.43	70.05	576
2008-11-21	21:45	70.09	70.62	70.03	70.34	632
2008-11-21	21:50	70.33	70.42	69.86	69.98	550
2008-11-21	21:55	69.99	70.30	69.57	69.87	550
2008-11-21	22:00	69.86	71.27	69.86	71.16	696
2008-11-21	22:05	71.15	71.68	70.90	71.09	605
2008-11-21	22:10	71.08	72.34	70.91	72.33	694
2008-11-21	22:15	72.30	72.40	71.60	72.17	667
2008-11-21	22:20	72.18	72.35	71.26	71.64	670
2008-11-21	22:25	71.63	72.21	71.29	71.81	597
2008-11-21	22:30	71.80	72.80	71.37	72.76	676
2008-11-21	22:35	72.77	73.50	72.55	73.11	649
2008-11-21	22:40	73.09	73.27	71.92	72.06	724
2008-11-21	22:45	72.05	73.23	71.28	73.23	701
2008-11-21	22:50	73.24	74.26	72.82	74.14	723
2008-11-21	22:55	74.12	75.61	74.11	75.03	567
2008-11-24	16:30	76.02	76.49	75.21	75.22	317
2008-11-24	16:35	75.20	76.18	75.04	75.09	554
2008-11-24	16:40	75.11	76.07	74.91	75.81	529
2008-11-24	16:45	75.82	76.13	75.65	75.97	322
2008-11-24	16:50	75.98	76.50	75.94	76.41	377
2008-11-24	16:55	76.40	76.66	75.94	76.37	420
2008-11-24	17:00	76.38	77.26	76.36	77.06	404
2008-11-24	17:05	77.07	77.88	77.02	77.88	343
2008-11-24	17:10	77.89	78.38	77.89	78.33	249
2008-11-24	17:15	78.34	78.43	77.88	78.16	407
2008-11-24	17:20	78.17	78.42	77.89	78.21	414
2008-11-24	17:25	78.20	78.62	78.14	78.55	454
2008-11-24	17:30	78.53	78.89	78.53	78.82	408
2008-11-24	17:35	78.81	78.84	78.35	78.36	440
2008-11-24	17:40	78.35	78.88	78.33	78.76	408
2008-11-24	17:45	78.77	78.78	78.00	78.00	496
2008-11-24	17:50	77.99	78.18	77.88	78.11	443
2008-11-24	17:55	78.10	78.58	77.89	78.56	458
2008-11-24	18:00	78.60	78.77	77.95	77.95	358
2008-11-24	18:05	77.96	78.13	77.83	77.93	340
2008-11-24	18:10	77.92	78.04	77.70	77.92	245
2008-11-24	18:15	77.91	78.28	77.89	77.98	352
2008-11-24	18:20	77.97	78.28	77.70	78.27	362
2008-11-24	18:25	78.26	78.54	78.26	78.30	347
2008-11-24	18:30	78.31	78.55	78.09	78.36	372
2008-11-24	18:35	78.35	78.59	78.15	78.54	377
2008-11-24	18:40	78.56	78.86	78.42	78.82	383
2008-11-24	18:45	78.80	79.05	78.48	79.01	339
2008-11-24	18:50	79.00	79.44	78.91	79.30	325
2008-11-24	18:55	79.31	79.46	78.89	78.91	355
2008-11-24	19:00	78.92	79.23	78.90	79.09	247
2008-11-24	19:05	79.08	79.24	79.01	79.21	155
2008-11-24	19:10	79.20	79.20	78.73	78.73	245
2008-11-24	19:15	78.72	79.00	78.18	78.33	396
2008-11-24	19:20	78.34	78.37	77.52	77.56	352
2008-11-24	19:25	77.57	78.03	77.44	77.44	413
2008-11-24	19:30	77.45	77.87	77.35	77.77	417
2008-11-24	19:35	77.76	78.21	77.53	77.65	409
2008-11-24	19:40	77.64	78.28	77.45	78.07	407
2008-11-24	19:45	78.06	78.14	77.77	78.10	445
2008-11-24	19:50	78.11	78.59	78.02	78.50	303
2008-11-24	19:55	78.51	78.91	78.42	78.66	275
2008-11-24	20:00	78.65	78.89	78.54	78.77	345
2008-11-24	20:05	78.76	78.77	78.25	78.25	442
2008-11-24	20:10	78.26	78.37	78.01	78.15	372
2008-11-24	20:15	78.16	78.40	77.76	78.29	295
2008-11-24	20:20	78.28	78.69	78.23	78.58	339
2008-11-24	20:25	78.59	78.90	78.43	78.84	284
2008-11-24	20:30	78.85	78.90	78.60	78.80	346
2008-11-24	20:35	78.79	78.84	78.21	78.43	404
2008-11-24	20:40	78.44	78.59	78.21	78.21	375
2008-11-24	20:45	78.22	78.35	78.02	78.14	405
2008-11-24	20:50	78.12	78.56	78.12	78.49	383
2008-11-24	20:55	78.50	79.22	78.46	79.16	423
2008-11-24	21:00	79.17	79.17	78.23	78.29	322
2008-11-24	21:05	78.28	78.28	77.74	77.97	388
2008-11-24	21:10	77.96	78.12	77.56	78.07	382
2008-11-24	21:15	78.09	78.41	77.91	78.34	477
2008-11-24	21:20	78.35	79.14	78.29	79.12	371
2008-11-24	21:25	79.11	79.31	78.97	79.21	350
2008-11-24	21:30	79.22	79.39	78.78	78.92	425
2008-11-24	21:35	78.93	79.11	78.79	79.00	389
2008-11-24	21:40	79.01	79.11	78.61	78.85	461
2008-11-24	21:45	78.87	78.99	78.41	78.59	374
2008-11-24	21:50	78.60	78.90	78.55	78.73	327
2008-11-24	21:55	78.74	79.03	78.74	78.89	422
2008-11-24	22:00	78.87	79.39	78.60	79.37	482
2008-11-24	22:05	79.38	79.74	79.23	79.74	391
2008-11-24	22:10	79.75	79.82	79.46	79.73	429
2008-11-24	22:15	79.74	79.81	79.47	79.58	476
2008-11-24	22:20	79.57	79.76	79.38	79.62	450
2008-11-24	22:25	79.64	80.24	79.60	80.16	400
2008-11-24	22:30	80.17	80.45	80.10	80.38	366
2008-11-24	22:35	80.37	80.88	80.35	80.81	550
2008-11-24	22:40	80.80	81.88	80.80	81.87	510
2008-11-24	22:45	81.86	81.98	81.61	81.61	335
2008-11-24	22:50	81.62	81.62	79.18	79.93	811
2008-11-24	22:55	79.94	81.05	79.62	79.68	783
2008-11-25	16:30	81.70	81.89	80.83	81.07	629
2008-11-25	16:35	81.06	81.29	80.27	80.86	766
2008-11-25	16:40	80.87	81.32	80.45	80.48	598
2008-11-25	16:45	80.47	81.14	80.41	80.99	518
2008-11-25	16:50	81.00	81.36	80.88	80.97	508
2008-11-25	16:55	80.95	81.02	80.62	80.97	556
2008-11-25	17:00	80.96	82.02	80.95	81.54	701
2008-11-25	17:05	81.55	82.08	81.55	82.01	600
2008-11-25	17:10	82.02	82.12	81.82	82.08	526
2008-11-25	17:15	82.07	82.10	81.64	81.83	420
2008-11-25	17:20	81.82	81.89	81.39	81.45	519
2008-11-25	17:25	81.46	82.12	81.43	82.10	496
2008-11-25	17:30	82.09	82.27	81.76	81.89	548
2008-11-25	17:35	81.90	81.93	81.33	81.33	454
2008-11-25	17:40	81.34	81.44	81.05	81.30	396
2008-11-25	17:45	81.29	81.31	81.06	81.06	324
2008-11-25	17:50	81.07	81.38	81.07	81.19	446
2008-11-25	17:55	81.20	81.40	80.97	81.17	333
2008-11-25	18:00	81.18	81.45	80.69	80.77	307
2008-11-25	18:05	80.78	80.78	80.17	80.29	436
2008-11-25	18:10	80.30	80.67	80.30	80.42	327
2008-11-25	18:15	80.43	80.66	80.19	80.57	372
2008-11-25	18:20	80.58	80.85	80.37	80.75	308
2008-11-25	18:25	80.74	80.90	80.69	80.71	164
2008-11-25	18:30	80.70	80.99	80.59	80.75	387
2008-11-25	18:35	80.74	80.81	80.44	80.47	358
2008-11-25	18:40	80.48	80.78	80.47	80.65	433
2008-11-25	18:45	80.64	80.72	80.43	80.57	334
2008-11-25	18:50	80.58	80.65	80.28	80.47	375
2008-11-25	18:55	80.49	80.77	80.28	80.34	369
2008-11-25	19:00	80.35	80.38	79.91	79.99	348
2008-11-25	19:05	79.98	80.06	79.67	79.93	360
2008-11-25	19:10	79.92	79.99	79.52	79.66	371
2008-11-25	19:15	79.67	79.73	79.46	79.61	378
2008-11-25	19:20	79.60	79.65	78.99	79.03	279
2008-11-25	19:25	79.02	79.27	78.99	79.27	210
2008-11-25	19:30	79.26	79.39	78.98	79.09	384
2008-11-25	19:35	79.10	79.54	79.10	79.23	302
2008-11-25	19:40	79.22	79.34	79.02	79.03	223
2008-11-25	19:45	79.04	79.05	78.60	78.68	282
2008-11-25	19:50	78.69	78.83	78.41	78.46	327
2008-11-25	19:55	78.45	78.87	78.13	78.29	369
2008-11-25	20:00	78.32	78.49	78.23	78.29	252
2008-11-25	20:05	78.30	78.89	78.30	78.89	252
2008-11-25	20:10	78.88	78.98	78.75	78.75	164
2008-11-25	20:15	78.76	78.88	78.28	78.81	234
2008-11-25	20:20	78.82	78.82	78.45	78.52	303
2008-11-25	20:25	78.51	78.88	78.33	78.74	297
2008-11-25	20:30	78.75	79.40	78.75	79.37	239
2008-11-25	20:35	79.38	79.47	79.24	79.47	162
2008-11-25	20:40	79.49	79.52	79.23	79.25	204
2008-11-25	20:45	79.24	79.41	79.24	79.31	241
2008-11-25	20:50	79.30	79.56	79.23	79.56	199
2008-11-25	20:55	79.55	79.71	79.34	79.36	308
2008-11-25	21:00	79.37	79.42	79.29	79.31	263
2008-11-25	21:05	79.32	79.35	78.75	78.85	248
2008-11-25	21:10	78.86	78.86	78.37	78.38	335
2008-11-25	21:15	78.37	78.75	78.23	78.72	407
2008-11-25	21:20	78.71	78.88	78.53	78.86	292
2008-11-25	21:25	78.87	79.10	78.77	78.87	311
2008-11-25	21:30	78.88	79.23	78.67	79.21	397
2008-11-25	21:35	79.23	79.48	78.93	79.32	391
2008-11-25	21:40	79.33	79.49	79.01	79.48	295
2008-11-25	21:45	79.47	79.58	79.31	79.45	261
2008-11-25	21:50	79.44	79.56	79.11	79.56	378
2008-11-25	21:55	79.55	80.28	79.49	80.02	350
2008-11-25	22:00	80.01	80.78	79.97	80.73	516
2008-11-25	22:05	80.74	81.29	80.53	80.59	587
2008-11-25	22:10	80.62	80.96	80.40	80.88	486
2008-11-25	22:15	80.87	81.15	80.68	80.82	513
2008-11-25	22:20	80.83	80.83	79.92	80.21	568
2008-11-25	22:25	80.20	80.41	79.66	80.29	529
2008-11-25	22:30	80.28	80.55	79.74	80.02	577
2008-11-25	22:35	80.01	80.75	79.98	80.41	555
2008-11-25	22:40	80.42	81.33	80.24	81.29	670
2008-11-25	22:45	81.30	81.36	80.45	80.87	727
2008-11-25	22:50	80.88	81.37	80.64	80.82	675
2008-11-25	22:55	80.83	80.96	79.88	80.49	646
2008-11-26	16:30	78.61	79.21	78.53	79.16	398
2008-11-26	16:35	79.26	79.59	79.08	79.08	563
2008-11-26	16:40	79.07	79.76	79.02	79.15	536
2008-11-26	16:45	79.16	79.80	79.16	79.78	548
2008-11-26	16:50	79.79	80.00	79.59	79.82	335
2008-11-26	16:55	79.83	80.06	79.75	79.82	372
2008-11-26	17:00	79.88	80.36	79.87	80.21	423
2008-11-26	17:05	80.20	80.20	79.78	79.87	306
2008-11-26	17:10	79.88	80.25	79.68	80.08	376
2008-11-26	17:15	80.12	80.78	80.12	80.60	331
2008-11-26	17:20	80.59	80.76	80.49	80.69	274
2008-11-26	17:25	80.70	81.02	80.58	80.58	265
2008-11-26	17:30	80.57	80.68	80.34	80.49	297
2008-11-26	17:35	80.48	80.77	80.40	80.63	445
2008-11-26	17:40	80.64	80.65	80.30	80.55	305
2008-11-26	17:45	80.56	80.88	80.28	80.30	341
2008-11-26	17:50	80.31	81.23	80.23	81.03	360
2008-11-26	17:55	81.02	81.29	80.79	80.79	309
2008-11-26	18:00	80.78	80.91	80.57	80.67	315
2008-11-26	18:05	80.66	80.71	80.24	80.38	316
2008-11-26	18:10	80.41	80.97	80.41	80.81	277
2008-11-26	18:15	80.80	81.06	80.71	81.05	188
2008-11-26	18:20	81.06	81.31	80.91	81.11	283
2008-11-26	18:25	81.10	81.29	80.74	80.74	274
2008-11-26	18:30	80.75	81.09	80.63	80.71	322
2008-11-26	18:35	80.74	81.04	80.73	80.76	316
2008-11-26	18:40	80.77	80.91	80.51	80.64	362
2008-11-26	18:45	80.61	80.82	80.36	80.80	309
2008-11-26	18:50	80.79	81.05	80.70	80.96	189
2008-11-26	18:55	80.97	81.11	80.90	81.00	227
2008-11-26	19:00	81.01	81.02	80.56	80.68	168
2008-11-26	19:05	80.67	80.78	80.43	80.48	212
2008-11-26	19:10	80.47	80.64	80.42	80.58	183
2008-11-26	19:15	80.59	80.87	80.59	80.70	162
2008-11-26	19:20	80.72	80.83	80.61	80.73	204
2008-11-26	19:25	80.71	80.87	80.56	80.80	150
2008-11-26	19:30	80.81	80.85	80.62	80.73	188
2008-11-26	19:35	80.71	80.99	80.65	80.99	169
2008-11-26	19:40	80.97	81.08	80.74	80.86	207
2008-11-26	19:45	80.84	80.93	80.72	80.73	280
2008-11-26	19:50	80.74	80.75	80.47	80.51	168
2008-11-26	19:55	80.52	80.57	80.34	80.45	191
2008-11-26	20:00	80.49	80.78	80.45	80.77	247
2008-11-26	20:05	80.74	80.83	80.57	80.63	184
2008-11-26	20:10	80.64	80.70	80.31	80.42	200
2008-11-26	20:15	80.41	80.50	80.31	80.43	149
2008-11-26	20:20	80.42	80.55	80.14	80.19	176
2008-11-26	20:25	80.17	80.43	80.06	80.39	209
2008-11-26	20:30	80.38	80.45	80.06	80.13	242
2008-11-26	20:35	80.12	80.50	80.06	80.41	154
2008-11-26	20:40	80.40	80.48	80.17	80.43	152
2008-11-26	20:45	80.42	80.53	80.20	80.24	184
2008-11-26	20:50	80.27	80.46	80.08	80.13	141
2008-11-26	20:55	80.12	80.13	79.92	80.12	133
2008-11-26	21:00	80.08	80.08	79.71	79.88	174
2008-11-26	21:05	79.89	80.10	79.87	79.97	186
2008-11-26	21:10	79.98	80.02	79.82	79.88	160
2008-11-26	21:15	79.85	80.30	79.82	80.14	300
2008-11-26	21:20	80.13	80.61	80.12	80.33	234
2008-11-26	21:25	80.32	80.49	80.24	80.47	206
2008-11-26	21:30	80.48	80.80	80.44	80.66	332
2008-11-26	21:35	80.67	80.76	80.32	80.33	374
2008-11-26	21:40	80.32	80.69	80.30	80.58	363
2008-11-26	21:45	80.62	80.64	80.45	80.51	384
2008-11-26	21:50	80.52	80.70	80.51	80.69	276
2008-11-26	21:55	80.68	81.11	80.61	80.85	427
2008-11-26	22:00	80.86	81.30	80.70	80.83	415
2008-11-26	22:05	80.82	80.98	80.75	80.82	310
2008-11-26	22:10	80.85	81.47	80.74	81.35	430
2008-11-26	22:15	81.37	81.58	81.23	81.29	362
2008-11-26	22:20	81.28	81.39	80.94	81.26	392
2008-11-26	22:25	81.25	81.53	81.14	81.51	435
2008-11-26	22:30	81.50	81.62	81.19	81.57	367
2008-11-26	22:35	81.58	81.65	81.29	81.56	432
2008-11-26	22:40	81.55	81.61	80.83	81.09	405
2008-11-26	22:45	81.08	81.36	80.88	81.05	435
2008-11-26	22:50	81.04	81.45	80.92	81.45	446
2008-11-26	22:55	81.46	81.63	81.40	81.49	374
2008-11-28	16:30	80.97	81.73	80.97	81.28	298
2008-11-28	16:35	81.27	81.60	81.17	81.19	312
2008-11-28	16:40	81.18	81.21	80.73	80.88	313
2008-11-28	16:45	80.92	81.28	80.88	81.19	264
2008-11-28	16:50	81.18	81.19	80.74	80.74	249
2008-11-28	16:55	80.75	81.38	80.71	80.97	224
2008-11-28	17:00	80.98	81.30	80.96	81.23	218
2008-11-28	17:05	81.22	81.22	80.85	80.93	179
2008-11-28	17:10	80.94	81.10	80.78	80.98	184
2008-11-28	17:15	81.00	81.05	80.80	80.99	269
2008-11-28	17:20	81.00	81.12	80.60	80.74	235
2008-11-28	17:25	80.75	80.89	80.58	80.66	240
2008-11-28	17:30	80.64	80.82	80.47	80.63	218
2008-11-28	17:35	80.60	80.74	80.49	80.52	202
2008-11-28	17:40	80.53	80.63	80.42	80.51	150
2008-11-28	17:45	80.54	80.54	80.26	80.26	98
2008-11-28	17:50	80.27	80.35	80.09	80.23	129
2008-11-28	17:55	80.24	80.42	80.21	80.38	87
2008-11-28	18:00	80.37	80.37	80.15	80.16	144
2008-11-28	18:05	80.17	80.22	80.05	80.15	133
2008-11-28	18:10	80.16	80.29	80.15	80.19	79
2008-11-28	18:15	80.18	80.27	80.01	80.21	115
2008-11-28	18:20	80.20	80.36	80.16	80.32	136
2008-11-28	18:25	80.33	80.54	80.30	80.40	114
2008-11-28	18:30	80.41	80.47	80.24	80.31	161
2008-11-28	18:35	80.30	80.63	80.13	80.51	172
2008-11-28	18:40	80.50	80.64	80.31	80.61	152
2008-11-28	18:45	80.62	80.64	80.36	80.57	130
2008-11-28	18:50	80.56	80.61	80.41	80.60	118
2008-11-28	18:55	80.61	80.66	80.50	80.65	95
2008-11-28	19:00	80.66	80.66	80.51	80.64	143
2008-11-28	19:05	80.63	80.66	80.52	80.57	115
2008-11-28	19:10	80.58	80.86	80.58	80.86	85
2008-11-28	19:15	80.85	80.90	80.62	80.79	87
2008-11-28	19:20	80.78	80.88	80.59	80.62	113
2008-11-28	19:25	80.63	80.73	80.48	80.69	150
2008-11-28	19:30	80.68	80.83	80.52	80.70	157
2008-11-28	19:35	80.69	80.81	80.61	80.69	82
2008-11-28	19:40	80.70	80.96	80.70	80.96	191
2008-11-28	19:45	80.95	81.09	80.69	81.09	223
2008-11-28	19:50	81.08	81.49	81.07	81.44	361
2008-11-28	19:55	81.43	81.65	81.24	81.55	233
2008-12-01	16:30	80.69	81.23	80.57	80.67	623
2008-12-01	16:35	80.68	80.87	80.13	80.14	706
2008-12-01	16:40	80.13	80.29	79.80	80.04	704
2008-12-01	16:45	80.05	80.37	79.67	79.74	558
2008-12-01	16:50	79.73	79.87	79.47	79.61	515
2008-12-01	16:55	79.60	79.74	79.43	79.53	458
2008-12-01	17:00	79.52	79.61	79.13	79.38	408
2008-12-01	17:05	79.40	79.47	79.12	79.33	376
2008-12-01	17:10	79.32	79.67	79.28	79.40	414
2008-12-01	17:15	79.41	79.62	79.09	79.11	361
2008-12-01	17:20	79.09	79.35	79.09	79.10	274
2008-12-01	17:25	79.09	79.30	78.91	78.92	363
2008-12-01	17:30	78.93	78.93	78.41	78.59	335
2008-12-01	17:35	78.58	78.94	78.57	78.74	261
2008-12-01	17:40	78.73	78.99	78.57	78.92	315
2008-12-01	17:45	78.93	79.08	78.75	78.75	315
2008-12-01	17:50	78.76	78.85	78.47	78.78	200
2008-12-01	17:55	78.79	78.85	78.10	78.11	230
2008-12-01	18:00	78.10	78.24	77.99	78.24	167
2008-12-01	18:05	78.26	78.36	78.02	78.06	252
2008-12-01	18:10	78.07	78.44	78.02	78.41	185
2008-12-01	18:15	78.40	78.58	78.27	78.57	149
2008-12-01	18:20	78.56	78.56	78.35	78.42	164
2008-12-01	18:25	78.40	78.53	78.14	78.29	175
2008-12-01	18:30	78.27	78.40	78.14	78.35	251
2008-12-01	18:35	78.34	78.67	78.33	78.58	238
2008-12-01	18:40	78.59	78.82	78.57	78.70	191
2008-12-01	18:45	78.71	78.86	78.70	78.80	175
2008-12-01	18:50	78.79	78.82	78.60	78.74	146
2008-12-01	18:55	78.75	78.89	78.71	78.71	184
2008-12-01	19:00	78.72	78.74	78.42	78.53	204
2008-12-01	19:05	78.54	78.89	78.53	78.83	225
2008-12-01	19:10	78.82	78.95	78.76	78.93	195
2008-12-01	19:15	78.94	78.97	78.76	78.85	192
2008-12-01	19:20	78.84	78.97	78.74	78.93	186
2008-12-01	19:25	78.91	78.91	78.42	78.50	204
2008-12-01	19:30	78.49	78.79	78.43	78.67	253
2008-12-01	19:35	78.66	78.74	78.41	78.52	252
2008-12-01	19:40	78.53	78.62	78.40	78.45	187
2008-12-01	19:45	78.46	78.68	78.45	78.61	164
2008-12-01	19:50	78.62	78.75	78.40	78.66	200
2008-12-01	19:55	78.65	78.70	78.50	78.52	137
2008-12-01	20:00	78.53	78.66	78.52	78.59	115
2008-12-01	20:05	78.60	78.68	78.45	78.58	118
2008-12-01	20:10	78.59	78.78	78.59	78.77	167
2008-12-01	20:15	78.76	78.84	78.67	78.79	167
2008-12-01	20:20	78.82	78.87	78.71	78.76	183
2008-12-01	20:25	78.75	78.82	78.66	78.78	181
2008-12-01	20:30	78.77	78.96	78.57	78.67	259
2008-12-01	20:35	78.68	78.80	78.54	78.71	165
2008-12-01	20:40	78.72	78.83	78.50	78.50	325
2008-12-01	20:45	78.49	78.68	78.27	78.34	372
2008-12-01	20:50	78.36	78.57	78.29	78.41	249
2008-12-01	20:55	78.42	78.84	78.36	78.78	276
2008-12-01	21:00	78.79	78.87	78.54	78.55	298
2008-12-01	21:05	78.56	78.73	78.37	78.68	331
2008-12-01	21:10	78.67	78.74	78.46	78.63	319
2008-12-01	21:15	78.62	78.62	78.28	78.45	354
2008-12-01	21:20	78.46	78.65	78.31	78.64	288
2008-12-01	21:25	78.62	78.73	78.45	78.64	346
2008-12-01	21:30	78.63	78.84	78.50	78.72	315
2008-12-01	21:35	78.73	78.79	78.51	78.62	284
2008-12-01	21:40	78.61	78.75	78.53	78.54	258
2008-12-01	21:45	78.58	78.84	78.58	78.79	266
2008-12-01	21:50	78.78	79.01	78.74	78.87	371
2008-12-01	21:55	78.89	78.90	78.53	78.54	278
2008-12-01	22:00	78.53	78.66	78.28	78.38	299
2008-12-01	22:05	78.37	78.67	78.17	78.26	461
2008-12-01	22:10	78.27	78.59	78.26	78.47	332
2008-12-01	22:15	78.46	78.64	78.27	78.39	345
2008-12-01	22:20	78.37	78.37	78.03	78.07	364
2008-12-01	22:25	78.11	78.33	78.03	78.16	427
2008-12-01	22:30	78.17	78.25	77.94	78.01	471
2008-12-01	22:35	78.03	78.05	77.52	77.52	418
2008-12-01	22:40	77.53	77.78	77.41	77.46	456
2008-12-01	22:45	77.47	77.67	77.29	77.39	563
2008-12-01	22:50	77.38	77.38	76.91	77.06	392
2008-12-01	22:55	77.08	77.22	76.71	76.83	361
2008-12-02	16:30	77.10	77.32	76.75	76.77	332
2008-12-02	16:35	76.78	77.03	76.27	76.45	484
2008-12-02	16:40	76.42	76.42	76.06	76.12	392
2008-12-02	16:45	76.10	76.49	76.07	76.38	366
2008-12-02	16:50	76.37	76.57	76.31	76.37	403
2008-12-02	16:55	76.38	76.53	76.15	76.50	459
2008-12-02	17:00	76.49	76.76	76.25	76.75	498
2008-12-02	17:05	76.76	76.77	76.37	76.53	477
2008-12-02	17:10	76.54	77.20	76.46	77.02	424
2008-12-02	17:15	77.03	77.24	76.93	77.23	441
2008-12-02	17:20	77.22	77.37	76.98	77.32	487
2008-12-02	17:25	77.30	77.38	77.08	77.29	448
2008-12-02	17:30	77.32	77.83	77.31	77.77	425
2008-12-02	17:35	77.78	78.02	77.64	77.96	388
2008-12-02	17:40	77.97	78.23	77.88	78.02	308
2008-12-02	17:45	78.03	78.30	77.88	78.00	355
2008-12-02	17:50	78.01	78.06	77.71	78.01	388
2008-12-02	17:55	78.00	78.30	77.92	78.29	386
2008-12-02	18:00	78.28	78.37	77.94	78.13	385
2008-12-02	18:05	78.15	78.17	77.83	77.93	298
2008-12-02	18:10	77.96	78.32	77.96	78.07	296
2008-12-02	18:15	78.06	78.14	78.01	78.10	132
2008-12-02	18:20	78.13	78.66	78.13	78.46	269
2008-12-02	18:25	78.45	78.86	78.41	78.75	270
2008-12-02	18:30	78.76	78.93	78.56	78.56	352
2008-12-02	18:35	78.57	78.61	78.33	78.37	202
2008-12-02	18:40	78.36	78.67	78.29	78.48	257
2008-12-02	18:45	78.47	78.90	78.33	78.87	261
2008-12-02	18:50	78.88	79.28	78.84	79.04	292
2008-12-02	18:55	79.03	79.43	79.02	79.31	355
2008-12-02	19:00	79.32	79.40	79.13	79.15	372
2008-12-02	19:05	79.14	79.33	79.03	79.10	339
2008-12-02	19:10	79.11	79.19	78.89	79.05	201
2008-12-02	19:15	79.04	79.19	78.95	79.18	226
2008-12-02	19:20	79.19	79.40	79.11	79.12	210
2008-12-02	19:25	79.11	79.54	79.10	79.44	173
2008-12-02	19:30	79.47	79.60	79.36	79.40	208
2008-12-02	19:35	79.41	79.56	79.32	79.42	222
2008-12-02	19:40	79.41	79.41	79.12	79.14	242
2008-12-02	19:45	79.13	79.22	79.05	79.06	184
2008-12-02	19:50	79.07	79.19	78.91	79.01	171
2008-12-02	19:55	79.00	79.36	78.98	79.22	134
2008-12-02	20:00	79.20	79.41	79.02	79.20	211
2008-12-02	20:05	79.21	79.30	78.98	79.04	180
2008-12-02	20:10	79.05	79.51	79.04	79.33	143
2008-12-02	20:15	79.32	79.51	79.27	79.37	177
2008-12-02	20:20	79.35	79.44	79.13	79.21	257
2008-12-02	20:25	79.20	79.53	79.19	79.52	186
2008-12-02	20:30	79.51	79.53	78.85	78.96	334
2008-12-02	20:35	78.95	79.09	78.85	78.93	257
2008-12-02	20:40	78.94	79.10	78.83	78.94	293
2008-12-02	20:45	78.93	79.04	78.74	78.75	250
2008-12-02	20:50	78.74	78.74	78.43	78.57	377
2008-12-02	20:55	78.56	78.57	78.27	78.37	365
2008-12-02	21:00	78.36	78.60	77.81	77.85	298
2008-12-02	21:05	77.84	77.94	77.53	77.66	445
2008-12-02	21:10	77.67	77.92	77.61	77.78	393
2008-12-02	21:15	77.77	77.88	77.50	77.83	382
2008-12-02	21:20	77.82	77.82	77.24	77.54	536
2008-12-02	21:25	77.53	77.59	77.03	77.56	539
2008-12-02	21:30	77.57	77.93	77.28	77.62	432
2008-12-02	21:35	77.61	78.07	77.56	77.88	417
2008-12-02	21:40	77.87	78.03	77.70	77.90	354
2008-12-02	21:45	77.89	78.05	77.76	78.02	419
2008-12-02	21:50	78.03	78.40	77.86	78.32	333
2008-12-02	21:55	78.33	78.79	78.30	78.70	431
2008-12-02	22:00	78.71	78.73	78.30	78.42	389
2008-12-02	22:05	78.41	78.46	77.78	78.14	519
2008-12-02	22:10	78.13	78.30	77.78	77.87	375
2008-12-02	22:15	77.86	78.89	77.85	78.80	417
2008-12-02	22:20	78.81	79.47	78.79	79.34	442
2008-12-02	22:25	79.35	79.71	79.26	79.45	630
2008-12-02	22:30	79.46	79.79	79.36	79.71	554
2008-12-02	22:35	79.72	79.79	79.45	79.50	607
2008-12-02	22:40	79.49	79.60	79.00	79.29	678
2008-12-02	22:45	79.30	79.50	78.33	78.56	639
2008-12-02	22:50	78.57	79.28	78.19	79.11	645
2008-12-02	22:55	79.14	79.88	79.14	79.85	395
2008-12-03	16:30	78.20	78.59	77.95	78.55	300
2008-12-03	16:35	78.54	78.72	78.06	78.19	636
2008-12-03	16:40	78.20	78.88	78.12	78.81	691
2008-12-03	16:45	78.79	78.84	78.28	78.43	654
2008-12-03	16:50	78.42	78.60	77.96	77.96	391
2008-12-03	16:55	77.95	77.97	77.53	77.77	374
2008-12-03	17:00	77.76	78.11	77.33	78.08	558
2008-12-03	17:05	78.09	78.30	77.98	78.05	462
2008-12-03	17:10	78.03	78.19	77.70	78.03	507
2008-12-03	17:15	78.05	78.37	77.70	77.76	563
2008-12-03	17:20	77.77	77.94	77.59	77.74	430
2008-12-03	17:25	77.77	78.24	77.64	78.16	529
2008-12-03	17:30	78.17	78.28	78.07	78.09	320
2008-12-03	17:35	78.11	78.25	77.81	78.02	385
2008-12-03	17:40	78.01	78.32	77.96	78.11	429
2008-12-03	17:45	78.13	78.69	78.10	78.57	367
2008-12-03	17:50	78.58	78.87	78.50	78.86	324
2008-12-03	17:55	78.85	79.34	78.69	79.32	338
2008-12-03	18:00	79.33	79.57	79.24	79.46	433
2008-12-03	18:05	79.47	79.58	79.19	79.23	324
2008-12-03	18:10	79.24	79.45	79.18	79.42	315
2008-12-03	18:15	79.43	79.90	79.28	79.62	367
2008-12-03	18:20	79.61	79.67	79.47	79.57	321
2008-12-03	18:25	79.55	79.64	79.18	79.36	437
2008-12-03	18:30	79.35	79.57	79.27	79.35	479
2008-12-03	18:35	79.34	79.61	79.27	79.49	323
2008-12-03	18:40	79.48	79.85	79.00	79.23	498
2008-12-03	18:45	79.24	79.46	79.07	79.39	366
2008-12-03	18:50	79.38	79.87	79.29	79.84	298
2008-12-03	18:55	79.86	79.86	79.63	79.63	135
2008-12-03	19:00	79.62	79.63	79.17	79.21	167
2008-12-03	19:05	79.22	79.28	78.82	78.87	216
2008-12-03	19:10	78.88	79.21	78.88	79.06	283
2008-12-03	19:15	79.07	79.17	78.71	78.74	256
2008-12-03	19:20	78.73	78.96	78.64	78.81	239
2008-12-03	19:25	78.82	79.19	78.82	79.09	327
2008-12-03	19:30	79.10	79.42	79.09	79.15	348
2008-12-03	19:35	79.13	79.19	79.00	79.09	272
2008-12-03	19:40	79.08	79.15	78.74	78.88	194
2008-12-03	19:45	78.89	79.14	78.82	78.92	314
2008-12-03	19:50	78.91	79.00	78.81	78.97	215
2008-12-03	19:55	78.98	79.27	78.98	79.11	232
2008-12-03	20:00	79.12	79.26	78.96	79.07	211
2008-12-03	20:05	79.08	79.21	78.96	79.01	130
2008-12-03	20:10	79.02	79.22	78.96	79.18	124
2008-12-03	20:15	79.19	79.31	79.13	79.21	83
2008-12-03	20:20	79.22	79.48	78.91	78.94	150
2008-12-03	20:25	78.93	78.93	78.39	78.43	190
2008-12-03	20:30	78.42	78.51	78.10	78.15	122
2008-12-03	20:35	78.16	78.21	77.96	77.96	154
2008-12-03	20:40	77.97	77.98	77.50	77.64	171
2008-12-03	20:45	77.65	77.65	77.26	77.47	226
2008-12-03	20:50	77.48	77.52	77.24	77.33	305
2008-12-03	20:55	77.32	77.40	77.15	77.18	195
2008-12-03	21:00	77.22	77.47	77.16	77.47	288
2008-12-03	21:05	77.48	77.50	76.91	77.23	441
2008-12-03	21:10	77.22	77.64	77.22	77.51	389
2008-12-03	21:15	77.50	77.86	77.42	77.77	404
2008-12-03	21:20	77.82	78.05	77.68	78.00	436
2008-12-03	21:25	78.01	78.84	78.01	78.82	444
2008-12-03	21:30	78.81	79.58	78.78	79.33	496
2008-12-03	21:35	79.31	79.55	79.04	79.15	577
2008-12-03	21:40	79.14	79.32	79.01	79.18	489
2008-12-03	21:45	79.19	79.57	79.18	79.23	436
2008-12-03	21:50	79.25	79.80	79.23	79.47	395
2008-12-03	21:55	79.46	79.55	79.02	79.02	406
2008-12-03	22:00	79.01	79.19	78.64	78.88	272
2008-12-03	22:05	78.87	79.59	78.75	79.42	415
2008-12-03	22:10	79.40	79.55	79.03	79.11	601
2008-12-03	22:15	79.12	79.34	78.56	79.04	598
2008-12-03	22:20	79.05	79.49	78.98	79.14	508
2008-12-03	22:25	79.15	79.54	78.98	79.47	563
2008-12-03	22:30	79.46	79.69	79.03	79.50	658
2008-12-03	22:35	79.49	79.70	79.21	79.62	517
2008-12-03	22:40	79.63	80.62	79.63	80.26	545
2008-12-03	22:45	80.25	80.51	79.78	80.32	649
2008-12-03	22:50	80.31	80.85	80.17	80.84	625
2008-12-03	22:55	80.83	80.86	80.37	80.63	468
2008-12-04	16:30	79.55	80.06	79.51	79.72	544
2008-12-04	16:35	79.73	79.89	79.18	79.72	495
2008-12-04	16:40	79.73	79.95	79.38	79.42	396
2008-12-04	16:45	79.35	79.73	79.30	79.58	454
2008-12-04	16:50	79.59	79.87	79.59	79.80	443
2008-12-04	16:55	79.79	79.89	79.48	79.58	384
2008-12-04	17:00	79.59	80.12	79.51	79.93	521
2008-12-04	17:05	79.91	79.98	79.50	79.63	458
2008-12-04	17:10	79.65	79.81	79.27	79.33	491
2008-12-04	17:15	79.34	79.60	79.22	79.42	585
2008-12-04	17:20	79.47	79.90	79.36	79.57	403
2008-12-04	17:25	79.56	79.57	79.16	79.19	390
2008-12-04	17:30	79.18	79.44	79.09	79.34	232
2008-12-04	17:35	79.35	79.92	79.21	79.87	459
2008-12-04	17:40	79.84	79.99	79.41	79.51	369
2008-12-04	17:45	79.49	79.73	79.32	79.52	342
2008-12-04	17:50	79.51	79.84	79.42	79.69	366
2008-12-04	17:55	79.70	79.83	79.61	79.79	266
2008-12-04	18:00	79.78	79.87	79.61	79.77	336
2008-12-04	18:05	79.75	79.81	79.30	79.33	315
2008-12-04	18:10	79.34	79.45	79.19	79.34	289
2008-12-04	18:15	79.35	79.63	79.31	79.51	298
2008-12-04	18:20	79.50	80.08	79.42	80.08	333
2008-12-04	18:25	80.07	80.30	79.97	79.99	281
2008-12-04	18:30	80.00	80.01	79.77	79.92	248
2008-12-04	18:35	79.91	79.93	79.33	79.66	337
2008-12-04	18:40	79.65	79.74	79.44	79.45	275
2008-12-04	18:45	79.46	79.76	79.41	79.66	277
2008-12-04	18:50	79.67	79.78	79.55	79.77	210
2008-12-04	18:55	79.78	80.12	79.70	79.78	280
2008-12-04	19:00	79.79	80.73	79.51	80.02	436
2008-12-04	19:05	80.01	80.01	79.49	79.53	230
2008-12-04	19:10	79.54	79.67	79.49	79.57	192
2008-12-04	19:15	79.56	79.82	79.14	79.14	179
2008-12-04	19:20	79.13	79.52	78.97	79.51	318
2008-12-04	19:25	79.50	79.59	79.16	79.26	267
2008-12-04	19:30	79.28	79.50	79.14	79.50	260
2008-12-04	19:35	79.52	79.52	79.14	79.31	322
2008-12-04	19:40	79.30	79.44	79.26	79.29	196
2008-12-04	19:45	79.31	79.41	79.20	79.29	147
2008-12-04	19:50	79.30	79.36	79.03	79.13	217
2008-12-04	19:55	79.12	79.18	78.99	79.10	201
2008-12-04	20:00	79.09	79.17	78.80	79.09	307
2008-12-04	20:05	79.08	79.20	78.93	78.93	147
2008-12-04	20:10	78.92	78.98	78.58	78.73	250
2008-12-04	20:15	78.72	78.75	78.59	78.59	202
2008-12-04	20:20	78.58	78.59	78.42	78.42	156
2008-12-04	20:25	78.43	78.43	77.91	77.91	200
2008-12-04	20:30	77.90	78.21	77.78	78.17	191
2008-12-04	20:35	78.18	78.55	78.18	78.42	243
2008-12-04	20:40	78.44	78.53	78.25	78.37	235
2008-12-04	20:45	78.35	78.85	78.34	78.70	319
2008-12-04	20:50	78.69	79.14	78.59	78.97	290
2008-12-04	20:55	78.96	79.10	78.74	78.84	277
2008-12-04	21:00	78.83	79.13	78.76	79.04	322
2008-12-04	21:05	79.05	79.18	78.83	79.06	347
2008-12-04	21:10	79.08	79.40	79.06	79.22	210
2008-12-04	21:15	79.23	79.23	78.86	78.86	326
2008-12-04	21:20	78.87	79.37	78.86	79.30	191
2008-12-04	21:25	79.28	79.28	79.07	79.07	126
2008-12-04	21:30	79.08	79.41	79.04	79.34	220
2008-12-04	21:35	79.36	79.39	78.94	78.94	264
2008-12-04	21:40	78.95	78.98	78.51	78.51	241
2008-12-04	21:45	78.52	78.55	78.12	78.35	417
2008-12-04	21:50	78.34	78.58	78.21	78.52	269
2008-12-04	21:55	78.53	78.75	78.27	78.27	307
2008-12-04	22:00	78.26	78.39	77.66	77.71	570
2008-12-04	22:05	77.70	77.73	77.23	77.33	505
2008-12-04	22:10	77.34	77.75	76.99	77.05	587
2008-12-04	22:15	77.06	77.06	76.58	76.89	581
2008-12-04	22:20	76.91	76.95	76.42	76.77	580
2008-12-04	22:25	76.76	76.96	76.28	76.28	556
2008-12-04	22:30	76.25	76.69	76.22	76.47	581
2008-12-04	22:35	76.48	76.66	76.21	76.25	539
2008-12-04	22:40	76.24	77.14	76.10	76.88	682
2008-12-04	22:45	76.87	77.17	76.66	76.86	716
2008-12-04	22:50	76.87	76.94	76.48	76.85	607
2008-12-04	22:55	76.86	77.60	76.65	77.41	470
2008-12-05	16:30	76.57	77.48	76.40	77.44	479
2008-12-05	16:35	77.45	77.82	76.83	77.67	628
2008-12-05	16:40	77.68	77.73	76.81	76.81	586
2008-12-05	16:45	76.80	77.05	76.18	76.18	499
2008-12-05	16:50	76.19	76.90	76.10	76.81	583
2008-12-05	16:55	76.80	76.82	76.17	76.17	510
2008-12-05	17:00	76.16	76.16	75.76	75.91	379
2008-12-05	17:05	75.90	76.25	75.85	76.11	482
2008-12-05	17:10	76.10	76.19	75.80	75.87	532
2008-12-05	17:15	75.86	76.13	75.74	75.89	495
2008-12-05	17:20	75.88	75.91	75.65	75.85	454
2008-12-05	17:25	75.84	76.25	75.76	75.98	451
2008-12-05	17:30	75.97	76.20	75.84	75.98	361
2008-12-05	17:35	75.97	75.98	75.53	75.56	360
2008-12-05	17:40	75.57	75.61	75.21	75.29	356
2008-12-05	17:45	75.28	75.62	75.23	75.60	362
2008-12-05	17:50	75.61	75.66	75.34	75.54	418
2008-12-05	17:55	75.55	76.04	75.55	75.85	264
2008-12-05	18:00	75.86	75.88	75.66	75.70	335
2008-12-05	18:05	75.71	75.92	75.64	75.86	335
2008-12-05	18:10	75.87	76.11	75.78	75.80	337
2008-12-05	18:15	75.81	75.94	75.54	75.78	347
2008-12-05	18:20	75.77	75.77	75.32	75.40	274
2008-12-05	18:25	75.41	75.55	75.38	75.48	173
2008-12-05	18:30	75.49	75.77	75.32	75.74	247
2008-12-05	18:35	75.73	75.91	75.44	75.84	297
2008-12-05	18:40	75.86	76.36	75.77	76.10	330
2008-12-05	18:45	76.11	76.17	75.91	76.12	228
2008-12-05	18:50	76.11	76.63	76.07	76.53	269
2008-12-05	18:55	76.54	76.54	76.31	76.52	175
2008-12-05	19:00	76.53	76.67	76.32	76.40	239
2008-12-05	19:05	76.41	76.77	76.31	76.75	221
2008-12-05	19:10	76.74	76.75	76.51	76.59	199
2008-12-05	19:15	76.60	76.64	76.27	76.49	292
2008-12-05	19:20	76.47	76.76	76.44	76.50	330
2008-12-05	19:25	76.49	76.76	76.46	76.65	330
2008-12-05	19:30	76.64	76.72	75.99	76.00	331
2008-12-05	19:35	75.99	76.39	75.99	76.35	235
2008-12-05	19:40	76.34	76.34	75.93	76.12	292
2008-12-05	19:45	76.14	76.42	76.14	76.26	281
2008-12-05	19:50	76.25	76.29	75.96	76.09	380
2008-12-05	19:55	76.08	76.27	75.92	76.18	347
2008-12-05	20:00	76.19	76.68	76.19	76.60	295
2008-12-05	20:05	76.61	76.95	76.57	76.88	375
2008-12-05	20:10	76.89	77.24	76.76	76.77	379
2008-12-05	20:15	76.78	77.01	76.78	76.88	303
2008-12-05	20:20	76.89	77.14	76.86	76.97	294
2008-12-05	20:25	76.98	77.22	76.80	76.83	255
2008-12-05	20:30	76.82	77.20	76.80	77.04	261
2008-12-05	20:35	77.03	77.14	76.80	76.86	331
2008-12-05	20:40	76.85	77.08	76.59	77.03	495
2008-12-05	20:45	77.04	77.67	77.02	77.57	339
2008-12-05	20:50	77.58	78.01	77.51	77.64	516
2008-12-05	20:55	77.65	78.17	77.59	77.70	511
2008-12-05	21:00	77.71	78.03	77.62	77.67	505
2008-12-05	21:05	77.68	77.99	77.22	77.22	383
2008-12-05	21:10	77.24	77.52	77.23	77.46	398
2008-12-05	21:15	77.45	77.75	77.09	77.50	594
2008-12-05	21:20	77.51	78.10	77.24	78.07	474
2008-12-05	21:25	78.08	78.17	77.62	77.71	397
2008-12-05	21:30	77.72	78.12	77.53	78.12	363
2008-12-05	21:35	78.13	78.53	77.88	78.52	377
2008-12-05	21:40	78.56	79.35	78.54	79.29	413
2008-12-05	21:45	79.32	80.29	79.32	80.23	403
2008-12-05	21:50	80.22	80.23	79.48	79.59	620
2008-12-05	21:55	79.58	80.17	79.53	79.73	667
2008-12-05	22:00	79.72	80.17	78.72	78.94	613
2008-12-05	22:05	78.95	79.63	78.92	79.52	560
2008-12-05	22:10	79.51	80.02	79.37	79.85	632
2008-12-05	22:15	79.86	80.74	79.86	80.33	545
2008-12-05	22:20	80.32	80.33	79.51	79.86	577
2008-12-05	22:25	79.85	80.19	79.68	79.90	537
2008-12-05	22:30	79.88	80.88	79.86	80.34	544
2008-12-05	22:35	80.33	80.86	79.99	80.72	653
2008-12-05	22:40	80.74	80.94	80.17	80.46	656
2008-12-05	22:45	80.45	80.96	80.27	80.54	736
2008-12-05	22:50	80.57	80.88	80.46	80.59	520
2008-12-05	22:55	80.58	81.36	80.57	80.98	546
2008-12-08	16:30	82.23	82.50	82.06	82.16	323
2008-12-08	16:35	82.20	82.34	81.84	82.28	578
2008-12-08	16:40	82.29	82.67	82.26	82.47	451
2008-12-08	16:45	82.50	82.82	82.39	82.79	619
2008-12-08	16:50	82.78	83.11	82.69	82.76	602
2008-12-08	16:55	82.75	82.85	82.52	82.54	558
2008-12-08	17:00	82.55	82.98	82.55	82.95	383
2008-12-08	17:05	82.94	83.38	82.88	83.26	486
2008-12-08	17:10	83.24	83.32	82.95	83.08	488
2008-12-08	17:15	83.06	83.19	82.74	83.18	417
2008-12-08	17:20	83.16	83.68	83.07	83.67	339
2008-12-08	17:25	83.66	83.88	83.37	83.79	458
2008-12-08	17:30	83.78	84.12	83.74	84.02	389
2008-12-08	17:35	84.03	84.04	83.73	83.96	376
2008-12-08	17:40	83.97	84.38	83.97	84.36	351
2008-12-08	17:45	84.35	84.63	84.34	84.46	333
2008-12-08	17:50	84.45	84.75	84.39	84.59	287
2008-12-08	17:55	84.58	84.77	84.53	84.73	293
2008-12-08	18:00	84.71	84.82	84.65	84.78	270
2008-12-08	18:05	84.79	84.80	84.37	84.53	314
2008-12-08	18:10	84.52	84.65	84.39	84.45	284
2008-12-08	18:15	84.47	84.52	84.16	84.28	330
2008-12-08	18:20	84.27	84.38	84.13	84.20	257
2008-12-08	18:25	84.21	84.59	84.17	84.41	279
2008-12-08	18:30	84.42	84.50	84.39	84.45	175
2008-12-08	18:35	84.44	84.49	84.08	84.24	265
2008-12-08	18:40	84.22	84.22	83.69	83.72	311
2008-12-08	18:45	83.71	84.08	83.71	84.03	188
2008-12-08	18:50	84.04	84.07	83.75	83.78	165
2008-12-08	18:55	83.79	83.96	83.59	83.62	272
2008-12-08	19:00	83.63	83.80	83.60	83.76	197
2008-12-08	19:05	83.77	83.82	83.44	83.61	277
2008-12-08	19:10	83.62	83.66	83.44	83.46	257
2008-12-08	19:15	83.45	83.88	83.44	83.82	196
2008-12-08	19:20	83.81	84.00	83.75	83.94	258
2008-12-08	19:25	83.96	84.14	83.86	84.04	309
2008-12-08	19:30	84.05	84.47	84.04	84.21	290
2008-12-08	19:35	84.18	84.31	84.00	84.03	218
2008-12-08	19:40	84.00	84.15	83.98	84.15	59
2008-12-08	19:45	84.14	84.26	84.07	84.09	152
2008-12-08	19:50	84.10	84.21	83.82	83.83	223
2008-12-08	19:55	83.82	84.01	83.78	83.83	168
2008-12-08	20:00	83.82	84.25	83.82	84.01	181
2008-12-08	20:05	84.02	84.16	83.91	84.16	106
2008-12-08	20:10	84.15	84.36	84.07	84.16	234
2008-12-08	20:15	84.15	84.17	83.82	83.87	270
2008-12-08	20:20	83.86	83.99	83.81	83.93	283
2008-12-08	20:25	83.94	84.29	83.90	84.09	399
2008-12-08	20:30	84.08	84.08	83.71	83.83	400
2008-12-08	20:35	83.84	84.05	83.74	84.00	310
2008-12-08	20:40	83.98	84.16	83.93	84.07	271
2008-12-08	20:45	84.08	84.11	83.75	83.85	264
2008-12-08	20:50	83.86	83.95	83.64	83.77	291
2008-12-08	20:55	83.76	83.86	83.57	83.79	362
2008-12-08	21:00	83.78	83.93	83.67	83.88	328
2008-12-08	21:05	83.87	84.12	83.86	83.96	283
2008-12-08	21:10	83.95	84.20	83.95	84.15	196
2008-12-08	21:15	84.16	84.34	84.13	84.31	190
2008-12-08	21:20	84.32	84.70	84.32	84.57	235
2008-12-08	21:25	84.59	84.69	84.29	84.44	269
2008-12-08	21:30	84.45	84.54	84.16	84.21	280
2008-12-08	21:35	84.22	84.35	84.13	84.29	271
2008-12-08	21:40	84.28	84.78	84.27	84.66	286
2008-12-08	21:45	84.65	84.90	84.46	84.81	313
2008-12-08	21:50	84.80	84.83	84.63	84.71	275
2008-12-08	21:55	84.72	85.16	84.66	85.16	317
2008-12-08	22:00	85.17	85.23	84.80	84.98	368
2008-12-08	22:05	84.99	85.22	84.74	85.18	427
2008-12-08	22:10	85.19	85.29	84.89	85.22	503
2008-12-08	22:15	85.23	85.40	85.10	85.31	288
2008-12-08	22:20	85.33	85.61	85.05	85.07	355
2008-12-08	22:25	85.08	85.52	85.02	85.51	338
2008-12-08	22:30	85.50	85.74	85.25	85.74	406
2008-12-08	22:35	85.73	85.78	84.86	84.89	425
2008-12-08	22:40	84.88	85.26	84.85	85.01	455
2008-12-08	22:45	85.02	85.04	84.47	84.68	503
2008-12-08	22:50	84.71	85.12	84.49	84.95	620
2008-12-08	22:55	84.97	85.31	84.49	84.63	545
2008-12-09	16:30	83.35	83.85	83.05	83.49	388
2008-12-09	16:35	83.50	83.73	83.38	83.48	349
2008-12-09	16:40	83.49	83.59	83.09	83.58	356
2008-12-09	16:45	83.59	84.01	83.48	83.91	410
2008-12-09	16:50	83.93	84.10	83.31	83.34	385
2008-12-09	16:55	83.35	83.78	83.31	83.33	333
2008-12-09	17:00	83.34	83.65	83.27	83.61	480
2008-12-09	17:05	83.60	83.72	83.21	83.34	416
2008-12-09	17:10	83.35	83.89	83.32	83.87	411
2008-12-09	17:15	83.86	84.68	83.81	84.68	445
2008-12-09	17:20	84.67	84.87	84.46	84.65	360
2008-12-09	17:25	84.64	84.71	84.42	84.46	347
2008-12-09	17:30	84.47	84.90	84.45	84.89	388
2008-12-09	17:35	84.88	85.07	84.84	84.84	258
2008-12-09	17:40	84.85	85.19	84.61	84.96	350
2008-12-09	17:45	84.97	85.33	84.97	85.05	434
2008-12-09	17:50	85.07	85.29	84.94	85.06	301
2008-12-09	17:55	85.07	85.20	84.94	85.01	304
2008-12-09	18:00	85.00	85.09	84.60	84.64	320
2008-12-09	18:05	84.63	84.63	84.37	84.42	194
2008-12-09	18:10	84.43	84.51	84.27	84.51	251
2008-12-09	18:15	84.50	84.63	84.26	84.27	288
2008-12-09	18:20	84.28	84.40	83.93	84.04	282
2008-12-09	18:25	84.03	84.28	83.92	83.95	300
2008-12-09	18:30	83.94	84.33	83.92	84.09	244
2008-12-09	18:35	84.12	84.33	83.75	83.80	307
2008-12-09	18:40	83.82	84.16	83.78	84.16	284
2008-12-09	18:45	84.17	84.52	84.15	84.19	236
2008-12-09	18:50	84.20	84.35	84.08	84.18	296
2008-12-09	18:55	84.19	84.39	84.15	84.21	255
2008-12-09	19:00	84.23	84.48	84.17	84.41	195
2008-12-09	19:05	84.42	84.64	84.39	84.50	155
2008-12-09	19:10	84.49	84.56	84.32	84.46	228
2008-12-09	19:15	84.48	84.52	83.90	84.15	284
2008-12-09	19:20	84.16	84.17	83.58	83.76	294
2008-12-09	19:25	83.77	83.81	83.58	83.79	243
2008-12-09	19:30	83.78	84.06	83.73	83.85	363
2008-12-09	19:35	83.83	84.21	83.83	84.04	319
2008-12-09	19:40	84.03	84.19	83.82	84.13	281
2008-12-09	19:45	84.12	84.25	83.93	84.02	250
2008-12-09	19:50	84.00	84.25	84.00	84.14	197
2008-12-09	19:55	84.15	84.15	83.56	83.68	328
2008-12-09	20:00	83.66	83.73	83.36	83.59	259
2008-12-09	20:05	83.60	84.04	83.60	83.95	164
2008-12-09	20:10	83.96	84.09	83.51	83.52	330
2008-12-09	20:15	83.51	83.64	83.34	83.43	282
2008-12-09	20:20	83.44	83.67	83.37	83.62	304
2008-12-09	20:25	83.63	83.63	83.22	83.28	258
2008-12-09	20:30	83.29	83.61	83.22	83.33	283
2008-12-09	20:35	83.32	83.46	83.16	83.46	190
2008-12-09	20:40	83.45	83.55	83.25	83.25	192
2008-12-09	20:45	83.27	83.69	83.16	83.69	218
2008-12-09	20:50	83.68	83.68	83.19	83.22	298
2008-12-09	20:55	83.23	83.51	83.13	83.23	262
2008-12-09	21:00	83.22	83.28	82.92	82.98	415
2008-12-09	21:05	83.00	83.00	82.50	82.58	245
2008-12-09	21:10	82.59	82.75	82.38	82.42	183
2008-12-09	21:15	82.43	82.59	82.37	82.48	363
2008-12-09	21:20	82.49	82.50	82.18	82.44	281
2008-12-09	21:25	82.45	82.48	82.25	82.34	248
2008-12-09	21:30	82.33	82.35	82.11	82.27	284
2008-12-09	21:35	82.26	82.68	82.24	82.63	334
2008-12-09	21:40	82.64	82.97	82.56	82.56	228
2008-12-09	21:45	82.55	82.87	82.36	82.77	260
2008-12-09	21:50	82.76	82.93	82.50	82.70	281
2008-12-09	21:55	82.69	83.41	82.67	83.16	270
2008-12-09	22:00	83.17	83.67	83.16	83.33	427
2008-12-09	22:05	83.31	83.62	82.94	83.52	480
2008-12-09	22:10	83.51	83.51	82.64	82.98	620
2008-12-09	22:15	82.97	83.21	82.67	83.21	566
2008-12-09	22:20	83.20	83.44	82.82	83.04	570
2008-12-09	22:25	83.05	83.06	82.51	82.53	537
2008-12-09	22:30	82.52	82.71	82.38	82.46	342
2008-12-09	22:35	82.44	82.60	82.25	82.42	478
2008-12-09	22:40	82.41	83.02	82.39	82.74	451
2008-12-09	22:45	82.73	82.82	82.31	82.44	366
2008-12-09	22:50	82.43	82.67	82.28	82.43	439
2008-12-09	22:55	82.42	82.66	82.13	82.64	371
2008-12-10	16:30	84.25	84.26	83.18	83.82	578
2008-12-10	16:35	83.81	83.88	82.91	82.98	583
2008-12-10	16:40	82.97	83.27	82.74	83.22	401
2008-12-10	16:45	83.21	83.61	83.18	83.31	452
2008-12-10	16:50	83.28	83.45	83.10	83.28	356
2008-12-10	16:55	83.29	83.32	83.13	83.23	337
2008-12-10	17:00	83.22	83.61	83.16	83.61	358
2008-12-10	17:05	83.62	83.73	83.49	83.66	293
2008-12-10	17:10	83.65	84.09	83.64	84.07	139
2008-12-10	17:15	84.08	84.85	84.07	84.69	264
2008-12-10	17:20	84.68	84.70	84.33	84.69	257
2008-12-10	17:25	84.67	84.67	84.37	84.53	167
2008-12-10	17:30	84.54	84.68	84.45	84.59	214
2008-12-10	17:35	84.60	84.84	84.33	84.68	311
2008-12-10	17:40	84.67	84.77	84.37	84.38	311
2008-12-10	17:45	84.40	84.53	84.17	84.29	267
2008-12-10	17:50	84.28	84.32	83.92	83.95	302
2008-12-10	17:55	83.94	84.15	83.85	83.96	399
2008-12-10	18:00	83.97	84.08	83.79	84.00	184
2008-12-10	18:05	84.01	84.09	83.72	83.72	201
2008-12-10	18:10	83.73	83.96	83.70	83.93	156
2008-12-10	18:15	83.92	84.25	83.88	84.17	175
2008-12-10	18:20	84.16	84.18	83.92	84.13	141
2008-12-10	18:25	84.12	84.14	83.89	83.94	197
2008-12-10	18:30	83.95	83.96	83.77	83.87	142
2008-12-10	18:35	83.86	83.96	83.74	83.77	212
2008-12-10	18:40	83.78	83.97	83.71	83.84	216
2008-12-10	18:45	83.87	84.39	83.87	84.22	225
2008-12-10	18:50	84.23	84.35	84.04	84.12	151
2008-12-10	18:55	84.13	84.26	84.09	84.21	172
2008-12-10	19:00	84.20	84.32	84.10	84.32	142
2008-12-10	19:05	84.30	84.40	84.11	84.15	168
2008-12-10	19:10	84.16	84.64	84.11	84.61	175
2008-12-10	19:15	84.62	84.67	84.21	84.30	154
2008-12-10	19:20	84.32	84.35	83.72	83.94	223
2008-12-10	19:25	83.95	84.02	83.73	83.79	145
2008-12-10	19:30	83.80	84.04	83.67	84.03	111
2008-12-10	19:35	84.02	84.02	83.67	83.77	116
2008-12-10	19:40	83.78	83.96	83.70	83.95	161
2008-12-10	19:45	83.97	84.06	83.80	83.80	168
2008-12-10	19:50	83.81	83.84	83.67	83.67	169
2008-12-10	19:55	83.68	83.73	83.37	83.54	151
2008-12-10	20:00	83.55	83.77	83.48	83.71	203
2008-12-10	20:05	83.70	83.83	83.59	83.60	148
2008-12-10	20:10	83.61	84.11	83.61	83.96	199
2008-12-10	20:15	83.97	84.00	83.84	83.98	129
2008-12-10	20:20	83.99	84.05	83.68	83.70	133
2008-12-10	20:25	83.71	83.83	83.51	83.53	127
2008-12-10	20:30	83.52	83.56	83.24	83.31	169
2008-12-10	20:35	83.32	83.36	83.06	83.15	204
2008-12-10	20:40	83.14	83.15	82.90	83.07	242
2008-12-10	20:45	83.06	83.38	83.01	83.37	136
2008-12-10	20:50	83.36	83.36	82.67	82.92	285
2008-12-10	20:55	82.93	83.05	82.53	82.83	266
2008-12-10	21:00	82.82	82.86	82.55	82.65	288
2008-12-10	21:05	82.66	82.83	82.53	82.80	371
2008-12-10	21:10	82.81	82.98	82.63	82.74	325
2008-12-10	21:15	82.72	82.90	82.62	82.84	182
2008-12-10	21:20	82.83	82.84	82.33	82.43	190
2008-12-10	21:25	82.44	82.58	82.33	82.44	194
2008-12-10	21:30	82.45	82.48	82.07	82.11	235
2008-12-10	21:35	82.12	82.44	82.11	82.39	168
2008-12-10	21:40	82.38	82.40	82.22	82.37	201
2008-12-10	21:45	82.38	82.41	82.07	82.08	259
2008-12-10	21:50	82.07	82.20	81.96	81.97	345
2008-12-10	21:55	81.96	82.07	81.84	81.88	235
2008-12-10	22:00	81.87	82.25	81.73	82.04	407
2008-12-10	22:05	82.05	82.69	82.02	82.55	265
2008-12-10	22:10	82.54	82.57	82.23	82.42	204
2008-12-10	22:15	82.41	82.63	82.16	82.18	189
2008-12-10	22:20	82.17	82.39	82.09	82.27	301
2008-12-10	22:25	82.28	82.81	82.21	82.79	309
2008-12-10	22:30	82.81	82.83	82.33	82.38	336
2008-12-10	22:35	82.39	82.44	82.13	82.17	194
2008-12-10	22:40	82.18	82.48	82.18	82.48	248
2008-12-10	22:45	82.50	82.64	82.46	82.59	228
2008-12-10	22:50	82.60	82.71	82.53	82.59	165
2008-12-10	22:55	82.60	82.98	82.60	82.68	171
2008-12-11	16:30	81.95	82.00	81.76	81.92	326
2008-12-11	16:35	81.93	81.93	81.56	81.69	206
2008-12-11	16:40	81.68	81.76	81.46	81.52	224
2008-12-11	16:45	81.53	81.79	81.52	81.61	147
2008-12-11	16:50	81.62	81.97	81.61	81.61	245
2008-12-11	16:55	81.60	81.83	81.57	81.72	195
2008-12-11	17:00	81.73	82.25	81.73	82.18	255
2008-12-11	17:05	82.17	82.18	81.89	82.12	426
2008-12-11	17:10	82.11	82.25	82.04	82.22	408
2008-12-11	17:15	82.23	82.25	81.95	82.22	267
2008-12-11	17:20	82.23	82.26	82.17	82.20	246
2008-12-11	17:25	82.19	82.29	82.09	82.14	376
2008-12-11	17:30	82.15	82.66	82.09	82.63	316
2008-12-11	17:35	82.62	82.74	82.42	82.64	260
2008-12-11	17:40	82.65	82.69	82.30	82.39	153
2008-12-11	17:45	82.38	82.45	82.07	82.42	229
2008-12-11	17:50	82.43	82.49	82.27	82.34	183
2008-12-11	17:55	82.35	82.35	82.19	82.26	86
2008-12-11	18:00	82.25	82.33	82.16	82.22	112
2008-12-11	18:05	82.21	82.22	82.04	82.10	120
2008-12-11	18:10	82.11	82.54	82.09	82.54	154
2008-12-11	18:15	82.55	82.66	82.32	82.37	224
2008-12-11	18:20	82.40	82.48	82.10	82.12	238
2008-12-11	18:25	82.11	82.19	81.85	81.94	235
2008-12-11	18:30	81.95	82.08	81.90	81.98	233
2008-12-11	18:35	81.99	82.30	81.91	82.27	175
2008-12-11	18:40	82.29	82.52	82.20	82.49	203
2008-12-11	18:45	82.47	82.53	82.40	82.46	228
2008-12-11	18:50	82.49	82.50	82.24	82.25	187
2008-12-11	18:55	82.26	82.50	82.21	82.38	237
2008-12-11	19:00	82.39	82.64	82.31	82.52	306
2008-12-11	19:05	82.53	82.69	82.43	82.51	278
2008-12-11	19:10	82.50	82.62	82.42	82.49	198
2008-12-11	19:15	82.50	82.62	82.47	82.59	223
2008-12-11	19:20	82.60	82.68	82.44	82.48	203
2008-12-11	19:25	82.47	82.56	82.35	82.41	232
2008-12-11	19:30	82.42	82.49	82.38	82.40	103
2008-12-11	19:35	82.41	82.51	82.07	82.08	212
2008-12-11	19:40	82.07	82.18	81.93	82.00	185
2008-12-11	19:45	81.99	82.00	81.84	81.89	128
2008-12-11	19:50	81.90	82.04	81.86	81.99	210
2008-12-11	19:55	81.98	82.15	81.92	82.09	250
2008-12-11	20:00	82.07	82.19	81.96	82.13	159
2008-12-11	20:05	82.14	82.16	81.92	82.00	123
2008-12-11	20:10	81.99	82.12	81.94	82.03	138
2008-12-11	20:15	82.02	82.07	81.92	82.01	113
2008-12-11	20:20	82.03	82.05	81.63	81.75	175
2008-12-11	20:25	81.76	81.87	81.72	81.82	132
2008-12-11	20:30	81.81	81.87	81.76	81.84	114
2008-12-11	20:35	81.85	81.95	81.74	81.93	147
2008-12-11	20:40	81.94	82.00	81.86	81.87	143
2008-12-11	20:45	81.86	82.02	81.81	81.97	182
2008-12-11	20:50	81.96	82.02	81.78	81.87	161
2008-12-11	20:55	81.86	81.88	81.42	81.53	214
2008-12-11	21:00	81.54	81.75	81.48	81.75	113
2008-12-11	21:05	81.76	81.85	81.66	81.66	129
2008-12-11	21:10	81.65	81.65	81.41	81.42	152
2008-12-11	21:15	81.41	81.52	81.30	81.36	135
2008-12-11	21:20	81.35	81.46	81.16	81.45	178
2008-12-11	21:25	81.46	81.47	81.30	81.37	149
2008-12-11	21:30	81.36	81.40	81.24	81.28	135
2008-12-11	21:35	81.29	81.36	81.09	81.10	143
2008-12-11	21:40	81.09	81.14	80.91	80.91	203
2008-12-11	21:45	80.89	80.97	80.65	80.71	283
2008-12-11	21:50	80.72	80.87	80.36	80.37	373
2008-12-11	21:55	80.38	80.55	80.20	80.31	371
2008-12-11	22:00	80.34	80.35	80.11	80.19	443
2008-12-11	22:05	80.20	80.29	79.98	80.25	256
2008-12-11	22:10	80.24	80.25	79.95	80.20	306
2008-12-11	22:15	80.19	80.26	79.91	80.00	403
2008-12-11	22:20	80.01	80.18	79.92	80.08	320
2008-12-11	22:25	80.07	80.35	80.07	80.33	188
2008-12-11	22:30	80.34	80.38	80.04	80.13	319
2008-12-11	22:35	80.14	80.20	79.69	79.83	363
2008-12-11	22:40	79.82	80.18	79.68	80.15	500
2008-12-11	22:45	80.14	80.35	80.08	80.09	371
2008-12-11	22:50	80.10	80.64	80.04	80.54	484
2008-12-11	22:55	80.55	80.62	80.17	80.43	333
2008-12-12	16:30	78.69	79.16	78.06	79.02	293
2008-12-12	16:35	79.01	79.23	78.22	78.32	532
2008-12-12	16:40	78.29	78.84	78.26	78.79	501
2008-12-12	16:45	78.80	79.04	78.58	78.97	509
2008-12-12	16:50	78.98	79.17	78.67	78.83	452
2008-12-12	16:55	78.84	79.28	78.60	79.08	420
2008-12-12	17:00	79.06	79.44	78.98	79.37	267
2008-12-12	17:05	79.36	79.52	79.11	79.24	259
2008-12-12	17:10	79.25	79.34	78.95	79.02	323
2008-12-12	17:15	79.01	79.23	78.93	79.05	336
2008-12-12	17:20	79.04	79.23	78.95	79.12	257
2008-12-12	17:25	79.10	79.21	78.95	79.17	279
2008-12-12	17:30	79.16	79.17	78.99	79.12	222
2008-12-12	17:35	79.11	79.25	79.08	79.25	129
2008-12-12	17:40	79.23	79.31	79.15	79.30	215
2008-12-12	17:45	79.29	79.42	79.23	79.40	318
2008-12-12	17:50	79.39	79.57	79.33	79.53	211
2008-12-12	17:55	79.52	79.87	79.52	79.84	236
2008-12-12	18:00	79.83	79.89	79.71	79.79	184
2008-12-12	18:05	79.78	79.92	79.71	79.85	266
2008-12-12	18:10	79.84	79.89	79.59	79.67	268
2008-12-12	18:15	79.65	79.65	79.36	79.44	256
2008-12-12	18:20	79.45	79.57	79.33	79.55	262
2008-12-12	18:25	79.54	79.66	79.44	79.61	257
2008-12-12	18:30	79.62	79.88	79.55	79.81	182
2008-12-12	18:35	79.80	79.89	79.58	79.59	237
2008-12-12	18:40	79.58	79.62	79.29	79.51	295
2008-12-12	18:45	79.52	79.90	79.52	79.82	236
2008-12-12	18:50	79.83	80.08	79.77	80.04	187
2008-12-12	18:55	80.03	80.06	79.68	79.95	190
2008-12-12	19:00	79.97	80.37	79.97	80.26	204
2008-12-12	19:05	80.25	80.40	80.22	80.29	210
2008-12-12	19:10	80.30	80.37	80.22	80.23	171
2008-12-12	19:15	80.22	80.22	79.92	80.11	199
2008-12-12	19:20	80.12	80.36	80.07	80.24	189
2008-12-12	19:25	80.23	80.30	79.99	80.22	197
2008-12-12	19:30	80.21	80.39	80.01	80.38	119
2008-12-12	19:35	80.39	80.87	80.39	80.70	119
2008-12-12	19:40	80.71	80.86	80.68	80.71	99
2008-12-12	19:45	80.72	80.81	80.48	80.58	166
2008-12-12	19:50	80.59	80.91	80.54	80.90	154
2008-12-12	19:55	80.89	81.09	80.72	80.72	122
2008-12-12	20:00	80.73	81.04	80.73	80.80	233
2008-12-12	20:05	80.79	80.87	80.60	80.64	131
2008-12-12	20:10	80.66	80.66	80.29	80.30	159
2008-12-12	20:15	80.31	80.59	80.26	80.37	166
2008-12-12	20:20	80.36	80.60	80.30	80.60	144
2008-12-12	20:25	80.61	80.65	80.29	80.50	239
2008-12-12	20:30	80.51	80.52	80.36	80.36	213
2008-12-12	20:35	80.37	80.40	80.12	80.40	135
2008-12-12	20:40	80.39	80.39	80.19	80.30	252
2008-12-12	20:45	80.28	80.40	80.19	80.36	206
2008-12-12	20:50	80.34	80.45	80.09	80.30	230
2008-12-12	20:55	80.29	80.54	80.29	80.53	159
2008-12-12	21:00	80.52	81.06	80.44	81.05	220
2008-12-12	21:05	81.04	81.24	80.98	81.03	191
2008-12-12	21:10	81.02	81.28	80.99	81.13	230
2008-12-12	21:15	81.12	81.35	80.97	81.02	239
2008-12-12	21:20	81.03	81.06	80.63	80.90	332
2008-12-12	21:25	80.89	81.09	80.69	81.04	334
2008-12-12	21:30	81.03	81.03	80.48	80.76	378
2008-12-12	21:35	80.77	81.34	80.61	81.24	293
2008-12-12	21:40	81.26	81.40	81.06	81.32	285
2008-12-12	21:45	81.33	81.45	81.23	81.44	275
2008-12-12	21:50	81.43	82.18	81.43	81.85	290
2008-12-12	21:55	81.86	82.08	81.81	82.08	372
2008-12-12	22:00	82.09	82.83	82.07	82.32	298
2008-12-12	22:05	82.31	82.47	81.88	81.94	456
2008-12-12	22:10	81.93	81.93	81.48	81.70	405
2008-12-12	22:15	81.71	81.98	81.35	81.40	402
2008-12-12	22:20	81.39	81.88	81.36	81.72	268
2008-12-12	22:25	81.71	82.09	81.55	82.03	280
2008-12-12	22:30	82.04	82.20	81.73	81.79	387
2008-12-12	22:35	81.80	82.23	81.51	82.17	351
2008-12-12	22:40	82.18	82.54	82.18	82.34	342
2008-12-12	22:45	82.33	82.44	82.02	82.23	404
2008-12-12	22:50	82.22	82.42	81.98	82.02	418
2008-12-12	22:55	82.01	82.14	81.63	82.13	247
2008-12-15	16:30	82.17	82.38	81.76	82.26	366
2008-12-15	16:35	82.30	82.50	81.95	82.20	351
2008-12-15	16:40	82.22	82.68	82.02	82.57	362
2008-12-15	16:45	82.56	82.58	82.25	82.34	256
2008-12-15	16:50	82.35	82.36	81.97	81.98	193
2008-12-15	16:55	81.97	81.97	81.59	81.64	110
2008-12-15	17:00	81.63	81.72	81.43	81.53	198
2008-12-15	17:05	81.54	81.78	81.39	81.42	228
2008-12-15	17:10	81.43	81.65	81.31	81.34	197
2008-12-15	17:15	81.33	81.35	81.01	81.10	196
2008-12-15	17:20	81.09	81.10	80.86	81.05	190
2008-12-15	17:25	81.03	81.38	80.92	81.30	194
2008-12-15	17:30	81.31	81.47	81.20	81.20	196
2008-12-15	17:35	81.21	81.25	81.01	81.19	219
2008-12-15	17:40	81.20	81.48	81.06	81.35	218
2008-12-15	17:45	81.34	81.42	80.98	80.98	202
2008-12-15	17:50	80.97	81.23	80.95	81.20	145
2008-12-15	17:55	81.21	81.29	81.07	81.20	128
2008-12-15	18:00	81.19	81.27	81.09	81.23	145
2008-12-15	18:05	81.22	81.43	81.12	81.39	172
2008-12-15	18:10	81.38	81.42	81.22	81.41	184
2008-12-15	18:15	81.42	81.64	81.42	81.47	165
2008-12-15	18:20	81.48	81.91	81.48	81.81	243
2008-12-15	18:25	81.80	81.90	81.76	81.79	161
2008-12-15	18:30	81.78	81.88	81.70	81.76	176
2008-12-15	18:35	81.75	81.88	81.60	81.67	218
2008-12-15	18:40	81.69	81.89	81.62	81.89	162
2008-12-15	18:45	81.88	81.97	81.81	81.91	141
2008-12-15	18:50	81.90	81.95	81.79	81.87	136
2008-12-15	18:55	81.88	82.00	81.80	81.82	95
2008-12-15	19:00	81.81	81.91	81.67	81.79	143
2008-12-15	19:05	81.78	82.18	81.78	82.13	121
2008-12-15	19:10	82.14	82.30	82.13	82.26	101
2008-12-15	19:15	82.27	82.48	82.17	82.37	203
2008-12-15	19:20	82.38	82.56	82.38	82.55	109
2008-12-15	19:25	82.56	82.56	82.41	82.53	91
2008-12-15	19:30	82.52	82.56	82.39	82.41	116
2008-12-15	19:35	82.40	82.52	82.28	82.28	131
2008-12-15	19:40	82.27	82.43	82.25	82.36	83
2008-12-15	19:45	82.35	82.47	82.11	82.14	106
2008-12-15	19:50	82.13	82.52	82.12	82.41	125
2008-12-15	19:55	82.42	82.70	82.42	82.67	174
2008-12-15	20:00	82.66	82.80	82.16	82.31	287
2008-12-15	20:05	82.32	82.32	81.80	81.81	273
2008-12-15	20:10	81.80	82.02	81.65	82.01	121
2008-12-15	20:15	82.00	82.09	81.83	81.87	107
2008-12-15	20:20	81.88	82.29	81.87	82.13	207
2008-12-15	20:25	82.12	82.51	82.11	82.35	201
2008-12-15	20:30	82.34	82.63	82.23	82.55	138
2008-12-15	20:35	82.54	82.67	82.44	82.45	111
2008-12-15	20:40	82.46	82.72	82.34	82.35	158
2008-12-15	20:45	82.36	82.63	82.35	82.49	162
2008-12-15	20:50	82.48	82.48	82.17	82.38	179
2008-12-15	20:55	82.39	82.46	82.05	82.12	215
2008-12-15	21:00	82.11	82.71	82.06	82.44	238
2008-12-15	21:05	82.43	82.45	82.25	82.44	113
2008-12-15	21:10	82.43	82.54	82.06	82.10	241
2008-12-15	21:15	82.11	82.28	82.07	82.26	202
2008-12-15	21:20	82.27	82.54	82.19	82.44	199
2008-12-15	21:25	82.43	82.67	82.15	82.15	205
2008-12-15	21:30	82.14	82.53	82.12	82.52	181
2008-12-15	21:35	82.51	82.54	82.19	82.39	262
2008-12-15	21:40	82.38	82.57	82.17	82.17	276
2008-12-15	21:45	82.18	82.56	82.09	82.56	235
2008-12-15	21:50	82.57	82.66	82.35	82.39	171
2008-12-15	21:55	82.37	82.42	82.11	82.11	160
2008-12-15	22:00	82.12	82.35	82.04	82.30	167
2008-12-15	22:05	82.29	82.45	82.16	82.35	270
2008-12-15	22:10	82.37	82.38	81.92	82.08	278
2008-12-15	22:15	82.07	82.20	81.70	81.78	276
2008-12-15	22:20	81.79	82.01	81.72	81.93	340
2008-12-15	22:25	81.94	82.12	81.81	81.98	380
2008-12-15	22:30	81.99	82.31	81.69	82.31	411
2008-12-15	22:35	82.33	83.00	82.33	82.67	668
2008-12-15	22:40	82.68	83.32	82.65	82.99	562
2008-12-15	22:45	82.98	83.43	82.79	83.11	609
2008-12-15	22:50	83.10	83.10	82.37	82.71	498
2008-12-15	22:55	82.72	82.90	82.55	82.71	315
2008-12-16	16:30	83.27	83.58	82.86	83.19	376
2008-12-16	16:35	83.20	84.23	83.16	84.16	563
2008-12-16	16:40	84.17	84.25	83.87	84.03	512
2008-12-16	16:45	84.02	84.30	83.92	84.00	423
2008-12-16	16:50	83.99	84.61	83.91	84.39	465
2008-12-16	16:55	84.40	84.53	84.14	84.30	462
2008-12-16	17:00	84.29	84.39	84.14	84.35	417
2008-12-16	17:05	84.34	84.50	84.25	84.40	328
2008-12-16	17:10	84.41	84.52	84.35	84.41	282
2008-12-16	17:15	84.42	84.44	84.23	84.23	252
2008-12-16	17:20	84.24	84.46	84.19	84.23	208
2008-12-16	17:25	84.28	84.49	84.24	84.33	293
2008-12-16	17:30	84.34	84.46	84.24	84.30	255
2008-12-16	17:35	84.32	84.36	84.19	84.21	218
2008-12-16	17:40	84.22	84.24	83.98	84.05	171
2008-12-16	17:45	84.06	84.20	84.00	84.16	171
2008-12-16	17:50	84.15	84.31	84.13	84.15	231
2008-12-16	17:55	84.16	84.38	84.14	84.36	120
2008-12-16	18:00	84.37	84.38	84.22	84.34	148
2008-12-16	18:05	84.38	84.48	84.28	84.28	197
2008-12-16	18:10	84.27	84.32	84.17	84.17	126
2008-12-16	18:15	84.18	84.34	84.15	84.27	187
2008-12-16	18:20	84.28	84.40	84.21	84.39	127
2008-12-16	18:25	84.38	84.52	84.25	84.50	124
2008-12-16	18:30	84.51	84.73	84.48	84.63	199
2008-12-16	18:35	84.62	84.72	84.61	84.65	133
2008-12-16	18:40	84.66	84.69	84.51	84.62	124
2008-12-16	18:45	84.61	84.68	84.56	84.56	140
2008-12-16	18:50	84.57	84.64	84.41	84.49	106
2008-12-16	18:55	84.50	84.68	84.49	84.55	121
2008-12-16	19:00	84.54	84.59	84.43	84.51	79
2008-12-16	19:05	84.50	84.51	84.16	84.16	101
2008-12-16	19:10	84.17	84.32	84.17	84.32	82
2008-12-16	19:15	84.33	84.49	84.33	84.47	145
2008-12-16	19:20	84.49	84.55	84.42	84.49	104
2008-12-16	19:25	84.48	84.48	84.22	84.33	104
2008-12-16	19:30	84.34	84.39	84.23	84.27	113
2008-12-16	19:35	84.26	84.37	84.18	84.32	78
2008-12-16	19:40	84.31	84.60	84.31	84.47	76
2008-12-16	19:45	84.48	84.54	84.36	84.44	93
2008-12-16	19:50	84.45	84.48	84.29	84.33	88
2008-12-16	19:55	84.32	84.32	84.18	84.18	58
2008-12-16	20:00	84.19	84.23	84.14	84.18	88
2008-12-16	20:05	84.17	84.34	84.16	84.28	118
2008-12-16	20:10	84.27	84.29	84.08	84.18	146
2008-12-16	20:15	84.17	84.42	84.08	84.37	194
2008-12-16	20:20	84.36	84.41	84.23	84.25	124
2008-12-16	20:25	84.24	84.30	84.21	84.26	96
2008-12-16	20:30	84.25	84.38	84.18	84.20	126
2008-12-16	20:35	84.21	84.35	84.10	84.13	145
2008-12-16	20:40	84.14	84.14	83.98	84.06	111
2008-12-16	20:45	84.05	84.20	84.03	84.08	123
2008-12-16	20:50	84.10	84.15	84.02	84.13	105
2008-12-16	20:55	84.12	84.20	83.99	84.07	131
2008-12-16	21:00	84.08	84.21	84.01	84.17	91
2008-12-16	21:05	84.18	84.28	84.07	84.14	87
2008-12-16	21:10	84.15	84.39	84.02	84.08	256
2008-12-16	21:15	84.07	84.43	84.02	84.27	116
2008-12-16	21:20	84.26	85.21	84.16	84.88	749
2008-12-16	21:25	84.87	85.27	84.76	84.98	770
2008-12-16	21:30	85.01	86.07	84.99	85.90	682
2008-12-16	21:35	85.91	85.91	85.34	85.73	591
2008-12-16	21:40	85.72	85.80	85.08	85.31	528
2008-12-16	21:45	85.30	85.30	84.74	84.92	705
2008-12-16	21:50	84.88	85.41	84.66	85.40	490
2008-12-16	21:55	85.39	85.52	85.03	85.31	511
2008-12-16	22:00	85.32	85.54	84.95	84.95	511
2008-12-16	22:05	84.96	85.49	84.95	85.29	461
2008-12-16	22:10	85.28	85.92	85.20	85.82	542
2008-12-16	22:15	85.83	86.36	85.77	86.16	583
2008-12-16	22:20	86.19	86.67	86.15	86.46	578
2008-12-16	22:25	86.45	86.64	86.29	86.42	507
2008-12-16	22:30	86.43	86.58	86.17	86.56	419
2008-12-16	22:35	86.57	86.62	86.16	86.50	574
2008-12-16	22:40	86.49	86.56	86.19	86.53	673
2008-12-16	22:45	86.52	86.65	86.05	86.12	619
2008-12-16	22:50	86.13	86.42	86.08	86.40	532
2008-12-16	22:55	86.46	86.72	86.26	86.31	383
2008-12-17	16:30	85.47	85.52	85.03	85.09	456
2008-12-17	16:35	85.07	85.31	84.96	85.23	552
2008-12-17	16:40	85.22	85.25	84.57	84.74	492
2008-12-17	16:45	84.78	85.44	84.76	85.43	341
2008-12-17	16:50	85.44	85.56	85.14	85.20	317
2008-12-17	16:55	85.19	85.28	84.92	85.22	313
2008-12-17	17:00	85.24	85.37	84.96	85.18	207
2008-12-17	17:05	85.17	85.34	85.16	85.30	219
2008-12-17	17:10	85.31	85.33	85.14	85.15	209
2008-12-17	17:15	85.14	85.28	85.11	85.28	218
2008-12-17	17:20	85.29	85.48	85.23	85.47	246
2008-12-17	17:25	85.48	85.50	85.30	85.35	277
2008-12-17	17:30	85.37	85.39	85.11	85.15	233
2008-12-17	17:35	85.14	85.23	85.00	85.10	230
2008-12-17	17:40	85.09	85.54	84.97	85.49	235
2008-12-17	17:45	85.48	85.53	85.25	85.34	351
2008-12-17	17:50	85.33	85.57	85.33	85.49	220
2008-12-17	17:55	85.48	85.69	85.48	85.68	273
2008-12-17	18:00	85.66	85.78	85.36	85.36	255
2008-12-17	18:05	85.38	85.38	85.03	85.20	196
2008-12-17	18:10	85.21	85.21	85.01	85.09	186
2008-12-17	18:15	85.08	85.13	84.93	85.09	216
2008-12-17	18:20	85.08	85.20	85.06	85.09	154
2008-12-17	18:25	85.08	85.10	84.96	84.99	175
2008-12-17	18:30	84.98	85.45	84.96	85.24	218
2008-12-17	18:35	85.25	85.63	85.20	85.55	236
2008-12-17	18:40	85.54	85.86	85.54	85.77	155
2008-12-17	18:45	85.78	85.87	85.76	85.78	149
2008-12-17	18:50	85.79	85.89	85.69	85.69	159
2008-12-17	18:55	85.68	85.99	85.66	85.87	125
2008-12-17	19:00	85.88	85.90	85.78	85.82	107
2008-12-17	19:05	85.85	86.35	85.85	86.30	223
2008-12-17	19:10	86.29	86.61	86.28	86.39	273
2008-12-17	19:15	86.38	86.40	86.29	86.30	109
2008-12-17	19:20	86.31	86.39	86.24	86.33	134
2008-12-17	19:25	86.35	86.50	86.32	86.39	207
2008-12-17	19:30	86.40	86.68	86.37	86.52	195
2008-12-17	19:35	86.51	86.60	86.27	86.29	136
2008-12-17	19:40	86.28	86.29	86.13	86.16	93
2008-12-17	19:45	86.15	86.26	86.15	86.25	79
2008-12-17	19:50	86.26	86.75	86.25	86.71	141
2008-12-17	19:55	86.72	86.72	86.47	86.61	189
2008-12-17	20:00	86.60	86.63	86.44	86.59	166
2008-12-17	20:05	86.58	86.62	86.51	86.61	162
2008-12-17	20:10	86.62	86.79	86.59	86.67	177
2008-12-17	20:15	86.64	86.90	86.64	86.67	199
2008-12-17	20:20	86.66	87.16	86.66	87.16	221
2008-12-17	20:25	87.15	87.15	86.83	86.87	121
2008-12-17	20:30	86.86	87.07	86.81	86.98	161
2008-12-17	20:35	86.99	87.13	86.87	87.08	207
2008-12-17	20:40	87.09	87.09	86.83	86.83	143
2008-12-17	20:45	86.82	87.03	86.72	86.79	153
2008-12-17	20:50	86.78	86.78	86.53	86.65	137
2008-12-17	20:55	86.64	86.64	86.50	86.50	103
2008-12-17	21:00	86.51	86.53	86.39	86.44	115
2008-12-17	21:05	86.47	86.67	86.39	86.64	164
2008-12-17	21:10	86.65	86.73	86.47	86.69	200
2008-12-17	21:15	86.68	86.74	86.36	86.37	192
2008-12-17	21:20	86.38	86.49	86.00	86.14	185
2008-12-17	21:25	86.13	86.15	85.67	85.74	242
2008-12-17	21:30	85.73	85.94	85.36	85.37	294
2008-12-17	21:35	85.38	85.60	85.17	85.58	238
2008-12-17	21:40	85.59	85.65	85.43	85.46	154
2008-12-17	21:45	85.43	85.88	85.33	85.88	270
2008-12-17	21:50	85.87	85.89	85.56	85.62	237
2008-12-17	21:55	85.63	85.94	85.58	85.78	173
2008-12-17	22:00	85.77	86.37	85.77	86.31	234
2008-12-17	22:05	86.30	86.32	86.05	86.08	247
2008-12-17	22:10	86.09	86.22	85.77	85.88	250
2008-12-17	22:15	85.87	86.30	85.87	86.23	242
2008-12-17	22:20	86.22	86.30	85.96	86.17	322
2008-12-17	22:25	86.16	86.23	85.67	85.75	265
2008-12-17	22:30	85.76	85.90	85.55	85.72	334
2008-12-17	22:35	85.71	86.04	85.60	85.84	358
2008-12-17	22:40	85.85	86.44	85.81	86.28	400
2008-12-17	22:45	86.29	86.58	86.23	86.45	385
2008-12-17	22:50	86.44	86.56	86.28	86.41	278
2008-12-17	22:55	86.40	86.40	85.36	85.63	455
2008-12-18	16:30	85.56	85.90	85.36	85.89	296
2008-12-18	16:35	85.87	86.54	85.87	86.32	315
2008-12-18	16:40	86.30	86.36	85.74	85.80	284
2008-12-18	16:45	85.81	85.86	85.55	85.84	254
2008-12-18	16:50	85.83	85.88	85.12	85.12	275
2008-12-18	16:55	85.11	85.59	85.07	85.38	262
2008-12-18	17:00	85.40	85.89	85.40	85.68	333
2008-12-18	17:05	85.69	85.72	85.39	85.39	157
2008-12-18	17:10	85.40	85.45	85.16	85.17	138
2008-12-18	17:15	85.18	85.35	85.09	85.11	151
2008-12-18	17:20	85.10	85.30	85.03	85.06	210
2008-12-18	17:25	85.07	85.47	85.07	85.34	157
2008-12-18	17:30	85.33	85.45	85.26	85.39	175
2008-12-18	17:35	85.40	85.77	85.34	85.75	153
2008-12-18	17:40	85.74	85.80	85.70	85.74	149
2008-12-18	17:45	85.75	85.75	85.40	85.52	136
2008-12-18	17:50	85.55	85.78	85.54	85.76	144
2008-12-18	17:55	85.77	85.79	85.58	85.67	210
2008-12-18	18:00	85.68	85.77	85.65	85.69	97
2008-12-18	18:05	85.70	85.78	85.35	85.36	155
2008-12-18	18:10	85.35	85.47	85.29	85.34	142
2008-12-18	18:15	85.33	85.46	85.27	85.30	117
2008-12-18	18:20	85.31	85.34	85.15	85.19	122
2008-12-18	18:25	85.18	85.42	85.18	85.42	110
2008-12-18	18:30	85.40	85.46	85.38	85.46	72
2008-12-18	18:35	85.45	85.49	85.33	85.49	120
2008-12-18	18:40	85.48	85.65	85.47	85.63	75
2008-12-18	18:45	85.62	85.85	85.62	85.82	97
2008-12-18	18:50	85.83	85.87	85.78	85.86	107
2008-12-18	18:55	85.85	85.90	85.80	85.88	108
2008-12-18	19:00	85.89	85.90	85.59	85.66	155
2008-12-18	19:05	85.65	85.66	85.50	85.50	118
2008-12-18	19:10	85.49	85.66	85.48	85.66	113
2008-12-18	19:15	85.64	85.87	85.62	85.85	98
2008-12-18	19:20	85.86	85.89	85.59	85.64	179
2008-12-18	19:25	85.63	85.63	85.35	85.49	166
2008-12-18	19:30	85.50	85.55	85.27	85.31	150
2008-12-18	19:35	85.30	85.45	85.26	85.26	118
2008-12-18	19:40	85.27	85.36	85.19	85.26	151
2008-12-18	19:45	85.25	85.43	85.23	85.42	102
2008-12-18	19:50	85.41	85.41	85.21	85.21	127
2008-12-18	19:55	85.20	85.22	85.13	85.21	59
2008-12-18	20:00	85.22	85.43	85.20	85.22	99
2008-12-18	20:05	85.21	85.31	85.20	85.30	83
2008-12-18	20:10	85.31	85.38	85.31	85.35	75
2008-12-18	20:15	85.34	85.45	85.28	85.41	72
2008-12-18	20:20	85.42	85.45	85.22	85.23	90
2008-12-18	20:25	85.20	85.20	85.06	85.10	117
2008-12-18	20:30	85.09	85.18	85.07	85.09	84
2008-12-18	20:35	85.08	85.11	84.97	85.05	106
2008-12-18	20:40	85.04	85.07	84.96	84.98	69
2008-12-18	20:45	84.99	84.99	84.60	84.60	149
2008-12-18	20:50	84.62	84.68	84.48	84.58	165
2008-12-18	20:55	84.60	84.63	84.48	84.53	150
2008-12-18	21:00	84.54	84.74	84.47	84.71	201
2008-12-18	21:05	84.69	84.76	84.68	84.72	64
2008-12-18	21:10	84.71	84.77	84.68	84.68	94
2008-12-18	21:15	84.69	84.79	84.48	84.49	131
2008-12-18	21:20	84.48	84.50	83.79	83.90	218
2008-12-18	21:25	83.89	84.24	83.88	84.19	218
2008-12-18	21:30	84.18	84.27	84.06	84.13	215
2008-12-18	21:35	84.15	84.52	84.08	84.52	149
2008-12-18	21:40	84.53	84.58	84.36	84.37	235
2008-12-18	21:45	84.36	84.66	84.19	84.59	353
2008-12-18	21:50	84.58	84.81	84.50	84.64	292
2008-12-18	21:55	84.67	84.69	84.49	84.52	225
2008-12-18	22:00	84.53	84.62	84.21	84.45	242
2008-12-18	22:05	84.49	84.51	84.28	84.38	185
2008-12-18	22:10	84.37	84.37	83.83	83.87	251
2008-12-18	22:15	83.88	84.01	83.85	83.99	237
2008-12-18	22:20	83.98	83.98	82.98	83.05	355
2008-12-18	22:25	83.06	83.16	82.91	82.98	341
2008-12-18	22:30	82.99	83.58	82.91	83.29	395
2008-12-18	22:35	83.30	83.89	83.29	83.59	401
2008-12-18	22:40	83.60	83.81	83.43	83.44	472
2008-12-18	22:45	83.45	83.85	83.45	83.74	424
2008-12-18	22:50	83.73	84.16	83.68	83.85	362
2008-12-18	22:55	83.84	83.94	83.59	83.87	332
2008-12-19	16:30	83.75	85.03	83.69	84.92	533
2008-12-19	16:35	84.90	84.93	83.91	83.95	528
2008-12-19	16:40	83.94	84.13	83.69	83.81	343
2008-12-19	16:45	83.82	83.92	83.73	83.91	280
2008-12-19	16:50	83.90	84.28	83.87	83.93	262
2008-12-19	16:55	83.92	83.99	83.83	83.88	141
2008-12-19	17:00	83.89	84.06	83.86	84.04	151
2008-12-19	17:05	84.05	84.07	83.94	83.95	109
2008-12-19	17:10	83.94	84.48	83.87	84.30	187
2008-12-19	17:15	84.28	84.69	84.27	84.49	212
2008-12-19	17:20	84.50	84.52	84.37	84.46	126
2008-12-19	17:25	84.47	84.65	84.45	84.58	207
2008-12-19	17:30	84.60	84.65	84.39	84.40	129
2008-12-19	17:35	84.39	84.54	84.38	84.48	91
2008-12-19	17:40	84.49	84.53	84.42	84.53	169
2008-12-19	17:45	84.54	84.65	84.53	84.57	138
2008-12-19	17:50	84.55	84.58	84.37	84.38	154
2008-12-19	17:55	84.37	84.46	84.25	84.29	151
2008-12-19	18:00	84.30	84.61	84.23	84.56	201
2008-12-19	18:05	84.55	84.61	84.10	84.11	228
2008-12-19	18:10	84.12	84.16	83.95	84.00	195
2008-12-19	18:15	83.99	84.05	83.91	83.94	99
2008-12-19	18:20	83.95	84.06	83.92	83.97	127
2008-12-19	18:25	83.96	83.96	83.60	83.62	160
2008-12-19	18:30	83.63	83.84	83.60	83.82	140
2008-12-19	18:35	83.81	84.00	83.78	83.78	114
2008-12-19	18:40	83.76	83.85	83.47	83.56	163
2008-12-19	18:45	83.55	83.65	83.47	83.62	148
2008-12-19	18:50	83.61	83.62	83.31	83.35	142
2008-12-19	18:55	83.34	83.46	83.21	83.26	230
2008-12-19	19:00	83.27	83.34	82.92	83.08	226
2008-12-19	19:05	83.07	83.25	82.99	83.13	188
2008-12-19	19:10	83.12	83.29	83.06	83.20	242
2008-12-19	19:15	83.21	83.39	83.16	83.17	188
2008-12-19	19:20	83.18	83.20	83.08	83.20	88
2008-12-19	19:25	83.22	83.44	83.18	83.32	154
2008-12-19	19:30	83.33	83.57	83.32	83.45	168
2008-12-19	19:35	83.44	83.53	83.32	83.52	161
2008-12-19	19:40	83.51	83.51	83.08	83.14	249
2008-12-19	19:45	83.12	83.26	83.10	83.16	130
2008-12-19	19:50	83.17	83.17	83.02	83.05	152
2008-12-19	19:55	83.04	83.28	83.02	83.27	113
2008-12-19	20:00	83.26	83.44	83.22	83.43	121
2008-12-19	20:05	83.44	83.66	83.41	83.66	111
2008-12-19	20:10	83.67	83.84	83.66	83.81	109
2008-12-19	20:15	83.82	84.01	83.70	83.70	170
2008-12-19	20:20	83.69	83.69	83.53	83.59	101
2008-12-19	20:25	83.60	83.79	83.58	83.67	135
2008-12-19	20:30	83.68	83.80	83.67	83.74	137
2008-12-19	20:35	83.75	83.99	83.75	83.96	119
2008-12-19	20:40	83.99	84.14	83.83	83.85	121
2008-12-19	20:45	83.84	83.84	83.56	83.58	120
2008-12-19	20:50	83.59	83.65	83.28	83.36	188
2008-12-19	20:55	83.35	83.46	83.35	83.40	104
2008-12-19	21:00	83.39	83.87	83.37	83.86	143
2008-12-19	21:05	83.84	83.88	83.53	83.59	157
2008-12-19	21:10	83.58	83.66	83.38	83.43	155
2008-12-19	21:15	83.44	83.71	83.43	83.64	226
2008-12-19	21:20	83.65	83.66	83.39	83.41	214
2008-12-19	21:25	83.42	83.67	83.38	83.47	224
2008-12-19	21:30	83.48	83.67	83.36	83.55	191
2008-12-19	21:35	83.54	83.78	83.44	83.64	206
2008-12-19	21:40	83.67	83.97	83.65	83.76	178
2008-12-19	21:45	83.75	83.87	83.67	83.67	223
2008-12-19	21:50	83.66	83.70	83.22	83.25	214
2008-12-19	21:55	83.26	83.43	83.12	83.26	286
2008-12-19	22:00	83.27	83.28	83.01	83.07	247
2008-12-19	22:05	83.08	83.26	82.93	83.15	326
2008-12-19	22:10	83.16	83.25	82.88	83.07	268
2008-12-19	22:15	83.08	83.13	82.88	83.05	310
2008-12-19	22:20	83.06	83.37	82.91	83.33	293
2008-12-19	22:25	83.34	83.52	83.12	83.25	288
2008-12-19	22:30	83.29	83.35	82.94	82.94	348
2008-12-19	22:35	82.92	83.15	82.89	82.98	329
2008-12-19	22:40	82.99	83.26	82.95	83.10	348
2008-12-19	22:45	83.11	83.42	83.07	83.33	261
2008-12-19	22:50	83.34	83.73	83.34	83.57	268
2008-12-19	22:55	83.56	83.66	83.45	83.46	331
2008-12-22	16:30	83.06	83.06	82.79	82.86	212
2008-12-22	16:35	82.85	82.85	82.67	82.67	177
2008-12-22	16:40	82.68	82.68	82.42	82.62	214
2008-12-22	16:45	82.61	82.75	82.41	82.75	186
2008-12-22	16:50	82.74	82.99	82.63	82.88	199
2008-12-22	16:55	82.89	82.97	82.61	82.66	126
2008-12-22	17:00	82.67	82.87	82.42	82.42	121
2008-12-22	17:05	82.41	82.43	82.21	82.27	203
2008-12-22	17:10	82.26	82.30	82.13	82.18	145
2008-12-22	17:15	82.17	82.31	82.12	82.28	89
2008-12-22	17:20	82.29	82.46	82.29	82.40	149
2008-12-22	17:25	82.39	82.46	82.36	82.43	112
2008-12-22	17:30	82.42	82.55	82.33	82.54	124
2008-12-22	17:35	82.53	82.63	82.43	82.43	106
2008-12-22	17:40	82.48	82.52	82.28	82.33	133
2008-12-22	17:45	82.34	82.57	82.31	82.55	114
2008-12-22	17:50	82.56	82.60	82.47	82.55	141
2008-12-22	17:55	82.56	82.57	82.28	82.30	108
2008-12-22	18:00	82.31	82.38	82.22	82.37	66
2008-12-22	18:05	82.38	82.52	82.36	82.41	89
2008-12-22	18:10	82.40	82.40	82.16	82.18	62
2008-12-22	18:15	82.19	82.40	82.18	82.39	103
2008-12-22	18:20	82.37	82.37	82.16	82.17	101
2008-12-22	18:25	82.16	82.18	82.04	82.16	58
2008-12-22	18:30	82.15	82.16	81.94	81.97	136
2008-12-22	18:35	81.96	81.96	81.77	81.89	120
2008-12-22	18:40	81.90	81.98	81.89	81.94	62
2008-12-22	18:45	81.96	81.99	81.78	81.97	114
2008-12-22	18:50	81.96	82.15	81.96	82.10	109
2008-12-22	18:55	82.11	82.23	82.03	82.17	143
2008-12-22	19:00	82.18	82.18	81.95	82.09	100
2008-12-22	19:05	82.08	82.15	81.75	81.75	147
2008-12-22	19:10	81.76	81.90	81.67	81.89	95
2008-12-22	19:15	81.88	81.89	81.67	81.74	125
2008-12-22	19:20	81.76	81.88	81.45	81.45	131
2008-12-22	19:25	81.44	81.51	81.38	81.40	82
2008-12-22	19:30	81.39	81.56	81.31	81.51	94
2008-12-22	19:35	81.52	81.59	81.31	81.33	81
2008-12-22	19:40	81.34	81.49	81.34	81.39	113
2008-12-22	19:45	81.41	81.48	81.37	81.41	79
2008-12-22	19:50	81.40	81.84	81.39	81.82	92
2008-12-22	19:55	81.81	81.89	81.61	81.61	61
2008-12-22	20:00	81.62	81.73	81.61	81.67	52
2008-12-22	20:05	81.68	81.74	81.61	81.65	69
2008-12-22	20:10	81.64	81.73	81.52	81.65	137
2008-12-22	20:15	81.66	81.89	81.65	81.83	68
2008-12-22	20:20	81.84	81.93	81.83	81.89	55
2008-12-22	20:25	81.90	81.92	81.72	81.89	68
2008-12-22	20:30	81.90	81.91	81.86	81.89	40
2008-12-22	20:35	81.88	81.93	81.78	81.91	52
2008-12-22	20:40	81.92	82.02	81.85	81.87	97
2008-12-22	20:45	81.85	81.86	81.55	81.60	107
2008-12-22	20:50	81.59	81.80	81.59	81.77	97
2008-12-22	20:55	81.79	81.88	81.48	81.74	145
2008-12-22	21:00	81.73	81.84	81.67	81.70	135
2008-12-22	21:05	81.68	81.74	81.60	81.69	127
2008-12-22	21:10	81.70	81.72	81.51	81.60	77
2008-12-22	21:15	81.61	81.66	81.34	81.56	200
2008-12-22	21:20	81.57	81.61	81.32	81.39	174
2008-12-22	21:25	81.40	81.43	81.16	81.25	184
2008-12-22	21:30	81.26	81.28	80.93	81.17	150
2008-12-22	21:35	81.18	81.32	81.18	81.24	76
2008-12-22	21:40	81.22	81.38	81.20	81.28	79
2008-12-22	21:45	81.27	81.52	81.17	81.52	104
2008-12-22	21:50	81.53	81.62	81.46	81.47	121
2008-12-22	21:55	81.45	81.45	80.97	81.00	174
2008-12-22	22:00	80.97	81.20	80.89	81.02	214
2008-12-22	22:05	80.99	81.32	80.97	81.04	180
2008-12-22	22:10	81.03	81.06	80.87	80.98	154
2008-12-22	22:15	80.99	81.11	80.87	80.88	181
2008-12-22	22:20	80.87	81.04	80.83	80.92	184
2008-12-22	22:25	80.91	80.94	80.28	80.28	280
2008-12-22	22:30	80.27	80.52	80.22	80.46	197
2008-12-22	22:35	80.45	81.05	80.45	80.73	245
2008-12-22	22:40	80.71	81.05	80.66	80.85	357
2008-12-22	22:45	80.84	81.03	80.80	80.90	310
2008-12-22	22:50	80.91	81.38	80.91	81.08	276
2008-12-22	22:55	81.09	81.87	80.88	81.78	418
2008-12-23	16:30	82.30	82.58	82.03	82.56	223
2008-12-23	16:35	82.55	82.63	82.32	82.39	157
2008-12-23	16:40	82.40	82.42	82.18	82.37	270
2008-12-23	16:45	82.36	82.63	82.32	82.62	177
2008-12-23	16:50	82.61	82.70	82.56	82.57	119
2008-12-23	16:55	82.58	82.69	82.45	82.49	135
2008-12-23	17:00	82.44	82.57	82.23	82.49	278
2008-12-23	17:05	82.50	82.53	82.19	82.24	157
2008-12-23	17:10	82.23	82.40	82.12	82.26	143
2008-12-23	17:15	82.28	82.32	81.98	82.02	143
2008-12-23	17:20	82.01	82.04	81.92	81.96	152
2008-12-23	17:25	81.97	82.16	81.89	82.14	163
2008-12-23	17:30	82.13	82.52	82.12	82.50	227
2008-12-23	17:35	82.49	82.58	82.34	82.56	204
2008-12-23	17:40	82.55	82.62	82.36	82.38	156
2008-12-23	17:45	82.43	82.62	82.41	82.48	191
2008-12-23	17:50	82.47	82.47	82.38	82.44	86
2008-12-23	17:55	82.43	82.51	82.13	82.13	154
2008-12-23	18:00	82.12	82.33	82.05	82.33	111
2008-12-23	18:05	82.35	82.35	82.19	82.29	121
2008-12-23	18:10	82.25	82.37	82.13	82.35	133
2008-12-23	18:15	82.34	82.38	81.85	81.88	137
2008-12-23	18:20	81.89	81.95	81.70	81.71	176
2008-12-23	18:25	81.70	81.70	81.39	81.45	151
2008-12-23	18:30	81.46	81.56	81.42	81.56	127
2008-12-23	18:35	81.58	81.70	81.45	81.70	100
2008-12-23	18:40	81.71	81.91	81.61	81.89	157
2008-12-23	18:45	81.90	81.92	81.79	81.81	109
2008-12-23	18:50	81.82	81.83	81.58	81.59	117
2008-12-23	18:55	81.58	81.66	81.23	81.25	125
2008-12-23	19:00	81.26	81.38	81.17	81.24	139
2008-12-23	19:05	81.25	81.25	81.03	81.13	131
2008-12-23	19:10	81.15	81.15	80.95	81.12	136
2008-12-23	19:15	81.11	81.12	80.93	81.04	106
2008-12-23	19:20	81.05	81.08	80.86	80.89	109
2008-12-23	19:25	80.88	80.99	80.80	80.98	90
2008-12-23	19:30	80.97	81.01	80.49	80.50	137
2008-12-23	19:35	80.51	80.63	80.51	80.59	201
2008-12-23	19:40	80.60	80.77	80.60	80.69	150
2008-12-23	19:45	80.68	81.02	80.62	80.83	139
2008-12-23	19:50	80.84	81.05	80.82	81.01	118
2008-12-23	19:55	81.02	81.05	80.87	80.88	86
2008-12-23	20:00	80.89	80.96	80.74	80.83	100
2008-12-23	20:05	80.84	80.99	80.84	80.96	75
2008-12-23	20:10	80.95	80.96	80.79	80.85	72
2008-12-23	20:15	80.86	80.89	80.75	80.81	116
2008-12-23	20:20	80.80	80.96	80.72	80.89	114
2008-12-23	20:25	80.92	80.93	80.78	80.88	101
2008-12-23	20:30	80.87	80.91	80.76	80.88	84
2008-12-23	20:35	80.89	80.91	80.63	80.75	141
2008-12-23	20:40	80.76	80.92	80.76	80.87	70
2008-12-23	20:45	80.88	80.94	80.86	80.94	78
2008-12-23	20:50	80.93	80.99	80.87	80.89	72
2008-12-23	20:55	80.90	81.20	80.88	81.11	102
2008-12-23	21:00	81.10	81.11	80.99	81.01	80
2008-12-23	21:05	81.02	81.21	80.96	81.14	125
2008-12-23	21:10	81.13	81.22	81.08	81.19	74
2008-12-23	21:15	81.18	81.25	81.00	81.20	106
2008-12-23	21:20	81.21	81.32	81.06	81.08	342
2008-12-23	21:25	81.07	81.20	80.98	81.07	138
2008-12-23	21:30	81.08	81.10	80.55	80.69	237
2008-12-23	21:35	80.68	80.78	80.58	80.66	135
2008-12-23	21:40	80.65	80.71	80.37	80.57	247
2008-12-23	21:45	80.58	80.58	80.06	80.32	194
2008-12-23	21:50	80.31	80.49	80.26	80.32	135
2008-12-23	21:55	80.34	80.46	80.18	80.41	144
2008-12-23	22:00	80.40	80.41	80.20	80.25	155
2008-12-23	22:05	80.26	80.37	80.14	80.31	148
2008-12-23	22:10	80.33	80.83	80.33	80.55	208
2008-12-23	22:15	80.56	80.69	80.47	80.49	169
2008-12-23	22:20	80.50	80.65	80.38	80.47	189
2008-12-23	22:25	80.48	80.71	80.41	80.60	224
2008-12-23	22:30	80.59	80.73	80.46	80.52	296
2008-12-23	22:35	80.51	80.51	80.29	80.34	348
2008-12-23	22:40	80.36	80.49	80.18	80.36	255
2008-12-23	22:45	80.35	80.58	80.31	80.57	234
2008-12-23	22:50	80.58	80.65	80.46	80.54	230
2008-12-23	22:55	80.55	80.76	80.46	80.47	199
2008-12-26	16:30	80.55	80.98	80.55	80.98	89
2008-12-26	16:35	80.99	81.30	80.99	81.20	57
2008-12-26	16:40	81.21	81.37	81.14	81.31	107
2008-12-26	16:45	81.33	81.52	81.30	81.47	111
2008-12-26	16:50	81.48	81.69	81.47	81.48	127
2008-12-26	16:55	81.46	81.64	81.31	81.41	106
2008-12-26	17:00	81.40	81.63	81.40	81.48	52
2008-12-26	17:05	81.49	81.52	81.33	81.33	43
2008-12-26	17:10	81.34	81.47	81.28	81.42	66
2008-12-26	17:15	81.40	81.40	81.33	81.34	25
2008-12-26	17:20	81.33	81.34	81.27	81.30	42
2008-12-26	17:25	81.29	81.30	81.13	81.18	121
2008-12-26	17:30	81.16	81.21	81.01	81.04	287
2008-12-26	17:35	81.03	81.21	80.98	81.21	65
2008-12-26	17:40	81.22	81.24	81.21	81.23	35
2008-12-26	17:45	81.24	81.25	81.16	81.18	33
2008-12-26	17:50	81.19	81.29	81.19	81.28	21
2008-12-26	17:55	81.29	81.41	81.29	81.40	32
2008-12-26	18:00	81.41	81.41	81.19	81.22	40
2008-12-26	18:05	81.21	81.21	81.02	81.02	44
2008-12-26	18:10	81.00	81.00	80.85	80.85	55
2008-12-26	18:15	80.84	80.86	80.77	80.84	32
2008-12-26	18:20	80.85	80.94	80.85	80.90	24
2008-12-26	18:25	80.89	80.89	80.80	80.80	27
2008-12-26	18:30	80.79	80.84	80.79	80.82	20
2008-12-26	18:35	80.81	80.81	80.68	80.69	43
2008-12-26	18:40	80.70	80.76	80.70	80.74	14
2008-12-26	18:45	80.73	80.76	80.72	80.75	13
2008-12-26	18:50	80.74	80.80	80.69	80.77	42
2008-12-26	18:55	80.76	80.84	80.75	80.83	14
2008-12-26	19:00	80.84	80.86	80.81	80.81	19
2008-12-26	19:05	80.80	80.80	80.69	80.72	45
2008-12-26	19:10	80.73	80.73	80.68	80.71	27
2008-12-26	19:15	80.72	80.76	80.71	80.74	27
2008-12-26	19:20	80.73	80.75	80.70	80.70	34
2008-12-26	19:25	80.71	80.72	80.61	80.62	30
2008-12-26	19:30	80.63	80.76	80.61	80.73	28
2008-12-26	19:35	80.74	80.74	80.64	80.65	34
2008-12-26	19:40	80.64	80.66	80.59	80.65	36
2008-12-26	19:45	80.62	80.65	80.57	80.57	40
2008-12-26	19:50	80.56	80.65	80.46	80.61	44
2008-12-26	19:55	80.60	80.62	80.58	80.59	26
2008-12-26	20:00	80.58	80.64	80.57	80.64	13
2008-12-26	20:05	80.65	80.75	80.64	80.75	23
2008-12-26	20:10	80.77	80.85	80.77	80.82	21
2008-12-26	20:15	80.81	80.82	80.75	80.77	27
2008-12-26	20:20	80.78	80.79	80.76	80.79	18
2008-12-26	20:25	80.78	80.81	80.75	80.78	22
2008-12-26	20:30	80.79	80.90	80.79	80.89	38
2008-12-26	20:35	80.90	80.93	80.89	80.91	16
2008-12-26	20:40	80.90	80.90	80.81	80.82	20
2008-12-26	20:45	80.81	80.85	80.80	80.82	45
2008-12-26	20:50	80.83	80.91	80.81	80.84	52
2008-12-26	20:55	80.83	80.86	80.81	80.82	34
2008-12-26	21:00	80.81	80.85	80.81	80.84	23
2008-12-26	21:05	80.85	80.94	80.85	80.91	36
2008-12-26	21:10	80.92	80.92	80.83	80.83	28
2008-12-26	21:15	80.84	80.85	80.82	80.83	19
2008-12-26	21:20	80.84	80.90	80.80	80.80	60
2008-12-26	21:25	80.81	80.84	80.80	80.82	17
2008-12-26	21:30	80.83	80.91	80.82	80.89	52
2008-12-26	21:35	80.91	80.97	80.89	80.92	59
2008-12-26	21:40	80.91	80.99	80.90	80.92	38
2008-12-26	21:45	80.93	81.01	80.92	81.01	27
2008-12-26	21:50	81.00	81.08	80.97	81.02	44
2008-12-26	21:55	81.03	81.13	81.03	81.12	52
2008-12-26	22:00	81.13	81.13	80.98	81.12	67
2008-12-26	22:05	81.13	81.19	81.05	81.07	46
2008-12-26	22:10	81.08	81.30	81.08	81.24	58
2008-12-26	22:15	81.25	81.34	81.23	81.27	81
2008-12-26	22:20	81.28	81.30	81.24	81.25	32
2008-12-26	22:25	81.26	81.44	81.25	81.37	66
2008-12-26	22:30	81.38	81.43	81.34	81.35	76
2008-12-26	22:35	81.38	81.40	81.34	81.39	57
2008-12-26	22:40	81.40	81.52	81.38	81.49	78
2008-12-26	22:45	81.48	81.53	81.39	81.50	69
2008-12-26	22:50	81.51	81.55	81.39	81.39	58
2008-12-26	22:55	81.38	81.39	81.11	81.16	123
2008-12-29	16:30	81.29	81.53	81.18	81.19	125
2008-12-29	16:35	81.20	81.25	80.96	80.99	142
2008-12-29	16:40	81.00	81.00	80.91	80.98	78
2008-12-29	16:45	80.94	81.00	80.91	80.95	98
2008-12-29	16:50	80.94	80.94	80.47	80.47	122
2008-12-29	16:55	80.49	80.57	80.35	80.57	136
2008-12-29	17:00	80.58	80.59	80.33	80.46	147
2008-12-29	17:05	80.45	80.48	80.11	80.19	131
2008-12-29	17:10	80.20	80.22	80.06	80.07	91
2008-12-29	17:15	80.08	80.16	79.98	80.02	106
2008-12-29	17:20	80.01	80.01	79.75	79.85	118
2008-12-29	17:25	79.84	79.99	79.76	79.99	84
2008-12-29	17:30	79.98	80.13	79.92	80.11	72
2008-12-29	17:35	80.10	80.11	79.92	80.02	145
2008-12-29	17:40	80.03	80.06	79.72	79.75	73
2008-12-29	17:45	79.74	79.90	79.70	79.82	71
2008-12-29	17:50	79.81	79.94	79.79	79.88	64
2008-12-29	17:55	79.89	79.98	79.89	79.97	55
2008-12-29	18:00	79.95	79.95	79.67	79.77	89
2008-12-29	18:05	79.78	79.80	79.58	79.62	101
2008-12-29	18:10	79.61	79.71	79.61	79.66	84
2008-12-29	18:15	79.67	79.80	79.67	79.78	80
2008-12-29	18:20	79.79	79.87	79.77	79.81	32
2008-12-29	18:25	79.83	80.03	79.81	80.01	65
2008-12-29	18:30	80.00	80.15	80.00	80.14	65
2008-12-29	18:35	80.15	80.21	80.08	80.12	73
2008-12-29	18:40	80.11	80.21	80.11	80.21	37
2008-12-29	18:45	80.20	80.20	80.16	80.18	17
2008-12-29	18:50	80.17	80.21	80.14	80.14	43
2008-12-29	18:55	80.13	80.25	80.02	80.22	85
2008-12-29	19:00	80.23	80.32	80.22	80.22	86
2008-12-29	19:05	80.21	80.32	80.21	80.29	37
2008-12-29	19:10	80.28	80.41	80.27	80.40	22
2008-12-29	19:15	80.44	80.47	80.34	80.35	59
2008-12-29	19:20	80.36	80.36	80.24	80.27	39
2008-12-29	19:25	80.26	80.33	80.21	80.25	60
2008-12-29	19:30	80.24	80.26	80.11	80.25	52
2008-12-29	19:35	80.24	80.36	80.24	80.31	39
2008-12-29	19:40	80.34	80.38	80.12	80.26	47
2008-12-29	19:45	80.25	80.33	80.22	80.28	58
2008-12-29	19:50	80.27	80.36	80.25	80.29	41
2008-12-29	19:55	80.28	80.28	79.92	79.93	99
2008-12-29	20:00	79.92	79.93	79.67	79.76	102
2008-12-29	20:05	79.75	79.90	79.74	79.87	48
2008-12-29	20:10	79.86	80.03	79.84	80.01	81
2008-12-29	20:15	79.98	79.98	79.87	79.90	70
2008-12-29	20:20	79.89	79.98	79.89	79.92	35
2008-12-29	20:25	79.93	80.00	79.84	79.94	72
2008-12-29	20:30	79.95	80.21	79.91	80.21	88
2008-12-29	20:35	80.20	80.23	80.08	80.21	65
2008-12-29	20:40	80.22	80.41	80.21	80.41	121
2008-12-29	20:45	80.42	80.43	80.23	80.41	86
2008-12-29	20:50	80.42	80.52	80.35	80.48	124
2008-12-29	20:55	80.49	80.55	80.39	80.49	102
2008-12-29	21:00	80.50	80.53	80.35	80.36	63
2008-12-29	21:05	80.35	80.37	80.24	80.27	98
2008-12-29	21:10	80.28	80.47	80.19	80.36	146
2008-12-29	21:15	80.37	80.47	80.26	80.41	149
2008-12-29	21:20	80.42	80.50	80.42	80.42	47
2008-12-29	21:25	80.41	80.50	80.27	80.49	108
2008-12-29	21:30	80.50	80.55	80.41	80.44	68
2008-12-29	21:35	80.45	80.45	80.26	80.39	138
2008-12-29	21:40	80.38	80.53	80.38	80.43	73
2008-12-29	21:45	80.44	80.55	80.36	80.40	100
2008-12-29	21:50	80.41	80.48	80.34	80.38	80
2008-12-29	21:55	80.37	80.78	80.37	80.72	121
2008-12-29	22:00	80.77	80.87	80.74	80.75	130
2008-12-29	22:05	80.76	80.96	80.73	80.81	154
2008-12-29	22:10	80.82	80.86	80.67	80.74	136
2008-12-29	22:15	80.77	80.84	80.44	80.54	192
2008-12-29	22:20	80.57	80.70	80.52	80.62	111
2008-12-29	22:25	80.61	80.65	80.41	80.48	162
2008-12-29	22:30	80.47	80.67	80.39	80.51	144
2008-12-29	22:35	80.52	80.61	80.41	80.57	167
2008-12-29	22:40	80.58	80.88	80.58	80.85	171
2008-12-29	22:45	80.84	81.00	80.84	80.88	164
2008-12-29	22:50	80.89	81.01	80.71	80.86	189
2008-12-29	22:55	80.87	81.14	80.78	81.13	176
2008-12-30	16:30	81.85	82.10	81.70	82.01	174
2008-12-30	16:35	82.00	82.25	81.85	82.12	155
2008-12-30	16:40	82.10	82.25	82.05	82.20	196
2008-12-30	16:45	82.21	82.35	82.17	82.32	123
2008-12-30	16:50	82.31	82.31	82.08	82.08	49
2008-12-30	16:55	82.09	82.19	81.93	82.04	137
2008-12-30	17:00	82.02	82.03	81.80	81.96	199
2008-12-30	17:05	81.97	81.98	81.82	81.88	110
2008-12-30	17:10	81.87	81.90	81.59	81.69	134
2008-12-30	17:15	81.70	81.80	81.69	81.73	130
2008-12-30	17:20	81.74	82.00	81.72	81.97	119
2008-12-30	17:25	81.98	82.18	81.98	82.16	96
2008-12-30	17:30	82.17	82.22	82.06	82.07	87
2008-12-30	17:35	82.06	82.14	82.01	82.07	104
2008-12-30	17:40	82.06	82.06	81.94	81.97	51
2008-12-30	17:45	81.96	82.09	81.94	81.99	77
2008-12-30	17:50	82.00	82.08	81.97	81.97	74
2008-12-30	17:55	81.99	82.01	81.85	81.90	68
2008-12-30	18:00	81.91	82.04	81.90	81.99	86
2008-12-30	18:05	81.98	82.09	81.92	81.94	84
2008-12-30	18:10	81.93	81.93	81.82	81.87	59
2008-12-30	18:15	81.88	81.97	81.83	81.84	107
2008-12-30	18:20	81.85	81.97	81.84	81.97	43
2008-12-30	18:25	81.96	82.18	81.94	82.18	94
2008-12-30	18:30	82.19	82.30	82.18	82.27	48
2008-12-30	18:35	82.26	82.50	82.25	82.50	44
2008-12-30	18:40	82.51	82.83	82.51	82.81	95
2008-12-30	18:45	82.82	83.07	82.82	82.98	168
2008-12-30	18:50	82.99	83.05	82.93	82.95	96
2008-12-30	18:55	82.94	83.07	82.93	82.99	99
2008-12-30	19:00	83.00	83.24	82.99	83.19	114
2008-12-30	19:05	83.18	83.19	83.00	83.00	52
2008-12-30	19:10	83.01	83.03	82.84	82.89	93
2008-12-30	19:15	82.88	82.91	82.78	82.87	79
2008-12-30	19:20	82.86	82.88	82.78	82.78	49
2008-12-30	19:25	82.81	83.05	82.79	82.85	84
2008-12-30	19:30	82.86	82.96	82.79	82.81	90
2008-12-30	19:35	82.80	82.80	82.59	82.69	75
2008-12-30	19:40	82.68	82.77	82.56	82.68	126
2008-12-30	19:45	82.67	82.86	82.56	82.69	113
2008-12-30	19:50	82.68	82.89	82.65	82.89	138
2008-12-30	19:55	82.88	82.90	82.69	82.86	140
2008-12-30	20:00	82.85	83.02	82.85	82.92	113
2008-12-30	20:05	82.91	83.04	82.88	83.00	88
2008-12-30	20:10	82.99	82.99	82.77	82.83	114
2008-12-30	20:15	82.84	82.88	82.67	82.72	75
2008-12-30	20:20	82.73	82.80	82.64	82.79	91
2008-12-30	20:25	82.78	82.95	82.77	82.88	118
2008-12-30	20:30	82.87	82.88	82.79	82.85	82
2008-12-30	20:35	82.86	82.88	82.70	82.72	118
2008-12-30	20:40	82.71	82.90	82.68	82.84	83
2008-12-30	20:45	82.85	83.01	82.76	83.01	57
2008-12-30	20:50	83.00	83.11	82.92	82.94	82
2008-12-30	20:55	82.95	82.95	82.71	82.76	59
2008-12-30	21:00	82.75	82.80	82.61	82.68	128
2008-12-30	21:05	82.67	82.84	82.66	82.77	119
2008-12-30	21:10	82.75	82.83	82.73	82.80	64
2008-12-30	21:15	82.79	82.90	82.74	82.78	121
2008-12-30	21:20	82.80	82.88	82.73	82.75	90
2008-12-30	21:25	82.76	82.97	82.73	82.92	101
2008-12-30	21:30	82.93	83.05	82.84	82.84	142
2008-12-30	21:35	82.85	83.06	82.85	82.98	119
2008-12-30	21:40	82.97	83.05	82.80	82.97	162
2008-12-30	21:45	82.96	82.97	82.68	82.76	102
2008-12-30	21:50	82.75	82.78	82.63	82.67	101
2008-12-30	21:55	82.68	82.76	82.59	82.67	128
2008-12-30	22:00	82.70	82.83	82.69	82.72	141
2008-12-30	22:05	82.73	82.78	82.59	82.65	96
2008-12-30	22:10	82.66	82.72	82.43	82.51	201
2008-12-30	22:15	82.52	82.70	82.49	82.65	125
2008-12-30	22:20	82.64	82.76	82.56	82.57	146
2008-12-30	22:25	82.58	82.86	82.57	82.75	156
2008-12-30	22:30	82.77	82.82	82.69	82.73	127
2008-12-30	22:35	82.72	82.81	82.67	82.77	149
2008-12-30	22:40	82.81	83.13	82.80	83.09	231
2008-12-30	22:45	83.08	83.10	82.82	82.88	226
2008-12-30	22:50	82.89	83.40	82.87	83.35	222
2008-12-30	22:55	83.36	83.50	83.28	83.43	299