2008-09-02	21:00	11579.0	11590.0	11535.0	11550.0	194
2008-09-02	21:30	11551.0	11570.0	11472.0	11479.0	175
2008-09-02	22:00	11478.0	11513.0	11471.0	11512.0	138
2008-09-02	22:30	11511.0	11526.0	11488.0	11515.0	166
2008-09-03	16:30	11513.0	11515.0	11453.0	11509.0	227
2008-09-03	17:00	11510.0	11536.0	11469.0	11499.0	169
2008-09-03	17:30	11500.0	11550.0	11488.0	11494.0	154
2008-09-03	18:00	11493.0	11531.0	11478.0	11485.0	175
2008-09-03	18:30	11486.0	11487.0	11422.0	11428.0	137
2008-09-03	19:00	11429.0	11452.0	11415.0	11449.0	135
2008-09-03	19:30	11448.0	11457.0	11433.0	11444.0	92
2008-09-03	20:00	11445.0	11482.0	11431.0	11474.0	126
2008-09-03	20:30	11473.0	11503.0	11461.0	11502.0	108
2008-09-03	21:00	11501.0	11517.0	11451.0	11466.0	218
2008-09-03	21:30	11464.0	11493.0	11458.0	11469.0	131
2008-09-03	22:00	11470.0	11516.0	11455.0	11490.0	186
2008-09-03	22:30	11489.0	11537.0	11479.0	11534.0	157
2008-09-04	16:30	11521.0	11521.0	11391.0	11412.0	250
2008-09-04	17:00	11411.0	11449.0	11402.0	11411.0	242
2008-09-04	17:30	11412.0	11412.0	11297.0	11314.0	223
2008-09-04	18:00	11312.0	11320.0	11264.0	11283.0	228
2008-09-04	18:30	11282.0	11310.0	11277.0	11278.0	142
2008-09-04	19:00	11279.0	11306.0	11279.0	11293.0	133
2008-09-04	19:30	11292.0	11296.0	11263.0	11272.0	95
2008-09-04	20:00	11273.0	11279.0	11236.0	11239.0	126
2008-09-04	20:30	11237.0	11254.0	11233.0	11254.0	92
2008-09-04	21:00	11253.0	11253.0	11188.0	11218.0	148
2008-09-04	21:30	11219.0	11226.0	11202.0	11226.0	124
2008-09-04	22:00	11227.0	11257.0	11218.0	11235.0	188
2008-09-04	22:30	11234.0	11238.0	11175.0	11180.0	242
2008-09-05	16:30	11162.0	11170.0	11099.0	11121.0	305
2008-09-05	17:00	11120.0	11145.0	11079.0	11090.0	278
2008-09-05	17:30	11087.0	11109.0	11047.0	11051.0	217
2008-09-05	18:00	11052.0	11095.0	11037.0	11094.0	191
2008-09-05	18:30	11095.0	11169.0	11081.0	11143.0	165
2008-09-05	19:00	11144.0	11166.0	11119.0	11166.0	163
2008-09-05	19:30	11167.0	11189.0	11154.0	11170.0	191
2008-09-05	20:00	11169.0	11201.0	11154.0	11178.0	153
2008-09-05	20:30	11177.0	11197.0	11149.0	11182.0	146
2008-09-05	21:00	11181.0	11209.0	11155.0	11200.0	162
2008-09-05	21:30	11199.0	11230.0	11188.0	11219.0	155
2008-09-05	22:00	11218.0	11218.0	11181.0	11194.0	159
2008-09-05	22:30	11192.0	11240.0	11191.0	11220.0	156
2008-09-08	16:30	11259.0	11563.0	11259.0	11439.0	342
2008-09-08	17:00	11438.0	11493.0	11422.0	11465.0	260
2008-09-08	17:30	11467.0	11520.0	11416.0	11416.0	265
2008-09-08	18:00	11415.0	11454.0	11337.0	11389.0	371
2008-09-08	18:30	11391.0	11430.0	11337.0	11373.0	307
2008-09-08	19:00	11374.0	11385.0	11313.0	11367.0	230
2008-09-08	19:30	11368.0	11416.0	11368.0	11406.0	192
2008-09-08	20:00	11404.0	11417.0	11364.0	11399.0	213
2008-09-08	20:30	11397.0	11397.0	11330.0	11333.0	200
2008-09-08	21:00	11332.0	11407.0	11325.0	11407.0	259
2008-09-08	21:30	11409.0	11430.0	11385.0	11397.0	169
2008-09-08	22:00	11396.0	11460.0	11365.0	11451.0	219
2008-09-08	22:30	11452.0	11512.0	11452.0	11509.0	210
2008-09-09	16:30	11519.0	11553.0	11456.0	11553.0	286
2008-09-09	17:00	11552.0	11572.0	11491.0	11495.0	280
2008-09-09	17:30	11494.0	11494.0	11405.0	11415.0	226
2008-09-09	18:00	11413.0	11441.0	11377.0	11441.0	206
2008-09-09	18:30	11440.0	11450.0	11407.0	11407.0	192
2008-09-09	19:00	11406.0	11418.0	11380.0	11398.0	172
2008-09-09	19:30	11397.0	11450.0	11388.0	11428.0	170
2008-09-09	20:00	11427.0	11455.0	11409.0	11409.0	193
2008-09-09	20:30	11411.0	11415.0	11361.0	11374.0	182
2008-09-09	21:00	11373.0	11378.0	11344.0	11369.0	228
2008-09-09	21:30	11367.0	11369.0	11316.0	11322.0	220
2008-09-09	22:00	11323.0	11332.0	11296.0	11332.0	214
2008-09-09	22:30	11333.0	11349.0	11239.0	11239.0	186
2008-09-10	16:30	11247.0	11324.0	11245.0	11307.0	299
2008-09-10	17:00	11306.0	11324.0	11262.0	11273.0	229
2008-09-10	17:30	11272.0	11305.0	11229.0	11238.0	262
2008-09-10	18:00	11237.0	11253.0	11215.0	11235.0	181
2008-09-10	18:30	11234.0	11334.0	11231.0	11301.0	202
2008-09-10	19:00	11300.0	11344.0	11294.0	11302.0	168
2008-09-10	19:30	11301.0	11338.0	11298.0	11303.0	138
2008-09-10	20:00	11302.0	11308.0	11278.0	11297.0	122
2008-09-10	20:30	11296.0	11341.0	11281.0	11281.0	159
2008-09-10	21:00	11282.0	11361.0	11281.0	11345.0	204
2008-09-10	21:30	11347.0	11374.0	11312.0	11317.0	152
2008-09-10	22:00	11318.0	11368.0	11315.0	11326.0	222
2008-09-10	22:30	11327.0	11334.0	11254.0	11265.0	228
2008-09-11	16:30	11255.0	11256.0	11099.0	11121.0	237
2008-09-11	17:00	11118.0	11182.0	11116.0	11135.0	234
2008-09-11	17:30	11134.0	11222.0	11123.0	11208.0	227
2008-09-11	18:00	11210.0	11241.0	11170.0	11185.0	219
2008-09-11	18:30	11186.0	11256.0	11186.0	11240.0	194
2008-09-11	19:00	11241.0	11284.0	11225.0	11233.0	183
2008-09-11	19:30	11232.0	11249.0	11206.0	11239.0	242
2008-09-11	20:00	11235.0	11235.0	11168.0	11204.0	196
2008-09-11	20:30	11205.0	11280.0	11205.0	11264.0	200
2008-09-11	21:00	11265.0	11333.0	11254.0	11325.0	192
2008-09-11	21:30	11323.0	11347.0	11286.0	11314.0	198
2008-09-11	22:00	11313.0	11353.0	11254.0	11254.0	260
2008-09-11	22:30	11256.0	11439.0	11243.0	11438.0	299
2008-09-12	16:30	11412.0	11412.0	11280.0	11304.0	288
2008-09-12	17:00	11303.0	11370.0	11287.0	11345.0	241
2008-09-12	17:30	11346.0	11373.0	11316.0	11366.0	220
2008-09-12	18:00	11367.0	11455.0	11367.0	11442.0	185
2008-09-12	18:30	11441.0	11441.0	11392.0	11402.0	188
2008-09-12	19:00	11403.0	11425.0	11390.0	11398.0	183
2008-09-12	19:30	11399.0	11406.0	11328.0	11332.0	170
2008-09-12	20:00	11331.0	11367.0	11309.0	11366.0	189
2008-09-12	20:30	11368.0	11388.0	11331.0	11387.0	199
2008-09-12	21:00	11390.0	11392.0	11347.0	11352.0	198
2008-09-12	21:30	11353.0	11443.0	11333.0	11435.0	192
2008-09-12	22:00	11434.0	11441.0	11395.0	11410.0	252
2008-09-12	22:30	11409.0	11429.0	11358.0	11429.0	243
2008-09-15	16:30	11395.0	11395.0	11078.0	11081.0	223
2008-09-15	17:00	11090.0	11154.0	11081.0	11138.0	264
2008-09-15	17:30	11139.0	11254.0	11125.0	11231.0	262
2008-09-15	18:00	11232.0	11238.0	11164.0	11164.0	232
2008-09-15	18:30	11163.0	11174.0	11096.0	11105.0	253
2008-09-15	19:00	11104.0	11211.0	11102.0	11164.0	360
2008-09-15	19:30	11163.0	11197.0	11127.0	11175.0	227
2008-09-15	20:00	11176.0	11206.0	11130.0	11138.0	174
2008-09-15	20:30	11139.0	11152.0	11084.0	11127.0	245
2008-09-15	21:00	11126.0	11164.0	11106.0	11130.0	274
2008-09-15	21:30	11129.0	11140.0	11057.0	11080.0	249
2008-09-15	22:00	11079.0	11080.0	10981.0	11004.0	288
2008-09-15	22:30	11006.0	11105.0	10950.0	10953.0	453
2008-09-16	16:30	10858.0	10887.0	10743.0	10801.0	554
2008-09-16	17:00	10800.0	10916.0	10799.0	10914.0	400
2008-09-16	17:30	10913.0	10991.0	10850.0	10949.0	437
2008-09-16	18:00	10950.0	11017.0	10841.0	10849.0	480
2008-09-16	18:30	10848.0	10934.0	10838.0	10920.0	280
2008-09-16	19:00	10921.0	10964.0	10878.0	10951.0	298
2008-09-16	19:30	10952.0	10953.0	10901.0	10950.0	182
2008-09-16	20:00	10954.0	10987.0	10938.0	10965.0	215
2008-09-16	20:30	10964.0	10970.0	10915.0	10927.0	144
2008-09-16	21:00	10926.0	10945.0	10781.0	10833.0	446
2008-09-16	21:30	10835.0	11051.0	10816.0	11026.0	597
2008-09-16	22:00	11025.0	11088.0	10981.0	10982.0	364
2008-09-16	22:30	10981.0	11067.0	10974.0	11055.0	397
2008-09-17	16:30	11028.0	11028.0	10834.0	10905.0	428
2008-09-17	17:00	10908.0	10927.0	10835.0	10845.0	333
2008-09-17	17:30	10843.0	10862.0	10786.0	10821.0	330
2008-09-17	18:00	10819.0	10825.0	10707.0	10712.0	317
2008-09-17	18:30	10714.0	10788.0	10702.0	10744.0	322
2008-09-17	19:00	10741.0	10741.0	10659.0	10676.0	327
2008-09-17	19:30	10677.0	10790.0	10676.0	10761.0	285
2008-09-17	20:00	10757.0	10804.0	10718.0	10719.0	268
2008-09-17	20:30	10718.0	10750.0	10677.0	10723.0	326
2008-09-17	21:00	10722.0	10824.0	10687.0	10824.0	359
2008-09-17	21:30	10825.0	10892.0	10788.0	10825.0	452
2008-09-17	22:00	10826.0	10908.0	10792.0	10813.0	482
2008-09-17	22:30	10812.0	10812.0	10597.0	10603.0	412
2008-09-18	16:30	10639.0	10785.0	10639.0	10776.0	414
2008-09-18	17:00	10780.0	10819.0	10713.0	10765.0	309
2008-09-18	17:30	10764.0	10781.0	10663.0	10666.0	300
2008-09-18	18:00	10667.0	10683.0	10609.0	10642.0	332
2008-09-18	18:30	10646.0	10684.0	10569.0	10641.0	334
2008-09-18	19:00	10640.0	10644.0	10569.0	10612.0	382
2008-09-18	19:30	10613.0	10617.0	10461.0	10461.0	392
2008-09-18	20:00	10460.0	10640.0	10460.0	10611.0	500
2008-09-18	20:30	10612.0	10760.0	10612.0	10707.0	469
2008-09-18	21:00	10708.0	10720.0	10606.0	10641.0	424
2008-09-18	21:30	10640.0	10746.0	10609.0	10727.0	413
2008-09-18	22:00	10728.0	11014.0	10719.0	10960.0	627
2008-09-18	22:30	10962.0	11070.0	10951.0	10987.0	522
2008-09-19	16:30	11037.0	11471.0	11037.0	11395.0	565
2008-09-19	17:00	11394.0	11401.0	11296.0	11342.0	456
2008-09-19	17:30	11341.0	11364.0	11278.0	11310.0	348
2008-09-19	18:00	11309.0	11409.0	11309.0	11361.0	287
2008-09-19	18:30	11360.0	11414.0	11350.0	11412.0	202
2008-09-19	19:00	11413.0	11464.0	11405.0	11464.0	166
2008-09-19	19:30	11465.0	11478.0	11422.0	11443.0	210
2008-09-19	20:00	11442.0	11451.0	11404.0	11441.0	147
2008-09-19	20:30	11440.0	11440.0	11377.0	11379.0	114
2008-09-19	21:00	11378.0	11381.0	11344.0	11376.0	195
2008-09-19	21:30	11377.0	11398.0	11346.0	11361.0	193
2008-09-19	22:00	11363.0	11383.0	11276.0	11333.0	303
2008-09-19	22:30	11334.0	11396.0	11298.0	11383.0	366
2008-09-22	16:30	11390.0	11390.0	11261.0	11272.0	356
2008-09-22	17:00	11273.0	11286.0	11216.0	11248.0	263
2008-09-22	17:30	11247.0	11268.0	11231.0	11252.0	181
2008-09-22	18:00	11253.0	11254.0	11175.0	11185.0	182
2008-09-22	18:30	11186.0	11195.0	11158.0	11192.0	182
2008-09-22	19:00	11193.0	11201.0	11164.0	11197.0	136
2008-09-22	19:30	11196.0	11219.0	11195.0	11207.0	121
2008-09-22	20:00	11206.0	11209.0	11138.0	11144.0	148
2008-09-22	20:30	11145.0	11181.0	11114.0	11172.0	181
2008-09-22	21:00	11171.0	11186.0	11136.0	11154.0	212
2008-09-22	21:30	11153.0	11197.0	11113.0	11123.0	248
2008-09-22	22:00	11124.0	11152.0	11045.0	11046.0	254
2008-09-22	22:30	11047.0	11063.0	10992.0	11009.0	257
2008-09-23	16:30	11022.0	11128.0	11011.0	11070.0	335
2008-09-23	17:00	11071.0	11138.0	11065.0	11104.0	329
2008-09-23	17:30	11109.0	11125.0	11020.0	11038.0	263
2008-09-23	18:00	11039.0	11109.0	11015.0	11077.0	297
2008-09-23	18:30	11078.0	11100.0	11051.0	11056.0	222
2008-09-23	19:00	11055.0	11086.0	11032.0	11034.0	186
2008-09-23	19:30	11033.0	11036.0	10966.0	10972.0	186
2008-09-23	20:00	10967.0	10967.0	10879.0	10904.0	241
2008-09-23	20:30	10903.0	10903.0	10841.0	10883.0	301
2008-09-23	21:00	10885.0	10979.0	10857.0	10972.0	344
2008-09-23	21:30	10973.0	11020.0	10934.0	10986.0	296
2008-09-23	22:00	10985.0	11057.0	10974.0	10993.0	298
2008-09-23	22:30	10994.0	11002.0	10833.0	10839.0	379
2008-09-24	16:30	10862.0	10896.0	10832.0	10868.0	312
2008-09-24	17:00	10866.0	10876.0	10805.0	10848.0	298
2008-09-24	17:30	10849.0	10887.0	10842.0	10884.0	261
2008-09-24	18:00	10883.0	10883.0	10807.0	10847.0	220
2008-09-24	18:30	10846.0	10865.0	10796.0	10852.0	179
2008-09-24	19:00	10851.0	10864.0	10811.0	10821.0	175
2008-09-24	19:30	10822.0	10846.0	10816.0	10833.0	135
2008-09-24	20:00	10834.0	10921.0	10830.0	10902.0	206
2008-09-24	20:30	10901.0	10913.0	10850.0	10865.0	190
2008-09-24	21:00	10864.0	10870.0	10820.0	10860.0	221
2008-09-24	21:30	10859.0	10902.0	10836.0	10838.0	172
2008-09-24	22:00	10837.0	10857.0	10790.0	10834.0	234
2008-09-24	22:30	10833.0	10851.0	10753.0	10847.0	300
2008-09-25	16:30	10848.0	10994.0	10848.0	10990.0	312
2008-09-25	17:00	10987.0	11074.0	10962.0	11043.0	301
2008-09-25	17:30	11044.0	11055.0	10998.0	11014.0	262
2008-09-25	18:00	11018.0	11070.0	11002.0	11066.0	237
2008-09-25	18:30	11064.0	11072.0	11030.0	11038.0	188
2008-09-25	19:00	11037.0	11074.0	11033.0	11057.0	123
2008-09-25	19:30	11056.0	11090.0	11053.0	11075.0	193
2008-09-25	20:00	11077.0	11109.0	11058.0	11081.0	192
2008-09-25	20:30	11083.0	11124.0	11058.0	11085.0	225
2008-09-25	21:00	11086.0	11093.0	11003.0	11030.0	208
2008-09-25	21:30	11029.0	11055.0	11000.0	11050.0	207
2008-09-25	22:00	11051.0	11103.0	11047.0	11097.0	235
2008-09-25	22:30	11095.0	11102.0	10969.0	11030.0	302
2008-09-26	16:30	10988.0	10988.0	10868.0	10937.0	417
2008-09-26	17:00	10930.0	10971.0	10922.0	10945.0	275
2008-09-26	17:30	10944.0	11019.0	10937.0	10997.0	216
2008-09-26	18:00	10998.0	11015.0	10948.0	10979.0	241
2008-09-26	18:30	10978.0	10991.0	10938.0	10943.0	207
2008-09-26	19:00	10942.0	10954.0	10923.0	10945.0	149
2008-09-26	19:30	10946.0	11004.0	10946.0	10997.0	163
2008-09-26	20:00	10999.0	11036.0	10984.0	11018.0	189
2008-09-26	20:30	11017.0	11061.0	11007.0	11022.0	152
2008-09-26	21:00	11021.0	11050.0	11001.0	11013.0	168
2008-09-26	21:30	11012.0	11046.0	10999.0	11009.0	156
2008-09-26	22:00	11008.0	11113.0	10973.0	11094.0	259
2008-09-26	22:30	11096.0	11160.0	11081.0	11157.0	261
2008-09-29	16:30	11134.0	11134.0	10803.0	10849.0	373
2008-09-29	17:00	10852.0	10884.0	10785.0	10884.0	478
2008-09-29	17:30	10882.0	10914.0	10833.0	10876.0	319
2008-09-29	18:00	10880.0	10906.0	10835.0	10859.0	265
2008-09-29	18:30	10860.0	10898.0	10831.0	10876.0	217
2008-09-29	19:00	10871.0	10909.0	10823.0	10849.0	239
2008-09-29	19:30	10848.0	10904.0	10805.0	10863.0	248
2008-09-29	20:00	10864.0	10948.0	10825.0	10930.0	271
2008-09-29	20:30	10926.0	10926.0	10453.0	10654.0	626
2008-09-29	21:00	10658.0	10741.0	10497.0	10613.0	732
2008-09-29	21:30	10619.0	10649.0	10554.0	10567.0	420
2008-09-29	22:00	10569.0	10610.0	10407.0	10426.0	430
2008-09-29	22:30	10427.0	10616.0	10418.0	10545.0	471
2008-09-30	16:30	10431.0	10610.0	10431.0	10550.0	370
2008-09-30	17:00	10555.0	10639.0	10545.0	10595.0	302
2008-09-30	17:30	10594.0	10663.0	10588.0	10599.0	277
2008-09-30	18:00	10598.0	10626.0	10586.0	10607.0	219
2008-09-30	18:30	10606.0	10666.0	10601.0	10649.0	176
2008-09-30	19:00	10650.0	10664.0	10594.0	10599.0	140
2008-09-30	19:30	10600.0	10664.0	10595.0	10663.0	153
2008-09-30	20:00	10664.0	10702.0	10616.0	10702.0	184
2008-09-30	20:30	10701.0	10734.0	10693.0	10703.0	219
2008-09-30	21:00	10701.0	10768.0	10691.0	10765.0	207
2008-09-30	21:30	10766.0	10776.0	10726.0	10734.0	217
2008-09-30	22:00	10733.0	10790.0	10704.0	10785.0	239
2008-09-30	22:30	10784.0	10864.0	10753.0	10848.0	315
2008-10-01	16:30	10819.0	10819.0	10713.0	10751.0	257
2008-10-01	17:00	10750.0	10750.0	10648.0	10688.0	289
2008-10-01	17:30	10687.0	10688.0	10633.0	10669.0	226
2008-10-01	18:00	10668.0	10712.0	10633.0	10711.0	177
2008-10-01	18:30	10713.0	10748.0	10702.0	10729.0	152
2008-10-01	19:00	10730.0	10793.0	10720.0	10772.0	172
2008-10-01	19:30	10778.0	10876.0	10778.0	10837.0	254
2008-10-01	20:00	10836.0	10837.0	10787.0	10791.0	188
2008-10-01	20:30	10793.0	10865.0	10722.0	10798.0	386
2008-10-01	21:00	10795.0	10849.0	10759.0	10833.0	317
2008-10-01	21:30	10832.0	10867.0	10787.0	10810.0	288
2008-10-01	22:00	10809.0	10839.0	10775.0	10803.0	254
2008-10-01	22:30	10805.0	10847.0	10797.0	10836.0	243
2008-10-02	16:30	10816.0	10816.0	10648.0	10653.0	303
2008-10-02	17:00	10649.0	10649.0	10590.0	10617.0	262
2008-10-02	17:30	10618.0	10634.0	10584.0	10596.0	227
2008-10-02	18:00	10595.0	10604.0	10521.0	10570.0	283
2008-10-02	18:30	10569.0	10607.0	10552.0	10601.0	174
2008-10-02	19:00	10600.0	10624.0	10565.0	10568.0	164
2008-10-02	19:30	10571.0	10589.0	10551.0	10575.0	178
2008-10-02	20:00	10572.0	10572.0	10518.0	10549.0	179
2008-10-02	20:30	10551.0	10597.0	10497.0	10558.0	306
2008-10-02	21:00	10561.0	10579.0	10513.0	10515.0	251
2008-10-02	21:30	10514.0	10542.0	10473.0	10540.0	261
2008-10-02	22:00	10539.0	10549.0	10468.0	10483.0	296
2008-10-02	22:30	10484.0	10534.0	10439.0	10470.0	317
2008-10-03	16:30	10499.0	10623.0	10499.0	10615.0	260
2008-10-03	17:00	10616.0	10652.0	10563.0	10631.0	323
2008-10-03	17:30	10632.0	10700.0	10629.0	10695.0	257
2008-10-03	18:00	10699.0	10735.0	10670.0	10674.0	241
2008-10-03	18:30	10677.0	10717.0	10649.0	10676.0	198
2008-10-03	19:00	10677.0	10693.0	10615.0	10646.0	181
2008-10-03	19:30	10648.0	10752.0	10648.0	10752.0	226
2008-10-03	20:00	10753.0	10791.0	10633.0	10670.0	469
2008-10-03	20:30	10669.0	10674.0	10494.0	10565.0	572
2008-10-03	21:00	10566.0	10625.0	10449.0	10468.0	400
2008-10-03	21:30	10473.0	10546.0	10414.0	10537.0	426
2008-10-03	22:00	10535.0	10557.0	10423.0	10458.0	471
2008-10-03	22:30	10454.0	10502.0	10312.0	10320.0	411
2008-10-06	16:30	10308.0	10308.0	10012.0	10024.0	498
2008-10-06	17:00	10023.0	10024.0	9912.0	9925.0	419
2008-10-06	17:30	9926.0	9934.0	9738.0	9873.0	513
2008-10-06	18:00	9872.0	9960.0	9850.0	9916.0	419
2008-10-06	18:30	9917.0	9917.0	9827.0	9859.0	340
2008-10-06	19:00	9858.0	9899.0	9825.0	9835.0	300
2008-10-06	19:30	9833.0	9848.0	9761.0	9775.0	275
2008-10-06	20:00	9776.0	9842.0	9749.0	9809.0	322
2008-10-06	20:30	9810.0	9812.0	9720.0	9775.0	327
2008-10-06	21:00	9774.0	9774.0	9589.0	9617.0	453
2008-10-06	21:30	9619.0	9664.0	9524.0	9646.0	477
2008-10-06	22:00	9642.0	9895.0	9585.0	9880.0	575
2008-10-06	22:30	9874.0	10027.0	9756.0	10018.0	579
2008-10-07	16:30	9974.0	10118.0	9933.0	9970.0	497
2008-10-07	17:00	9971.0	10015.0	9888.0	10011.0	495
2008-10-07	17:30	10009.0	10026.0	9937.0	9963.0	359
2008-10-07	18:00	9964.0	9972.0	9856.0	9884.0	297
2008-10-07	18:30	9882.0	9962.0	9882.0	9910.0	326
2008-10-07	19:00	9912.0	9922.0	9811.0	9827.0	273
2008-10-07	19:30	9828.0	9839.0	9742.0	9778.0	280
2008-10-07	20:00	9782.0	9857.0	9676.0	9707.0	397
2008-10-07	20:30	9708.0	9774.0	9602.0	9607.0	434
2008-10-07	21:00	9603.0	9768.0	9592.0	9733.0	532
2008-10-07	21:30	9734.0	9795.0	9649.0	9662.0	455
2008-10-07	22:00	9665.0	9675.0	9551.0	9610.0	453
2008-10-07	22:30	9611.0	9649.0	9438.0	9450.0	457
2008-10-08	16:30	9351.0	9612.0	9218.0	9547.0	659
2008-10-08	17:00	9555.0	9623.0	9359.0	9393.0	575
2008-10-08	17:30	9398.0	9442.0	9259.0	9344.0	602
2008-10-08	18:00	9343.0	9433.0	9278.0	9382.0	506
2008-10-08	18:30	9380.0	9380.0	9242.0	9338.0	447
2008-10-08	19:00	9335.0	9335.0	9211.0	9214.0	480
2008-10-08	19:30	9215.0	9309.0	9195.0	9272.0	437
2008-10-08	20:00	9271.0	9494.0	9271.0	9377.0	579
2008-10-08	20:30	9378.0	9578.0	9368.0	9574.0	451
2008-10-08	21:00	9572.0	9611.0	9512.0	9547.0	504
2008-10-08	21:30	9546.0	9579.0	9460.0	9530.0	418
2008-10-08	22:00	9529.0	9583.0	9440.0	9540.0	554
2008-10-08	22:30	9538.0	9593.0	9236.0	9236.0	601
2008-10-09	16:30	9285.0	9442.0	9285.0	9330.0	462
2008-10-09	17:00	9332.0	9360.0	9216.0	9223.0	441
2008-10-09	17:30	9222.0	9271.0	9151.0	9161.0	481
2008-10-09	18:00	9160.0	9211.0	9047.0	9148.0	493
2008-10-09	18:30	9151.0	9275.0	9139.0	9165.0	481
2008-10-09	19:00	9166.0	9231.0	9141.0	9184.0	310
2008-10-09	19:30	9183.0	9195.0	9107.0	9142.0	258
2008-10-09	20:00	9147.0	9244.0	9140.0	9202.0	326
2008-10-09	20:30	9213.0	9238.0	9127.0	9169.0	389
2008-10-09	21:00	9167.0	9187.0	9082.0	9105.0	305
2008-10-09	21:30	9104.0	9129.0	9040.0	9040.0	383
2008-10-09	22:00	9039.0	9039.0	8861.0	8872.0	472
2008-10-09	22:30	8871.0	8891.0	8595.0	8677.0	626
2008-10-10	16:30	8544.0	8544.0	7883.0	8326.0	876
2008-10-10	17:00	8327.0	8659.0	8313.0	8445.0	855
2008-10-10	17:30	8447.0	8469.0	8219.0	8300.0	695
2008-10-10	18:00	8302.0	8369.0	8184.0	8187.0	575
2008-10-10	18:30	8188.0	8254.0	8066.0	8147.0	506
2008-10-10	19:00	8144.0	8312.0	8136.0	8257.0	525
2008-10-10	19:30	8256.0	8338.0	8194.0	8277.0	550
2008-10-10	20:00	8278.0	8280.0	8131.0	8208.0	465
2008-10-10	20:30	8209.0	8211.0	7972.0	8085.0	486
2008-10-10	21:00	8087.0	8282.0	8023.0	8067.0	701
2008-10-10	21:30	8068.0	8209.0	8029.0	8114.0	608
2008-10-10	22:00	8112.0	8634.0	8098.0	8628.0	691
2008-10-10	22:30	8622.0	8886.0	8411.0	8541.0	760
2008-10-13	16:30	8466.0	8885.0	8466.0	8788.0	540
2008-10-13	17:00	8790.0	8884.0	8739.0	8876.0	433
2008-10-13	17:30	8882.0	8936.0	8868.0	8910.0	334
2008-10-13	18:00	8908.0	8952.0	8900.0	8949.0	281
2008-10-13	18:30	8948.0	8989.0	8934.0	8956.0	205
2008-10-13	19:00	8955.0	9020.0	8926.0	9017.0	207
2008-10-13	19:30	9016.0	9044.0	9006.0	9018.0	142
2008-10-13	20:00	9019.0	9038.0	9014.0	9033.0	136
2008-10-13	20:30	9034.0	9049.0	8983.0	8989.0	170
2008-10-13	21:00	8988.0	8999.0	8944.0	8947.0	239
2008-10-13	21:30	8944.0	9066.0	8939.0	9064.0	222
2008-10-13	22:00	9063.0	9170.0	9061.0	9144.0	305
2008-10-13	22:30	9141.0	9416.0	9130.0	9416.0	411
2008-10-14	16:30	9417.0	9781.0	9417.0	9492.0	657
2008-10-14	17:00	9491.0	9610.0	9448.0	9521.0	767
2008-10-14	17:30	9526.0	9550.0	9294.0	9429.0	555
2008-10-14	18:00	9425.0	9451.0	9301.0	9428.0	534
2008-10-14	18:30	9429.0	9500.0	9413.0	9448.0	377
2008-10-14	19:00	9441.0	9450.0	9368.0	9443.0	293
2008-10-14	19:30	9444.0	9508.0	9419.0	9430.0	273
2008-10-14	20:00	9431.0	9447.0	9380.0	9399.0	267
2008-10-14	20:30	9396.0	9446.0	9310.0	9327.0	333
2008-10-14	21:00	9326.0	9338.0	9158.0	9259.0	449
2008-10-14	21:30	9260.0	9281.0	9085.0	9127.0	506
2008-10-14	22:00	9126.0	9300.0	9109.0	9300.0	564
2008-10-14	22:30	9302.0	9379.0	9239.0	9318.0	583
2008-10-15	16:30	9275.0	9287.0	9041.0	9092.0	558
2008-10-15	17:00	9090.0	9090.0	8978.0	9012.0	452
2008-10-15	17:30	9010.0	9077.0	8936.0	8943.0	398
2008-10-15	18:00	8947.0	8986.0	8919.0	8954.0	328
2008-10-15	18:30	8953.0	9008.0	8946.0	8981.0	273
2008-10-15	19:00	8982.0	9018.0	8901.0	8926.0	305
2008-10-15	19:30	8927.0	9026.0	8927.0	8993.0	313
2008-10-15	20:00	8992.0	8992.0	8856.0	8872.0	330
2008-10-15	20:30	8873.0	8885.0	8777.0	8793.0	364
2008-10-15	21:00	8794.0	8828.0	8738.0	8819.0	408
2008-10-15	21:30	8821.0	8887.0	8785.0	8815.0	384
2008-10-15	22:00	8817.0	8931.0	8774.0	8812.0	589
2008-10-15	22:30	8814.0	8825.0	8531.0	8549.0	452
2008-10-16	16:30	8581.0	8713.0	8485.0	8653.0	702
2008-10-16	17:00	8652.0	8652.0	8399.0	8413.0	767
2008-10-16	17:30	8414.0	8440.0	8289.0	8292.0	615
2008-10-16	18:00	8290.0	8330.0	8199.0	8271.0	612
2008-10-16	18:30	8273.0	8485.0	8273.0	8451.0	581
2008-10-16	19:00	8448.0	8700.0	8383.0	8573.0	608
2008-10-16	19:30	8568.0	8616.0	8484.0	8502.0	657
2008-10-16	20:00	8500.0	8593.0	8474.0	8522.0	572
2008-10-16	20:30	8520.0	8643.0	8436.0	8597.0	485
2008-10-16	21:00	8596.0	8608.0	8462.0	8501.0	476
2008-10-16	21:30	8504.0	8684.0	8480.0	8630.0	501
2008-10-16	22:00	8631.0	8864.0	8611.0	8824.0	618
2008-10-16	22:30	8826.0	9006.0	8731.0	8979.0	538
2008-10-17	16:30	8951.0	8951.0	8719.0	8932.0	667
2008-10-17	17:00	8941.0	8962.0	8827.0	8921.0	544
2008-10-17	17:30	8922.0	9002.0	8845.0	8964.0	468
2008-10-17	18:00	8963.0	9045.0	8911.0	8921.0	444
2008-10-17	18:30	8918.0	8948.0	8889.0	8934.0	363
2008-10-17	19:00	8933.0	8994.0	8931.0	8988.0	237
2008-10-17	19:30	8994.0	9140.0	8951.0	9122.0	291
2008-10-17	20:00	9123.0	9187.0	9096.0	9171.0	425
2008-10-17	20:30	9172.0	9276.0	9166.0	9191.0	424
2008-10-17	21:00	9192.0	9257.0	9075.0	9096.0	411
2008-10-17	21:30	9101.0	9146.0	8988.0	9068.0	531
2008-10-17	22:00	9070.0	9141.0	8873.0	8967.0	638
2008-10-17	22:30	8970.0	9028.0	8836.0	8847.0	603
2008-10-20	16:30	8888.0	9036.0	8888.0	9032.0	459
2008-10-20	17:00	9035.0	9097.0	8975.0	8975.0	438
2008-10-20	17:30	8980.0	9059.0	8956.0	8990.0	350
2008-10-20	18:00	8991.0	8992.0	8882.0	8956.0	346
2008-10-20	18:30	8958.0	9028.0	8928.0	9006.0	325
2008-10-20	19:00	9004.0	9054.0	8981.0	9020.0	250
2008-10-20	19:30	9021.0	9047.0	8987.0	9009.0	280
2008-10-20	20:00	9008.0	9063.0	8972.0	9051.0	188
2008-10-20	20:30	9052.0	9076.0	9035.0	9050.0	220
2008-10-20	21:00	9048.0	9114.0	9036.0	9049.0	257
2008-10-20	21:30	9050.0	9106.0	9016.0	9102.0	284
2008-10-20	22:00	9104.0	9134.0	9071.0	9112.0	355
2008-10-20	22:30	9111.0	9261.0	9082.0	9256.0	348
2008-10-21	16:30	9248.0	9248.0	9117.0	9181.0	456
2008-10-21	17:00	9187.0	9279.0	9166.0	9240.0	386
2008-10-21	17:30	9239.0	9239.0	9175.0	9179.0	263
2008-10-21	18:00	9178.0	9215.0	9165.0	9171.0	246
2008-10-21	18:30	9170.0	9200.0	9046.0	9053.0	220
2008-10-21	19:00	9052.0	9086.0	9021.0	9066.0	345
2008-10-21	19:30	9067.0	9104.0	9004.0	9004.0	257
2008-10-21	20:00	9003.0	9124.0	9003.0	9097.0	249
2008-10-21	20:30	9093.0	9145.0	9073.0	9103.0	279
2008-10-21	21:00	9104.0	9221.0	9104.0	9221.0	277
2008-10-21	21:30	9224.0	9278.0	9196.0	9210.0	330
2008-10-21	22:00	9213.0	9270.0	9116.0	9116.0	420
2008-10-21	22:30	9115.0	9133.0	9010.0	9025.0	469
2008-10-22	16:30	9014.0	9014.0	8685.0	8688.0	451
2008-10-22	17:00	8684.0	8736.0	8623.0	8677.0	503
2008-10-22	17:30	8678.0	8797.0	8669.0	8785.0	403
2008-10-22	18:00	8786.0	8786.0	8701.0	8716.0	352
2008-10-22	18:30	8714.0	8781.0	8685.0	8742.0	286
2008-10-22	19:00	8743.0	8823.0	8724.0	8793.0	238
2008-10-22	19:30	8792.0	8792.0	8746.0	8757.0	182
2008-10-22	20:00	8755.0	8755.0	8645.0	8674.0	308
2008-10-22	20:30	8667.0	8700.0	8617.0	8688.0	330
2008-10-22	21:00	8687.0	8720.0	8633.0	8710.0	272
2008-10-22	21:30	8709.0	8709.0	8602.0	8656.0	347
2008-10-22	22:00	8655.0	8673.0	8547.0	8551.0	351
2008-10-22	22:30	8552.0	8562.0	8335.0	8542.0	601
2008-10-23	16:30	8531.0	8646.0	8393.0	8514.0	546
2008-10-23	17:00	8519.0	8613.0	8514.0	8541.0	569
2008-10-23	17:30	8540.0	8775.0	8526.0	8773.0	516
2008-10-23	18:00	8771.0	8791.0	8665.0	8678.0	351
2008-10-23	18:30	8681.0	8748.0	8648.0	8707.0	325
2008-10-23	19:00	8705.0	8705.0	8485.0	8496.0	345
2008-10-23	19:30	8499.0	8541.0	8425.0	8441.0	448
2008-10-23	20:00	8440.0	8531.0	8394.0	8415.0	496
2008-10-23	20:30	8413.0	8478.0	8374.0	8407.0	484
2008-10-23	21:00	8405.0	8405.0	8243.0	8326.0	505
2008-10-23	21:30	8327.0	8445.0	8253.0	8318.0	565
2008-10-23	22:00	8319.0	8561.0	8282.0	8471.0	730
2008-10-23	22:30	8476.0	8719.0	8379.0	8693.0	673
2008-10-27	15:30	8370.0	8370.0	8205.0	8341.0	579
2008-10-27	16:00	8344.0	8445.0	8300.0	8331.0	458
2008-10-27	16:30	8329.0	8372.0	8255.0	8367.0	299
2008-10-27	17:00	8366.0	8452.0	8330.0	8363.0	326
2008-10-27	17:30	8366.0	8392.0	8323.0	8373.0	332
2008-10-27	18:00	8371.0	8468.0	8369.0	8384.0	381
2008-10-27	18:30	8385.0	8528.0	8371.0	8528.0	369
2008-10-27	19:00	8520.0	8550.0	8470.0	8550.0	306
2008-10-27	19:30	8553.0	8594.0	8511.0	8520.0	261
2008-10-27	20:00	8522.0	8534.0	8408.0	8412.0	294
2008-10-27	20:30	8411.0	8441.0	8340.0	8341.0	364
2008-10-27	21:00	8339.0	8443.0	8339.0	8386.0	394
2008-10-27	21:30	8389.0	8436.0	8142.0	8158.0	460
2008-10-28	15:30	8242.0	8501.0	8192.0	8463.0	435
2008-10-28	16:00	8452.0	8455.0	8340.0	8360.0	498
2008-10-28	16:30	8359.0	8367.0	8175.0	8200.0	403
2008-10-28	17:00	8202.0	8292.0	8202.0	8276.0	349
2008-10-28	17:30	8275.0	8364.0	8274.0	8306.0	318
2008-10-28	18:00	8303.0	8345.0	8279.0	8295.0	237
2008-10-28	18:30	8296.0	8406.0	8294.0	8395.0	254
2008-10-28	19:00	8394.0	8462.0	8381.0	8402.0	238
2008-10-28	19:30	8400.0	8407.0	8301.0	8325.0	241
2008-10-28	20:00	8323.0	8489.0	8319.0	8482.0	293
2008-10-28	20:30	8484.0	8665.0	8484.0	8626.0	442
2008-10-28	21:00	8627.0	8788.0	8576.0	8771.0	507
2008-10-28	21:30	8767.0	9076.0	8700.0	9064.0	533
2008-10-29	15:30	9059.0	9068.0	8967.0	9016.0	447
2008-10-29	16:00	9014.0	9152.0	8986.0	9117.0	419
2008-10-29	16:30	9116.0	9129.0	9009.0	9022.0	330
2008-10-29	17:00	9021.0	9084.0	9007.0	9069.0	311
2008-10-29	17:30	9068.0	9101.0	9054.0	9101.0	227
2008-10-29	18:00	9103.0	9119.0	9056.0	9119.0	183
2008-10-29	18:30	9120.0	9188.0	9114.0	9115.0	220
2008-10-29	19:00	9116.0	9149.0	9102.0	9129.0	192
2008-10-29	19:30	9130.0	9208.0	9130.0	9141.0	206
2008-10-29	20:00	9138.0	9176.0	8991.0	9048.0	504
2008-10-29	20:30	9049.0	9138.0	8939.0	9089.0	594
2008-10-29	21:00	9088.0	9346.0	9036.0	9278.0	557
2008-10-29	21:30	9275.0	9358.0	8891.0	8909.0	646
2008-10-30	15:30	9043.0	9262.0	9043.0	9157.0	438
2008-10-30	16:00	9159.0	9220.0	9112.0	9112.0	365
2008-10-30	16:30	9113.0	9132.0	9036.0	9097.0	328
2008-10-30	17:00	9095.0	9158.0	9058.0	9067.0	305
2008-10-30	17:30	9068.0	9096.0	8976.0	9002.0	356
2008-10-30	18:00	9000.0	9066.0	8993.0	9041.0	288
2008-10-30	18:30	9047.0	9102.0	9036.0	9038.0	250
2008-10-30	19:00	9037.0	9143.0	9021.0	9069.0	241
2008-10-30	19:30	9070.0	9125.0	9044.0	9109.0	262
2008-10-30	20:00	9108.0	9199.0	9097.0	9170.0	333
2008-10-30	20:30	9171.0	9202.0	9126.0	9160.0	352
2008-10-30	21:00	9154.0	9223.0	9058.0	9129.0	413
2008-10-30	21:30	9131.0	9230.0	9017.0	9184.0	583
2008-10-31	15:30	9186.0	9190.0	9119.0	9166.0	387
2008-10-31	16:00	9165.0	9230.0	9165.0	9206.0	330
2008-10-31	16:30	9207.0	9232.0	9152.0	9185.0	270
2008-10-31	17:00	9189.0	9292.0	9189.0	9276.0	288
2008-10-31	17:30	9274.0	9301.0	9240.0	9261.0	252
2008-10-31	18:00	9262.0	9262.0	9214.0	9242.0	201
2008-10-31	18:30	9235.0	9270.0	9206.0	9261.0	187
2008-10-31	19:00	9259.0	9374.0	9256.0	9353.0	226
2008-10-31	19:30	9354.0	9421.0	9345.0	9359.0	270
2008-10-31	20:00	9358.0	9400.0	9308.0	9357.0	253
2008-10-31	20:30	9359.0	9411.0	9321.0	9400.0	328
2008-10-31	21:00	9402.0	9449.0	9268.0	9291.0	449
2008-10-31	21:30	9286.0	9370.0	9203.0	9340.0	550
2008-11-03	16:30	9318.0	9405.0	9291.0	9345.0	322
2008-11-03	17:00	9342.0	9376.0	9293.0	9293.0	333
2008-11-03	17:30	9286.0	9369.0	9278.0	9344.0	221
2008-11-03	18:00	9347.0	9354.0	9304.0	9326.0	194
2008-11-03	18:30	9329.0	9385.0	9329.0	9375.0	139
2008-11-03	19:00	9376.0	9376.0	9351.0	9369.0	143
2008-11-03	19:30	9368.0	9380.0	9331.0	9338.0	116
2008-11-03	20:00	9337.0	9363.0	9327.0	9328.0	94
2008-11-03	20:30	9327.0	9344.0	9296.0	9304.0	114
2008-11-03	21:00	9308.0	9308.0	9263.0	9293.0	163
2008-11-03	21:30	9294.0	9320.0	9275.0	9275.0	148
2008-11-03	22:00	9274.0	9301.0	9254.0	9291.0	256
2008-11-03	22:30	9294.0	9362.0	9284.0	9322.0	264
2008-11-04	16:30	9355.0	9516.0	9355.0	9452.0	335
2008-11-04	17:00	9446.0	9535.0	9437.0	9533.0	247
2008-11-04	17:30	9532.0	9603.0	9531.0	9579.0	234
2008-11-04	18:00	9580.0	9622.0	9580.0	9604.0	179
2008-11-04	18:30	9603.0	9628.0	9573.0	9612.0	165
2008-11-04	19:00	9611.0	9616.0	9581.0	9583.0	126
2008-11-04	19:30	9582.0	9589.0	9558.0	9568.0	108
2008-11-04	20:00	9567.0	9591.0	9553.0	9591.0	133
2008-11-04	20:30	9590.0	9619.0	9571.0	9584.0	174
2008-11-04	21:00	9581.0	9584.0	9513.0	9554.0	186
2008-11-04	21:30	9553.0	9563.0	9477.0	9501.0	205
2008-11-04	22:00	9500.0	9532.0	9459.0	9521.0	263
2008-11-04	22:30	9522.0	9649.0	9522.0	9617.0	388
2008-11-05	16:30	9573.0	9573.0	9422.0	9443.0	304
2008-11-05	17:00	9439.0	9528.0	9431.0	9526.0	276
2008-11-05	17:30	9530.0	9547.0	9487.0	9488.0	226
2008-11-05	18:00	9490.0	9512.0	9472.0	9474.0	176
2008-11-05	18:30	9469.0	9469.0	9408.0	9435.0	209
2008-11-05	19:00	9436.0	9446.0	9351.0	9351.0	198
2008-11-05	19:30	9352.0	9368.0	9293.0	9336.0	207
2008-11-05	20:00	9337.0	9360.0	9315.0	9333.0	205
2008-11-05	20:30	9332.0	9345.0	9288.0	9312.0	223
2008-11-05	21:00	9311.0	9332.0	9266.0	9293.0	235
2008-11-05	21:30	9289.0	9355.0	9288.0	9313.0	269
2008-11-05	22:00	9314.0	9353.0	9214.0	9234.0	313
2008-11-05	22:30	9233.0	9255.0	9110.0	9127.0	476
2008-11-06	16:30	9115.0	9150.0	9018.0	9051.0	426
2008-11-06	17:00	9052.0	9064.0	8974.0	8983.0	350
2008-11-06	17:30	8986.0	8988.0	8907.0	8943.0	354
2008-11-06	18:00	8944.0	8960.0	8856.0	8888.0	287
2008-11-06	18:30	8889.0	8902.0	8839.0	8865.0	265
2008-11-06	19:00	8863.0	8883.0	8785.0	8785.0	313
2008-11-06	19:30	8786.0	8812.0	8753.0	8791.0	240
2008-11-06	20:00	8792.0	8798.0	8704.0	8747.0	302
2008-11-06	20:30	8745.0	8751.0	8683.0	8751.0	304
2008-11-06	21:00	8752.0	8814.0	8716.0	8725.0	314
2008-11-06	21:30	8726.0	8839.0	8726.0	8778.0	370
2008-11-06	22:00	8781.0	8799.0	8667.0	8677.0	389
2008-11-06	22:30	8678.0	8739.0	8637.0	8699.0	475
2008-11-07	16:30	8715.0	8828.0	8715.0	8763.0	399
2008-11-07	17:00	8769.0	8914.0	8769.0	8884.0	347
2008-11-07	17:30	8886.0	8929.0	8865.0	8869.0	294
2008-11-07	18:00	8871.0	8881.0	8778.0	8785.0	296
2008-11-07	18:30	8787.0	8875.0	8772.0	8874.0	260
2008-11-07	19:00	8875.0	8897.0	8835.0	8855.0	129
2008-11-07	19:30	8853.0	8890.0	8822.0	8879.0	172
2008-11-07	20:00	8885.0	8897.0	8846.0	8884.0	149
2008-11-07	20:30	8886.0	8889.0	8835.0	8889.0	129
2008-11-07	21:00	8890.0	8900.0	8861.0	8870.0	143
2008-11-07	21:30	8872.0	8952.0	8823.0	8823.0	276
2008-11-07	22:00	8819.0	8862.0	8752.0	8787.0	427
2008-11-07	22:30	8786.0	8956.0	8778.0	8952.0	403
2008-11-10	16:30	8959.0	9154.0	8959.0	9082.0	385
2008-11-10	17:00	9084.0	9122.0	9052.0	9084.0	238
2008-11-10	17:30	9085.0	9099.0	9006.0	9016.0	245
2008-11-10	18:00	9014.0	9025.0	8979.0	9016.0	182
2008-11-10	18:30	9017.0	9030.0	8920.0	8926.0	164
2008-11-10	19:00	8924.0	8951.0	8889.0	8890.0	162
2008-11-10	19:30	8888.0	8897.0	8824.0	8845.0	210
2008-11-10	20:00	8844.0	8886.0	8817.0	8881.0	181
2008-11-10	20:30	8882.0	8926.0	8855.0	8921.0	165
2008-11-10	21:00	8919.0	8940.0	8870.0	8878.0	218
2008-11-10	21:30	8877.0	8882.0	8813.0	8822.0	205
2008-11-10	22:00	8821.0	8853.0	8759.0	8786.0	381
2008-11-10	22:30	8785.0	8880.0	8761.0	8874.0	438
2008-11-11	16:30	8843.0	8843.0	8609.0	8623.0	341
2008-11-11	17:00	8621.0	8668.0	8604.0	8645.0	305
2008-11-11	17:30	8644.0	8669.0	8594.0	8598.0	270
2008-11-11	18:00	8599.0	8632.0	8577.0	8610.0	205
2008-11-11	18:30	8609.0	8650.0	8585.0	8611.0	180
2008-11-11	19:00	8610.0	8613.0	8560.0	8572.0	166
2008-11-11	19:30	8574.0	8615.0	8567.0	8615.0	145
2008-11-11	20:00	8617.0	8640.0	8595.0	8606.0	169
2008-11-11	20:30	8607.0	8715.0	8583.0	8713.0	199
2008-11-11	21:00	8711.0	8832.0	8674.0	8830.0	422
2008-11-11	21:30	8829.0	8863.0	8684.0	8684.0	419
2008-11-11	22:00	8683.0	8774.0	8677.0	8725.0	404
2008-11-11	22:30	8724.0	8737.0	8599.0	8686.0	473
2008-11-12	16:30	8625.0	8625.0	8481.0	8537.0	375
2008-11-12	17:00	8536.0	8566.0	8458.0	8460.0	343
2008-11-12	17:30	8459.0	8471.0	8385.0	8418.0	445
2008-11-12	18:00	8416.0	8449.0	8377.0	8436.0	294
2008-11-12	18:30	8439.0	8457.0	8379.0	8429.0	212
2008-11-12	19:00	8428.0	8462.0	8399.0	8451.0	190
2008-11-12	19:30	8454.0	8486.0	8446.0	8485.0	172
2008-11-12	20:00	8483.0	8496.0	8400.0	8427.0	151
2008-11-12	20:30	8426.0	8436.0	8373.0	8397.0	181
2008-11-12	21:00	8398.0	8425.0	8358.0	8402.0	219
2008-11-12	21:30	8401.0	8437.0	8363.0	8363.0	231
2008-11-12	22:00	8360.0	8364.0	8294.0	8308.0	288
2008-11-12	22:30	8306.0	8350.0	8264.0	8290.0	375
2008-11-13	16:30	8309.0	8390.0	8220.0	8225.0	431
2008-11-13	17:00	8223.0	8406.0	8221.0	8359.0	412
2008-11-13	17:30	8360.0	8382.0	8259.0	8293.0	304
2008-11-13	18:00	8294.0	8312.0	8207.0	8290.0	347
2008-11-13	18:30	8294.0	8305.0	8231.0	8241.0	319
2008-11-13	19:00	8242.0	8261.0	8167.0	8182.0	255
2008-11-13	19:30	8185.0	8201.0	7972.0	7972.0	308
2008-11-13	20:00	7971.0	8114.0	7965.0	8114.0	439
2008-11-13	20:30	8116.0	8359.0	8116.0	8251.0	602
2008-11-13	21:00	8250.0	8442.0	8225.0	8422.0	628
2008-11-13	21:30	8417.0	8543.0	8361.0	8463.0	615
2008-11-13	22:00	8462.0	8590.0	8326.0	8590.0	631
2008-11-13	22:30	8606.0	8866.0	8590.0	8862.0	563
2008-11-14	16:30	8744.0	8815.0	8681.0	8788.0	435
2008-11-14	17:00	8789.0	8817.0	8645.0	8681.0	384
2008-11-14	17:30	8682.0	8682.0	8567.0	8588.0	380
2008-11-14	18:00	8584.0	8637.0	8545.0	8583.0	298
2008-11-14	18:30	8581.0	8585.0	8523.0	8538.0	258
2008-11-14	19:00	8536.0	8536.0	8471.0	8528.0	272
2008-11-14	19:30	8527.0	8606.0	8499.0	8586.0	266
2008-11-14	20:00	8584.0	8603.0	8493.0	8603.0	276
2008-11-14	20:30	8604.0	8661.0	8569.0	8617.0	354
2008-11-14	21:00	8615.0	8803.0	8598.0	8744.0	430
2008-11-14	21:30	8742.0	8895.0	8693.0	8881.0	494
2008-11-14	22:00	8887.0	8917.0	8766.0	8797.0	582
2008-11-14	22:30	8796.0	8805.0	8469.0	8486.0	570
2008-11-17	16:30	8483.0	8483.0	8322.0	8404.0	489
2008-11-17	17:00	8403.0	8406.0	8246.0	8285.0	409
2008-11-17	17:30	8283.0	8329.0	8263.0	8269.0	325
2008-11-17	18:00	8270.0	8378.0	8270.0	8325.0	232
2008-11-17	18:30	8324.0	8489.0	8316.0	8476.0	290
2008-11-17	19:00	8475.0	8536.0	8451.0	8522.0	362
2008-11-17	19:30	8525.0	8565.0	8469.0	8488.0	330
2008-11-17	20:00	8485.0	8486.0	8424.0	8460.0	270
2008-11-17	20:30	8461.0	8474.0	8384.0	8457.0	252
2008-11-17	21:00	8455.0	8497.0	8392.0	8395.0	339
2008-11-17	21:30	8400.0	8491.0	8379.0	8402.0	413
2008-11-17	22:00	8400.0	8473.0	8379.0	8427.0	439
2008-11-17	22:30	8426.0	8446.0	8253.0	8264.0	491
2008-11-18	16:30	8267.0	8350.0	8244.0	8302.0	448
2008-11-18	17:00	8300.0	8419.0	8252.0	8419.0	408
2008-11-18	17:30	8420.0	8427.0	8356.0	8377.0	370
2008-11-18	18:00	8378.0	8378.0	8324.0	8367.0	298
2008-11-18	18:30	8366.0	8473.0	8363.0	8466.0	286
2008-11-18	19:00	8465.0	8465.0	8370.0	8373.0	226
2008-11-18	20:00	8272.0	8273.0	8225.0	8270.0	189
2008-11-18	20:30	8271.0	8272.0	8151.0	8254.0	346
2008-11-18	21:00	8255.0	8258.0	8161.0	8236.0	366
2008-11-18	21:30	8233.0	8233.0	8106.0	8131.0	340
2008-11-18	22:00	8129.0	8315.0	8127.0	8256.0	510
2008-11-18	22:30	8257.0	8435.0	8182.0	8418.0	651
2008-11-19	16:30	8413.0	8475.0	8344.0	8372.0	427
2008-11-19	17:00	8370.0	8498.0	8366.0	8430.0	455
2008-11-19	17:30	8434.0	8434.0	8287.0	8293.0	385
2008-11-19	18:00	8292.0	8335.0	8233.0	8233.0	337
2008-11-19	18:30	8237.0	8275.0	8203.0	8253.0	341
2008-11-19	19:00	8251.0	8257.0	8185.0	8197.0	330
2008-11-19	19:30	8198.0	8271.0	8193.0	8260.0	251
2008-11-19	20:00	8263.0	8306.0	8194.0	8195.0	214
2008-11-19	20:30	8194.0	8276.0	8162.0	8252.0	244
2008-11-19	21:00	8251.0	8251.0	8164.0	8186.0	344
2008-11-19	21:30	8185.0	8289.0	8140.0	8255.0	440
2008-11-19	22:00	8251.0	8283.0	8112.0	8162.0	546
2008-11-19	22:30	8161.0	8185.0	7987.0	7992.0	505
2008-11-20	16:30	7989.0	7989.0	7816.0	7846.0	587
2008-11-20	17:00	7844.0	7875.0	7773.0	7865.0	598
2008-11-20	17:30	7867.0	8008.0	7826.0	7980.0	642
2008-11-20	18:00	7986.0	8052.0	7908.0	7943.0	603
2008-11-20	18:30	7947.0	7962.0	7901.0	7906.0	447
2008-11-20	19:00	7905.0	8073.0	7851.0	8068.0	445
2008-11-20	19:30	8067.0	8181.0	8051.0	8070.0	504
2008-11-20	20:00	8066.0	8081.0	7929.0	7956.0	541
2008-11-20	20:30	7955.0	8044.0	7900.0	8036.0	525
2008-11-20	21:00	8038.0	8051.0	7870.0	7871.0	431
2008-11-20	21:30	7874.0	7944.0	7827.0	7863.0	408
2008-11-20	22:00	7862.0	7913.0	7737.0	7763.0	518
2008-11-20	22:30	7762.0	7788.0	7507.0	7562.0	676
2008-11-21	16:30	7570.0	7718.0	7567.0	7588.0	562
2008-11-21	17:00	7591.0	7648.0	7547.0	7553.0	569
2008-11-21	17:30	7559.0	7661.0	7510.0	7524.0	481
2008-11-21	18:00	7525.0	7594.0	7449.0	7565.0	479
2008-11-21	18:30	7568.0	7659.0	7565.0	7575.0	345
2008-11-21	19:00	7576.0	7638.0	7547.0	7631.0	437
2008-11-21	19:30	7632.0	7712.0	7617.0	7633.0	350
2008-11-21	20:00	7634.0	7643.0	7556.0	7572.0	286
2008-11-21	20:30	7573.0	7615.0	7487.0	7488.0	306
2008-11-21	21:00	7487.0	7628.0	7474.0	7558.0	410
2008-11-21	21:30	7556.0	7587.0	7464.0	7519.0	499
2008-11-21	22:00	7520.0	7818.0	7520.0	7797.0	692
2008-11-21	22:30	7796.0	8067.0	7759.0	8048.0	700
2008-11-24	16:30	8062.0	8207.0	8062.0	8160.0	414
2008-11-24	17:00	8161.0	8324.0	8161.0	8324.0	413
2008-11-24	17:30	8326.0	8370.0	8307.0	8361.0	385
2008-11-24	18:00	8363.0	8378.0	8299.0	8345.0	344
2008-11-24	18:30	8346.0	8400.0	8323.0	8370.0	328
2008-11-24	19:00	8371.0	8384.0	8228.0	8232.0	322
2008-11-24	19:30	8233.0	8314.0	8227.0	8298.0	340
2008-11-24	20:00	8299.0	8327.0	8250.0	8308.0	289
2008-11-24	20:30	8306.0	8364.0	8271.0	8361.0	263
2008-11-24	21:00	8362.0	8365.0	8253.0	8351.0	372
2008-11-24	21:30	8352.0	8394.0	8308.0	8354.0	311
2008-11-24	22:00	8355.0	8484.0	8332.0	8483.0	414
2008-11-24	22:30	8484.0	8594.0	8331.0	8398.0	629
2008-11-25	16:30	8485.0	8562.0	8485.0	8522.0	437
2008-11-25	17:00	8536.0	8602.0	8507.0	8557.0	506
2008-11-25	17:30	8558.0	8563.0	8416.0	8437.0	322
2008-11-25	18:00	8438.0	8459.0	8358.0	8447.0	332
2008-11-25	18:30	8443.0	8489.0	8423.0	8460.0	317
2008-11-25	19:00	8461.0	8468.0	8369.0	8390.0	284
2008-11-25	19:30	8389.0	8408.0	8291.0	8316.0	325
2008-11-25	20:00	8317.0	8392.0	8297.0	8381.0	311
2008-11-25	20:30	8382.0	8419.0	8371.0	8371.0	249
2008-11-25	21:00	8370.0	8393.0	8281.0	8316.0	334
2008-11-25	21:30	8315.0	8456.0	8302.0	8449.0	345
2008-11-25	22:00	8448.0	8533.0	8399.0	8451.0	582
2008-11-25	22:30	8452.0	8548.0	8425.0	8479.0	644
2008-11-26	16:30	8426.0	8426.0	8310.0	8392.0	381
2008-11-26	17:00	8394.0	8449.0	8346.0	8439.0	342
2008-11-26	17:30	8440.0	8489.0	8397.0	8480.0	332
2008-11-26	18:00	8479.0	8549.0	8448.0	8517.0	290
2008-11-26	18:30	8514.0	8564.0	8501.0	8517.0	279
2008-11-26	19:00	8518.0	8532.0	8489.0	8532.0	198
2008-11-26	19:30	8530.0	8575.0	8521.0	8561.0	158
2008-11-26	20:00	8562.0	8596.0	8527.0	8553.0	207
2008-11-26	20:30	8552.0	8552.0	8511.0	8524.0	191
2008-11-26	21:00	8523.0	8581.0	8493.0	8569.0	201
2008-11-26	21:30	8571.0	8666.0	8571.0	8651.0	269
2008-11-26	22:00	8652.0	8698.0	8624.0	8688.0	321
2008-11-26	22:30	8690.0	8719.0	8646.0	8718.0	403
2008-11-28	16:30	8693.0	8749.0	8674.0	8727.0	225
2008-11-28	17:00	8726.0	8743.0	8695.0	8720.0	196
2008-11-28	17:30	8719.0	8727.0	8699.0	8727.0	169
2008-11-28	18:00	8726.0	8751.0	8705.0	8747.0	148
2008-11-28	18:30	8746.0	8778.0	8724.0	8772.0	167
2008-11-28	19:00	8775.0	8795.0	8765.0	8767.0	164
2008-11-28	19:30	8766.0	8823.0	8755.0	8823.0	211
2008-12-01	16:30	8797.0	8797.0	8465.0	8470.0	399
2008-12-01	17:00	8476.0	8498.0	8445.0	8450.0	320
2008-12-01	17:30	8448.0	8474.0	8427.0	8428.0	251
2008-12-01	18:00	8427.0	8450.0	8404.0	8407.0	217
2008-12-01	18:30	8408.0	8458.0	8407.0	8440.0	172
2008-12-01	19:00	8439.0	8452.0	8386.0	8388.0	223
2008-12-01	19:30	8391.0	8406.0	8364.0	8373.0	183
2008-12-01	20:00	8372.0	8424.0	8371.0	8398.0	144
2008-12-01	20:30	8396.0	8430.0	8361.0	8395.0	325
2008-12-01	21:00	8396.0	8401.0	8348.0	8395.0	347
2008-12-01	21:30	8394.0	8445.0	8372.0	8397.0	285
2008-12-01	22:00	8396.0	8407.0	8309.0	8319.0	307
2008-12-01	22:30	8315.0	8326.0	8141.0	8156.0	390
2008-12-02	16:30	8163.0	8233.0	8154.0	8174.0	416
2008-12-02	17:00	8176.0	8321.0	8170.0	8296.0	407
2008-12-02	17:30	8298.0	8362.0	8298.0	8321.0	334
2008-12-02	18:00	8326.0	8356.0	8289.0	8344.0	253
2008-12-02	18:30	8343.0	8388.0	8309.0	8375.0	285
2008-12-02	19:00	8379.0	8413.0	8364.0	8403.0	186
2008-12-02	19:30	8407.0	8413.0	8356.0	8379.0	181
2008-12-02	20:00	8378.0	8402.0	8360.0	8373.0	187
2008-12-02	20:30	8372.0	8372.0	8274.0	8280.0	249
2008-12-02	21:00	8279.0	8291.0	8143.0	8183.0	374
2008-12-02	21:30	8184.0	8268.0	8170.0	8266.0	357
2008-12-02	22:00	8264.0	8365.0	8181.0	8342.0	444
2008-12-02	22:30	8345.0	8432.0	8262.0	8428.0	612
2008-12-03	16:30	8387.0	8387.0	8233.0	8267.0	402
2008-12-03	17:00	8264.0	8353.0	8233.0	8352.0	344
2008-12-03	17:30	8353.0	8479.0	8347.0	8477.0	341
2008-12-03	18:00	8478.0	8548.0	8451.0	8478.0	325
2008-12-03	18:30	8479.0	8554.0	8470.0	8547.0	322
2008-12-03	19:00	8546.0	8546.0	8430.0	8471.0	284
2008-12-03	19:30	8472.0	8509.0	8458.0	8479.0	289
2008-12-03	20:00	8480.0	8486.0	8387.0	8389.0	222
2008-12-03	20:30	8386.0	8388.0	8290.0	8301.0	282
2008-12-03	21:00	8303.0	8443.0	8281.0	8430.0	468
2008-12-03	21:30	8434.0	8526.0	8434.0	8446.0	477
2008-12-03	22:00	8447.0	8494.0	8398.0	8469.0	526
2008-12-03	22:30	8470.0	8619.0	8441.0	8599.0	539
2008-12-04	16:30	8572.0	8591.0	8491.0	8559.0	411
2008-12-04	17:00	8560.0	8612.0	8515.0	8541.0	368
2008-12-04	17:30	8542.0	8627.0	8530.0	8615.0	342
2008-12-04	18:00	8618.0	8621.0	8547.0	8599.0	301
2008-12-04	18:30	8596.0	8596.0	8508.0	8547.0	284
2008-12-04	19:00	8548.0	8555.0	8475.0	8504.0	246
2008-12-04	19:30	8506.0	8550.0	8488.0	8524.0	232
2008-12-04	20:00	8523.0	8530.0	8477.0	8478.0	202
2008-12-04	20:30	8475.0	8576.0	8470.0	8551.0	214
2008-12-04	21:00	8550.0	8589.0	8538.0	8559.0	265
2008-12-04	21:30	8560.0	8608.0	8497.0	8507.0	299
2008-12-04	22:00	8502.0	8509.0	8305.0	8308.0	547
2008-12-04	22:30	8302.0	8394.0	8259.0	8370.0	606
2008-12-05	16:30	8349.0	8349.0	8217.0	8217.0	519
2008-12-05	17:00	8216.0	8224.0	8148.0	8179.0	410
2008-12-05	17:30	8178.0	8206.0	8120.0	8188.0	368
2008-12-05	18:00	8191.0	8206.0	8145.0	8152.0	281
2008-12-05	18:30	8151.0	8255.0	8138.0	8236.0	259
2008-12-05	19:00	8238.0	8265.0	8221.0	8262.0	286
2008-12-05	19:30	8261.0	8261.0	8177.0	8212.0	276
2008-12-05	20:00	8210.0	8298.0	8210.0	8254.0	228
2008-12-05	20:30	8255.0	8392.0	8255.0	8348.0	349
2008-12-05	21:00	8349.0	8381.0	8301.0	8340.0	357
2008-12-05	21:30	8341.0	8578.0	8326.0	8538.0	479
2008-12-05	22:00	8541.0	8595.0	8460.0	8564.0	636
2008-12-05	22:30	8563.0	8681.0	8561.0	8657.0	623
2008-12-08	16:30	8652.0	8907.0	8652.0	8841.0	383
2008-12-08	17:00	8842.0	8901.0	8822.0	8888.0	349
2008-12-08	17:30	8889.0	8971.0	8881.0	8964.0	276
2008-12-08	18:00	8965.0	8974.0	8925.0	8929.0	248
2008-12-08	18:30	8928.0	8952.0	8863.0	8871.0	230
2008-12-08	19:00	8873.0	8912.0	8851.0	8905.0	193
2008-12-08	19:30	8906.0	8916.0	8845.0	8861.0	224
2008-12-08	20:00	8863.0	8903.0	8842.0	8861.0	277
2008-12-08	20:30	8857.0	8863.0	8809.0	8850.0	296
2008-12-08	21:00	8848.0	8956.0	8844.0	8934.0	217
2008-12-08	21:30	8936.0	8994.0	8901.0	8994.0	332
2008-12-08	22:00	8998.0	9019.0	8968.0	8999.0	326
2008-12-08	22:30	9001.0	9022.0	8871.0	8911.0	506
2008-12-09	16:30	8912.0	8912.0	8766.0	8766.0	359
2008-12-09	17:00	8768.0	8877.0	8768.0	8841.0	345
2008-12-09	17:30	8846.0	8923.0	8846.0	8898.0	323
2008-12-09	18:00	8897.0	8919.0	8802.0	8802.0	233
2008-12-09	18:30	8801.0	8844.0	8791.0	8826.0	218
2008-12-09	19:00	8825.0	8867.0	8799.0	8814.0	255
2008-12-09	19:30	8816.0	8860.0	8808.0	8817.0	240
2008-12-09	20:00	8818.0	8839.0	8763.0	8763.0	217
2008-12-09	20:30	8766.0	8798.0	8742.0	8764.0	253
2008-12-09	21:00	8763.0	8763.0	8669.0	8682.0	289
2008-12-09	21:30	8680.0	8762.0	8664.0	8755.0	323
2008-12-09	22:00	8754.0	8791.0	8671.0	8677.0	491
2008-12-09	22:30	8675.0	8719.0	8652.0	8694.0	461
2008-12-10	16:30	8709.0	8805.0	8709.0	8733.0	381
2008-12-10	17:00	8735.0	8839.0	8732.0	8814.0	257
2008-12-10	17:30	8815.0	8826.0	8747.0	8764.0	273
2008-12-10	18:00	8767.0	8821.0	8754.0	8798.0	266
2008-12-10	18:30	8800.0	8851.0	8784.0	8832.0	238
2008-12-10	19:00	8833.0	8875.0	8785.0	8789.0	238
2008-12-10	19:30	8787.0	8802.0	8755.0	8764.0	195
2008-12-10	20:00	8763.0	8817.0	8757.0	8781.0	173
2008-12-10	20:30	8780.0	8786.0	8660.0	8683.0	235
2008-12-10	21:00	8682.0	8704.0	8645.0	8673.0	238
2008-12-10	21:30	8672.0	8719.0	8649.0	8699.0	323
2008-12-10	22:00	8700.0	8773.0	8691.0	8770.0	345
2008-12-10	22:30	8769.0	8791.0	8704.0	8758.0	315
2008-12-11	16:30	8718.0	8718.0	8617.0	8694.0	306
2008-12-11	17:00	8696.0	8775.0	8686.0	8760.0	326
2008-12-11	17:30	8759.0	8785.0	8735.0	8746.0	239
2008-12-11	18:00	8745.0	8776.0	8713.0	8717.0	165
2008-12-11	18:30	8718.0	8777.0	8709.0	8777.0	177
2008-12-11	19:00	8776.0	8805.0	8755.0	8756.0	162
2008-12-11	19:30	8755.0	8793.0	8753.0	8792.0	174
2008-12-11	20:00	8791.0	8791.0	8718.0	8728.0	148
2008-12-11	20:30	8729.0	8746.0	8694.0	8697.0	172
2008-12-11	21:00	8696.0	8718.0	8677.0	8692.0	148
2008-12-11	21:30	8691.0	8717.0	8593.0	8599.0	242
2008-12-11	22:00	8601.0	8601.0	8534.0	8564.0	319
2008-12-11	22:30	8565.0	8583.0	8512.0	8563.0	354
2008-12-12	16:30	8559.0	8559.0	8347.0	8467.0	488
2008-12-12	17:00	8468.0	8495.0	8411.0	8447.0	406
2008-12-12	17:30	8449.0	8519.0	8400.0	8516.0	343
2008-12-12	18:00	8515.0	8528.0	8468.0	8468.0	262
2008-12-12	18:30	8466.0	8482.0	8420.0	8459.0	204
2008-12-12	19:00	8463.0	8522.0	8463.0	8516.0	183
2008-12-12	19:30	8515.0	8625.0	8502.0	8611.0	233
2008-12-12	20:00	8609.0	8629.0	8536.0	8549.0	253
2008-12-12	20:30	8551.0	8556.0	8479.0	8511.0	231
2008-12-12	21:00	8506.0	8588.0	8497.0	8524.0	318
2008-12-12	21:30	8523.0	8629.0	8469.0	8617.0	387
2008-12-12	22:00	8615.0	8678.0	8550.0	8599.0	447
2008-12-12	22:30	8598.0	8638.0	8546.0	8629.0	435
2008-12-15	16:30	8627.0	8671.0	8580.0	8582.0	437
2008-12-15	17:00	8577.0	8588.0	8535.0	8560.0	381
2008-12-15	17:30	8559.0	8584.0	8519.0	8523.0	255
2008-12-15	18:00	8521.0	8563.0	8515.0	8558.0	255
2008-12-15	18:30	8556.0	8582.0	8538.0	8568.0	222
2008-12-15	19:00	8567.0	8598.0	8548.0	8592.0	165
2008-12-15	19:30	8593.0	8596.0	8538.0	8546.0	136
2008-12-15	20:00	8544.0	8554.0	8492.0	8546.0	206
2008-12-15	20:30	8545.0	8583.0	8542.0	8553.0	199
2008-12-15	21:00	8556.0	8588.0	8530.0	8530.0	197
2008-12-15	21:30	8529.0	8561.0	8506.0	8506.0	205
2008-12-15	22:00	8505.0	8523.0	8468.0	8489.0	213
2008-12-15	22:30	8488.0	8621.0	8468.0	8568.0	629
2008-12-16	16:30	8581.0	8674.0	8581.0	8645.0	482
2008-12-16	17:00	8647.0	8680.0	8638.0	8653.0	257
2008-12-16	17:30	8654.0	8656.0	8617.0	8649.0	201
2008-12-16	18:00	8650.0	8668.0	8650.0	8667.0	124
2008-12-16	18:30	8669.0	8696.0	8669.0	8685.0	138
2008-12-16	19:00	8684.0	8684.0	8657.0	8668.0	113
2008-12-16	19:30	8667.0	8679.0	8652.0	8652.0	130
2008-12-16	20:00	8651.0	8674.0	8646.0	8673.0	98
2008-12-16	20:30	8672.0	8682.0	8656.0	8663.0	127
2008-12-16	21:00	8662.0	8759.0	8659.0	8744.0	307
2008-12-16	21:30	8743.0	8826.0	8727.0	8808.0	562
2008-12-16	22:00	8811.0	8942.0	8763.0	8914.0	548
2008-12-16	22:30	8916.0	8953.0	8869.0	8929.0	517
2008-12-17	16:30	8903.0	8903.0	8801.0	8854.0	301
2008-12-17	17:00	8856.0	8862.0	8777.0	8803.0	238
2008-12-17	17:30	8804.0	8850.0	8789.0	8846.0	268
2008-12-17	18:00	8845.0	8860.0	8803.0	8808.0	177
2008-12-17	18:30	8810.0	8854.0	8790.0	8850.0	189
2008-12-17	19:00	8851.0	8894.0	8837.0	8880.0	144
2008-12-17	19:30	8879.0	8910.0	8857.0	8890.0	159
2008-12-17	20:00	8889.0	8922.0	8871.0	8901.0	196
2008-12-17	20:30	8900.0	8956.0	8900.0	8923.0	182
2008-12-17	21:00	8922.0	8957.0	8868.0	8869.0	220
2008-12-17	21:30	8871.0	8886.0	8834.0	8882.0	224
2008-12-17	22:00	8883.0	8918.0	8847.0	8858.0	269
2008-12-17	22:30	8860.0	8910.0	8812.0	8816.0	327
2008-12-18	16:30	8828.0	8878.0	8784.0	8796.0	286
2008-12-18	17:00	8801.0	8848.0	8801.0	8829.0	273
2008-12-18	17:30	8828.0	8853.0	8828.0	8837.0	179
2008-12-18	18:00	8838.0	8859.0	8785.0	8795.0	204
2008-12-18	18:30	8796.0	8819.0	8789.0	8817.0	102
2008-12-18	19:00	8819.0	8822.0	8766.0	8768.0	131
2008-12-18	19:30	8770.0	8789.0	8759.0	8779.0	121
2008-12-18	20:00	8780.0	8795.0	8763.0	8766.0	90
2008-12-18	20:30	8765.0	8773.0	8712.0	8718.0	150
2008-12-18	21:00	8720.0	8733.0	8629.0	8658.0	192
2008-12-18	21:30	8656.0	8714.0	8647.0	8690.0	240
2008-12-18	22:00	8689.0	8689.0	8526.0	8544.0	287
2008-12-18	22:30	8541.0	8637.0	8536.0	8605.0	369
2008-12-19	16:30	8604.0	8715.0	8604.0	8669.0	254
2008-12-19	17:00	8670.0	8768.0	8670.0	8764.0	233
2008-12-19	17:30	8765.0	8782.0	8728.0	8728.0	192
2008-12-19	18:00	8729.0	8737.0	8692.0	8694.0	196
2008-12-19	18:30	8695.0	8704.0	8611.0	8612.0	181
2008-12-19	19:00	8613.0	8618.0	8579.0	8617.0	211
2008-12-19	19:30	8618.0	8639.0	8599.0	8610.0	154
2008-12-19	20:00	8609.0	8653.0	8609.0	8647.0	136
2008-12-19	20:30	8649.0	8674.0	8617.0	8626.0	133
2008-12-19	21:00	8625.0	8651.0	8596.0	8609.0	175
2008-12-19	21:30	8610.0	8660.0	8597.0	8608.0	197
2008-12-19	22:00	8609.0	8612.0	8549.0	8590.0	259
2008-12-19	22:30	8591.0	8597.0	8550.0	8567.0	261
2008-12-22	16:30	8573.0	8597.0	8551.0	8576.0	248
2008-12-22	17:00	8575.0	8578.0	8523.0	8543.0	152
2008-12-22	17:30	8544.0	8574.0	8539.0	8568.0	126
2008-12-22	18:00	8567.0	8567.0	8523.0	8526.0	126
2008-12-22	18:30	8525.0	8527.0	8489.0	8527.0	137
2008-12-22	19:00	8525.0	8529.0	8500.0	8511.0	123
2008-12-22	19:30	8510.0	8558.0	8501.0	8544.0	121
2008-12-22	20:00	8543.0	8563.0	8531.0	8546.0	150
2008-12-22	20:30	8545.0	8548.0	8495.0	8508.0	133
2008-12-22	21:00	8506.0	8517.0	8435.0	8446.0	183
2008-12-22	21:30	8447.0	8484.0	8426.0	8429.0	201
2008-12-22	22:00	8428.0	8441.0	8371.0	8379.0	233
2008-12-22	22:30	8380.0	8521.0	8376.0	8518.0	325
2008-12-23	16:30	8524.0	8597.0	8524.0	8573.0	208
2008-12-23	17:00	8566.0	8580.0	8516.0	8559.0	211
2008-12-23	17:30	8560.0	8594.0	8549.0	8549.0	189
2008-12-23	18:00	8548.0	8557.0	8498.0	8500.0	145
2008-12-23	18:30	8501.0	8527.0	8475.0	8475.0	116
2008-12-23	19:00	8477.0	8479.0	8449.0	8465.0	141
2008-12-23	19:30	8466.0	8476.0	8434.0	8469.0	129
2008-12-23	20:00	8466.0	8476.0	8451.0	8466.0	132
2008-12-23	20:30	8467.0	8496.0	8450.0	8491.0	107
2008-12-23	21:00	8490.0	8498.0	8473.0	8479.0	117
2008-12-23	21:30	8480.0	8485.0	8397.0	8418.0	205
2008-12-23	22:00	8417.0	8450.0	8390.0	8436.0	259
2008-12-23	22:30	8437.0	8458.0	8405.0	8420.0	232
2008-12-26	16:30	8483.0	8512.0	8476.0	8504.0	115
2008-12-26	17:00	8505.0	8528.0	8505.0	8512.0	73
2008-12-26	17:30	8511.0	8512.0	8493.0	8504.0	57
2008-12-26	18:00	8503.0	8508.0	8490.0	8491.0	52
2008-12-26	18:30	8492.0	8500.0	8491.0	8496.0	51
2008-12-26	19:00	8495.0	8503.0	8481.0	8481.0	48
2008-12-26	19:30	8480.0	8489.0	8461.0	8469.0	63
2008-12-26	20:00	8468.0	8476.0	8466.0	8472.0	48
2008-12-26	20:30	8477.0	8491.0	8476.0	8479.0	60
2008-12-26	21:00	8478.0	8487.0	8474.0	8478.0	55
2008-12-26	21:30	8477.0	8496.0	8477.0	8495.0	68
2008-12-26	22:00	8494.0	8529.0	8488.0	8525.0	77
2008-12-26	22:30	8524.0	8528.0	8501.0	8508.0	103
2008-12-29	16:30	8512.0	8526.0	8495.0	8503.0	116
2008-12-29	17:00	8502.0	8503.0	8444.0	8454.0	117
2008-12-29	17:30	8453.0	8455.0	8429.0	8430.0	72
2008-12-29	18:00	8428.0	8428.0	8413.0	8422.0	79
2008-12-29	18:30	8423.0	8435.0	8420.0	8427.0	68
2008-12-29	19:00	8428.0	8439.0	8419.0	8420.0	69
2008-12-29	19:30	8419.0	8422.0	8386.0	8386.0	81
2008-12-29	20:00	8385.0	8386.0	8362.0	8363.0	96
2008-12-29	20:30	8364.0	8411.0	8364.0	8407.0	100
2008-12-29	21:00	8408.0	8411.0	8382.0	8409.0	100
2008-12-29	21:30	8408.0	8428.0	8393.0	8422.0	116
2008-12-29	22:00	8423.0	8454.0	8423.0	8437.0	176
2008-12-29	22:30	8438.0	8477.0	8411.0	8477.0	212
2008-12-30	16:30	8512.0	8552.0	8501.0	8506.0	156
2008-12-30	17:00	8504.0	8557.0	8490.0	8555.0	132
2008-12-30	17:30	8556.0	8566.0	8542.0	8542.0	80
2008-12-30	18:00	8543.0	8575.0	8537.0	8575.0	102
2008-12-30	18:30	8577.0	8628.0	8577.0	8623.0	107
2008-12-30	19:00	8622.0	8635.0	8607.0	8615.0	95
2008-12-30	19:30	8614.0	8617.0	8581.0	8606.0	159
2008-12-30	20:00	8605.0	8607.0	8570.0	8589.0	86
2008-12-30	20:30	8588.0	8602.0	8569.0	8576.0	95
2008-12-30	21:00	8575.0	8604.0	8561.0	8604.0	124
2008-12-30	21:30	8603.0	8611.0	8582.0	8582.0	99
2008-12-30	22:00	8583.0	8598.0	8559.0	8594.0	132
2008-12-30	22:30	8593.0	8671.0	8588.0	8668.0	194